Workbook

Sheet board
A1: name | B1: position | C1: pick | D1: team | E1: school | F1: Grade | G1: 44153 | H1: height (in) | I1: weight | J1: wingspan (in) | K1: reach (in) | L1: Ape | M1: Ape Formula | N1: ++ | O1: + | P1: - | Q1: -- | R1: grade | S1: me | U1: ref_link | V1: nba_link | W1: birthday | X1: zamir | Y1: ringer | Z1: Dean | AA1: vecenie | AB1: espn | AC1: height | AD1: weight | AE1: wingspan | AF1: reach
A2: Onyeka Okongwu | B2: PF | C2: =IFERROR(INDEX(actual!A:A,MATCH(A2,actual!B:B,FALSE)), "") -> 6 | D2: =IFERROR(INDEX(actual!C:C,MATCH(A2,actual!B:B,FALSE)), "") -> ATL | E2: USC | F2: Freshman | G2: =YEARFRAC(W2, $G$1, 1) -> 19.93508 | H2: =IFERROR(LEFT(AC2,FIND("'",AC2)-1)*12+SUBSTITUTE(MID(AC2,FIND("'",AC2)+1,LEN(AC2)),"''",""), "") -> 81 | I2: =AD2 -> 245 | J2: =IFERROR(LEFT(AE2,FIND("'",AE2)-1)*12+SUBSTITUTE(MID(AE2,FIND("'",AE2)+1,LEN(AE2)),"''",""), "") -> 85 | K2: =IFERROR(LEFT(AF2,FIND("'",AF2)-1)*12+SUBSTITUTE(MID(AF2,FIND("'",AF2)+1,LEN(AF2)),"''",""), "") | L2: =IFERROR(IF(AND(J2-H2>= 0, J2 > 0), "+", ""),"") & IFERROR(IF(AND(J2-H2>= -5, J2 > 0), J2-H2, ""),"") -> +4 | M2: =IF(H2>0, IFERROR((J2-60)/(H2-60),""), "") -> 1.1904762 | N2: defensive versatility | O2: finishing, playmaking as a big, motor, shooting | P2: may not be quite big enough to hang with elite Centers | R2: 57 | S2: 1 | T2: =IF(R2=R1,T1, MAX(T$1:T1)+1) -> 1 | U2: https://www.sports-reference.com/cbb/players/onyeka-okongwu-1.html | V2: https://www.nba.com/draft/2020/prospects/onyeka-okongwu#/ | W2: 36871 | X2: 3 | Y2: 5 | Z2: 1 | AA2: 5 | AB2: 5 | AC2: =IFERROR(INDEX('ringer measureables'!$A:$J,MATCH($A2,'ringer measureables'!$A:$A,FALSE),7), "") -> 6'9 | AD2: =IFERROR(INDEX('ringer measureables'!$A:$J,MATCH($A2,'ringer measureables'!$A:$A,FALSE),9), "") -> 245 | AE2: =IFERROR(INDEX('ringer measureables'!$A:$J,MATCH($A2,'ringer measureables'!$A:$A,FALSE),10), "") -> 7'1 | AF2: =IFERROR(INDEX('ringer measureables'!$A:$J,MATCH($A2,'ringer measureables'!$A:$A,FALSE),8), "") -> 0 | AG2: =AG1 & IF(T2=T1, "", IF(T2=1, " <!-- rankings --> ", " </ol> " ) & "<h2> Tier " & T2 & " (~" & IF(MOD(R2, 5)=0, R2, FLOOR(R2, 5) & "+") & " FV)</h2> <ol start='" & S2 & " '> " ) & " <li><b><a target='_blank' href='" & V2 & "'>" & A2 & "</a></b> - <i>" & B2 & " - <a target='_blank' href='" & U2 & "'>" & E2 & "</a></b> </i></li> <ul style='list-style-type:none'>" & IF(F2 <> "", " <li>Grade: " & F2 & " </li>", "") & IF(G2 <> "", " <li>Age: " & ROUND(G2,1) & " </li>", "") & IF(H2 <> "", " <li>Height: " & H2 & " in </li>", "") & IF(I2 <> "", " <li>Weight: " & I2 & " lbs </li>", "") & IF(J2 <> "", " <li>Wingspan: " & J2 & " in </li>", "") & IF(K2 <> "", " <li>Reach: " & K2 & " in </li>", "") & IF(L2 <> "", " <li>Ape: " & L2 & " </li>", "") & IF(N2 <> "", " <li>++: " & N2 & " </li>", "") & IF(O2 <> "", " <li>+: " & O2 & " </li>", "") & IF(P2 <> "", " <li>-: " & P2 & " </li>", "") & IF(Q2 <> "", " <li>--: " & Q2 & " </li>", "") & " </ul> <br>" & IF(T3="", " </ol> <!-- # end of rankings --> ", "") -> <!-- rankings --> <h2> Tier 1 (~55+ FV)</h2> <ol start='1 '> <li><b><a target='_blank' href='https://www.nba.com/draft/2020/prospects/onyeka-okongwu#/'>Onyeka Okongwu</a></b> - <i>PF - <a target='_blank' href='https://www.sports-reference.com/cbb/players/onyeka-okongwu-1.html'>USC</a></b> </i></li> <ul style='list-style-type:none'> <li>Grade: Freshman </li> <li>Age: 19.9 </li> <li>Height: 81 in </li> <li>Weight: 245 lbs </li> <li>Wingspan: 85 in </li> <li>Ape: +4 </li> <li>++: defensive versatility </li> <li>+: finishing, playmaking as a big, motor, shooting </li> <li>-: may not be quite big enough to hang with elite Centers </li> </ul> <br>
A3: LaMelo Ball | B3: PG | C3: =IFERROR(INDEX(actual!A:A,MATCH(A3,actual!B:B,FALSE)), "") -> 3 | D3: =IFERROR(INDEX(actual!C:C,MATCH(A3,actual!B:B,FALSE)), "") -> CHA | E3: Illawarra Hawks (Australia) | G3: =YEARFRAC(W3, $G$1, 1) -> 19.241615 | H3: =IFERROR(LEFT(AC3,FIND("'",AC3)-1)*12+SUBSTITUTE(MID(AC3,FIND("'",AC3)+1,LEN(AC3)),"''",""), "") -> 79 | I3: =AD3 -> 190 | J3: =IFERROR(LEFT(AE3,FIND("'",AE3)-1)*12+SUBSTITUTE(MID(AE3,FIND("'",AE3)+1,LEN(AE3)),"''",""), "") -> 82 | K3: =IFERROR(LEFT(AF3,FIND("'",AF3)-1)*12+SUBSTITUTE(MID(AF3,FIND("'",AF3)+1,LEN(AF3)),"''",""), "") | L3: =IFERROR(IF(AND(J3-H3>= 0, J3 > 0), "+", ""),"") & IFERROR(IF(AND(J3-H3>= -5, J3 > 0), J3-H3, ""),"") -> +3 | M3: =IF(H3>0, IFERROR((J3-60)/(H3-60),""), "") -> 1.1578947 | N3: age, primary ball handling, passing | O3: size, rebounding | P3: effort, decision making | Q3: finishing, shot selection | R3: 57 | S3: 2 | T3: =IF(R3=R2,T2, MAX(T$1:T2)+1) -> 1 | U3: https://www.basketball-reference.com/international/players/lamelo-ball-1.html | V3: https://www.nba.com/draft/2020/prospects/lamelo-ball#/ | W3: 37125 | X3: 2 | Y3: 3 | Z3: 4 | AA3: 1 | AB3: 1 | AC3: =IFERROR(INDEX('ringer measureables'!$A:$J,MATCH($A3,'ringer measureables'!$A:$A,FALSE),7), "") -> 6'7 | AD3: =IFERROR(INDEX('ringer measureables'!$A:$J,MATCH($A3,'ringer measureables'!$A:$A,FALSE),9), "") -> 190 | AE3: =IFERROR(INDEX('ringer measureables'!$A:$J,MATCH($A3,'ringer measureables'!$A:$A,FALSE),10), "") -> 6'10 | AF3: =IFERROR(INDEX('ringer measureables'!$A:$J,MATCH($A3,'ringer measureables'!$A:$A,FALSE),8), "") -> 0 | AG3: =AG2 & IF(T3=T2, "", IF(T3=1, " <!-- rankings --> ", " </ol> " ) & "<h2> Tier " & T3 & " (~" & IF(MOD(R3, 5)=0, R3, FLOOR(R3, 5) & "+") & " FV)</h2> <ol start='" & S3 & " '> " ) & " <li><b><a target='_blank' href='" & V3 & "'>" & A3 & "</a></b> - <i>" & B3 & " - <a target='_blank' href='" & U3 & "'>" & E3 & "</a></b> </i></li> <ul style='list-style-type:none'>" & IF(F3 <> "", " <li>Grade: " & F3 & " </li>", "") & IF(G3 <> "", " <li>Age: " & ROUND(G3,1) & " </li>", "") & IF(H3 <> "", " <li>Height: " & H3 & " in </li>", "") & IF(I3 <> "", " <li>Weight: " & I3 & " lbs </li>", "") & IF(J3 <> "", " <li>Wingspan: " & J3 & " in </li>", "") & IF(K3 <> "", " <li>Reach: " & K3 & " in </li>", "") & IF(L3 <> "", " <li>Ape: " & L3 & " </li>", "") & IF(N3 <> "", " <li>++: " & N3 & " </li>", "") & IF(O3 <> "", " <li>+: " & O3 & " </li>", "") & IF(P3 <> "", " <li>-: " & P3 & " </li>", "") & IF(Q3 <> "", " <li>--: " & Q3 & " </li>", "") & " </ul> <br>" & IF(T4="", " </ol> <!-- # end of rankings --> ", "") -> <!-- rankings --> <h2> Tier 1 (~55+ FV)</h2> <ol start='1 '> <li><b><a target='_blank' href='https://www.nba.com/draft/2020/prospects/onyeka-okongwu#/'>Onyeka Okongwu</a></b> - <i>PF - <a target='_blank' href='https://www.sports-reference.com/cbb/players/onyeka-okongwu-1.html'>USC</a></b> </i></li> <ul style='list-style-type:none'> <li>Grade: Freshman </li> <li>Age: 19.9 </li> <li>Height: 81 in </li> <li>Weight: 245 lbs </li> <li>Wingspan: 85 in </li> <li>Ape: +4 </li> <li>++: defensive versatility </li> <li>+: finishing, playmaking as a big, motor, shooting </li> <li>-: may not be quite big enough to hang with elite Centers </li> </ul> <br> <li><b><a target='_blank' href='https://www.nba.com/draft/2020/prospects/lamelo-ball#/'>LaMelo Ball</a></b> - <i>PG - <a target='_blank' href='https://www.basketball-reference.com/international/players/lamelo-ball-1.html'>Illawarra Hawks (Australia)</a></b> </i></li> <ul style='list-style-type:none'> <li>Age: 19.2 </li> <li>Height: 79 in </li> <li>Weight: 190 lbs </li> <li>Wingspan: 82 in </li> <li>Ape: +3 </li> <li>++: age, primary ball handling, passing </li> <li>+: size, rebounding </li> <li>-: effort, decision making </li> <li>--: finishing, shot selection </li> </ul> <br>
A4: Anthony Edwards | B4: SG | C4: =IFERROR(INDEX(actual!A:A,MATCH(A4,actual!B:B,FALSE)), "") -> 1 | D4: =IFERROR(INDEX(actual!C:C,MATCH(A4,actual!B:B,FALSE)), "") -> MIN | E4: Georgia | F4: Freshman | G4: =YEARFRAC(W4, $G$1, 1) -> 19.288159 | H4: =IFERROR(LEFT(AC4,FIND("'",AC4)-1)*12+SUBSTITUTE(MID(AC4,FIND("'",AC4)+1,LEN(AC4)),"''",""), "") -> 77 | I4: =AD4 -> 225 | J4: =IFERROR(LEFT(AE4,FIND("'",AE4)-1)*12+SUBSTITUTE(MID(AE4,FIND("'",AE4)+1,LEN(AE4)),"''",""), "") -> 81 | K4: =IFERROR(LEFT(AF4,FIND("'",AF4)-1)*12+SUBSTITUTE(MID(AF4,FIND("'",AF4)+1,LEN(AF4)),"''",""), "") | L4: =IFERROR(IF(AND(J4-H4>= 0, J4 > 0), "+", ""),"") & IFERROR(IF(AND(J4-H4>= -5, J4 > 0), J4-H4, ""),"") -> +4 | M4: =IF(H4>0, IFERROR((J4-60)/(H4-60),""), "") -> 1.2352941 | N4: age, strength, athleticism, frame | O4: ape, shot creation | P4: playmaking, effort, basketball IQ | Q4: shot selection | R4: 57 | S4: 3 | T4: =IF(R4=R3,T3, MAX(T$1:T3)+1) -> 1 | U4: https://www.sports-reference.com/cbb/players/anthony-edwards-2.html | V4: https://www.nba.com/draft/2020/prospects/atnhony-edwards#/ | W4: 37108 | X4: 2 | Y4: 2 | Z4: 3 | AA4: 3 | AB4: 2 | AC4: =IFERROR(INDEX('ringer measureables'!$A:$J,MATCH($A4,'ringer measureables'!$A:$A,FALSE),7), "") -> 6'5 | AD4: =IFERROR(INDEX('ringer measureables'!$A:$J,MATCH($A4,'ringer measureables'!$A:$A,FALSE),9), "") -> 225 | AE4: =IFERROR(INDEX('ringer measureables'!$A:$J,MATCH($A4,'ringer measureables'!$A:$A,FALSE),10), "") -> 6'9 | AF4: =IFERROR(INDEX('ringer measureables'!$A:$J,MATCH($A4,'ringer measureables'!$A:$A,FALSE),8), "") -> 0 | AG4: =AG3 & IF(T4=T3, "", IF(T4=1, " <!-- rankings --> ", " </ol> " ) & "<h2> Tier " & T4 & " (~" & IF(MOD(R4, 5)=0, R4, FLOOR(R4, 5) & "+") & " FV)</h2> <ol start='" & S4 & " '> " ) & " <li><b><a target='_blank' href='" & V4 & "'>" & A4 & "</a></b> - <i>" & B4 & " - <a target='_blank' href='" & U4 & "'>" & E4 & "</a></b> </i></li> <ul style='list-style-type:none'>" & IF(F4 <> "", " <li>Grade: " & F4 & " </li>", "") & IF(G4 <> "", " <li>Age: " & ROUND(G4,1) & " </li>", "") & IF(H4 <> "", " <li>Height: " & H4 & " in </li>", "") & IF(I4 <> "", " <li>Weight: " & I4 & " lbs </li>", "") & IF(J4 <> "", " <li>Wingspan: " & J4 & " in </li>", "") & IF(K4 <> "", " <li>Reach: " & K4 & " in </li>", "") & IF(L4 <> "", " <li>Ape: " & L4 & " </li>", "") & IF(N4 <> "", " <li>++: " & N4 & " </li>", "") & IF(O4 <> "", " <li>+: " & O4 & " </li>", "") & IF(P4 <> "", " <li>-: " & P4 & " </li>", "") & IF(Q4 <> "", " <li>--: " & Q4 & " </li>", "") & " </ul> <br>" & IF(T5="", " </ol> <!-- # end of rankings --> ", "") -> <!-- rankings --> <h2> Tier 1 (~55+ FV)</h2> <ol start='1 '> <li><b><a target='_blank' href='https://www.nba.com/draft/2020/prospects/onyeka-okongwu#/'>Onyeka Okongwu</a></b> - <i>PF - <a target='_blank' href='https://www.sports-reference.com/cbb/players/onyeka-okongwu-1.html'>USC</a></b> </i></li> <ul style='list-style-type:none'> <li>Grade: Freshman </li> <li>Age: 19.9 </li> <li>Height: 81 in </li> <li>Weight: 245 lbs </li> <li>Wingspan: 85 in </li> <li>Ape: +4 </li> <li>++: defensive versatility </li> <li>+: finishing, playmaking as a big, motor, shooting </li> <li>-: may not be quite big enough to hang with elite Centers </li> </ul> <br> <li><b><a target='_blank' href='https://www.nba.com/draft/2020/prospects/lamelo-ball#/'>LaMelo Ball</a></b> - <i>PG - <a target='_blank' href='https://www.basketball-reference.com/international/players/lamelo-ball-1.html'>Illawarra Hawks (Australia)</a></b> </i></li> <ul style='list-style-type:none'> <li>Age: 19.2 </li> <li>Height: 79 in </li> <li>Weight: 190 lbs </li> <li>Wingspan: 82 in </li> <li>Ape: +3 </li> <li>++: age, primary ball handling, passing </li> <li>+: size, rebounding </li> <li>-: effort, decision making </li> <li>--: finishing, shot selection </li> </ul> <br> <li><b><a target='_blank' href='https://www.nba.com/draft/2020/prospects/atnhony-edwards#/'>Anthony Edwards</a></b> - <i>SG - <a target='_blank' href='https://www.sports-reference.com/cbb/players/anthony-edwards-2.html'>Georgia</a></b> </i></li> <ul style='list-style-type:none'> <li>Grade: Freshman </li> <li>Age: 19.3 </li> <li>Height: 77 in </li> <li>Weight: 225 lbs </li> <li>Wingspan: 81 in </li> <li>Ape: +4 </li> <li>++: age, strength, athleticism, frame </li> <li>+: ape, shot creation </li> <li>-: playmaking, effort, basketball IQ </li> <li>--: shot selection </li> </ul> <br>
A5: James Wiseman | B5: C | C5: =IFERROR(INDEX(actual!A:A,MATCH(A5,actual!B:B,FALSE)), "") -> 2 | D5: =IFERROR(INDEX(actual!C:C,MATCH(A5,actual!B:B,FALSE)), "") -> GSW | E5: Memphis | F5: Freshman | G5: =YEARFRAC(W5, $G$1, 1) -> 19.635866 | H5: =IFERROR(LEFT(AC5,FIND("'",AC5)-1)*12+SUBSTITUTE(MID(AC5,FIND("'",AC5)+1,LEN(AC5)),"''",""), "") -> 85 | I5: =AD5 -> 237 | J5: =IFERROR(LEFT(AE5,FIND("'",AE5)-1)*12+SUBSTITUTE(MID(AE5,FIND("'",AE5)+1,LEN(AE5)),"''",""), "") -> 90 | K5: =IFERROR(LEFT(AF5,FIND("'",AF5)-1)*12+SUBSTITUTE(MID(AF5,FIND("'",AF5)+1,LEN(AF5)),"''",""), "") | L5: =IFERROR(IF(AND(J5-H5>= 0, J5 > 0), "+", ""),"") & IFERROR(IF(AND(J5-H5>= -5, J5 > 0), J5-H5, ""),"") -> +5 | M5: =IF(H5>0, IFERROR((J5-60)/(H5-60),""), "") -> 1.2 | N5: frame, athleticism | O5: age, rim running, rim protection | P5: shot selection, decision making | Q5: lack of data, competition, defensive reps | R5: 57 | S5: 4 | T5: =IF(R5=R4,T4, MAX(T$1:T4)+1) -> 1 | U5: https://www.sports-reference.com/cbb/players/james-wiseman-1.html | V5: https://www.nba.com/draft/2020/prospects/james-wiseman#/ | W5: 36981 | X5: 3 | Y5: 6 | Z5: 2 | AA5: 2 | AB5: 3 | AC5: =IFERROR(INDEX('ringer measureables'!$A:$J,MATCH($A5,'ringer measureables'!$A:$A,FALSE),7), "") -> 7'1 | AD5: =IFERROR(INDEX('ringer measureables'!$A:$J,MATCH($A5,'ringer measureables'!$A:$A,FALSE),9), "") -> 237 | AE5: =IFERROR(INDEX('ringer measureables'!$A:$J,MATCH($A5,'ringer measureables'!$A:$A,FALSE),10), "") -> 7'6 | AF5: =IFERROR(INDEX('ringer measureables'!$A:$J,MATCH($A5,'ringer measureables'!$A:$A,FALSE),8), "") -> 0 | AG5: =AG4 & IF(T5=T4, "", IF(T5=1, " <!-- rankings --> ", " </ol> " ) & "<h2> Tier " & T5 & " (~" & IF(MOD(R5, 5)=0, R5, FLOOR(R5, 5) & "+") & " FV)</h2> <ol start='" & S5 & " '> " ) & " <li><b><a target='_blank' href='" & V5 & "'>" & A5 & "</a></b> - <i>" & B5 & " - <a target='_blank' href='" & U5 & "'>" & E5 & "</a></b> </i></li> <ul style='list-style-type:none'>" & IF(F5 <> "", " <li>Grade: " & F5 & " </li>", "") & IF(G5 <> "", " <li>Age: " & ROUND(G5,1) & " </li>", "") & IF(H5 <> "", " <li>Height: " & H5 & " in </li>", "") & IF(I5 <> "", " <li>Weight: " & I5 & " lbs </li>", "") & IF(J5 <> "", " <li>Wingspan: " & J5 & " in </li>", "") & IF(K5 <> "", " <li>Reach: " & K5 & " in </li>", "") & IF(L5 <> "", " <li>Ape: " & L5 & " </li>", "") & IF(N5 <> "", " <li>++: " & N5 & " </li>", "") & IF(O5 <> "", " <li>+: " & O5 & " </li>", "") & IF(P5 <> "", " <li>-: " & P5 & " </li>", "") & IF(Q5 <> "", " <li>--: " & Q5 & " </li>", "") & " </ul> <br>" & IF(T6="", " </ol> <!-- # end of rankings --> ", "") -> <!-- rankings --> <h2> Tier 1 (~55+ FV)</h2> <ol start='1 '> <li><b><a target='_blank' href='https://www.nba.com/draft/2020/prospects/onyeka-okongwu#/'>Onyeka Okongwu</a></b> - <i>PF - <a target='_blank' href='https://www.sports-reference.com/cbb/players/onyeka-okongwu-1.html'>USC</a></b> </i></li> <ul style='list-style-type:none'> <li>Grade: Freshman </li> <li>Age: 19.9 </li> <li>Height: 81 in </li> <li>Weight: 245 lbs </li> <li>Wingspan: 85 in </li> <li>Ape: +4 </li> <li>++: defensive versatility </li> <li>+: finishing, playmaking as a big, motor, shooting </li> <li>-: may not be quite big enough to hang with elite Centers </li> </ul> <br> <li><b><a target='_blank' href='https://www.nba.com/draft/2020/prospects/lamelo-ball#/'>LaMelo Ball</a></b> - <i>PG - <a target='_blank' href='https://www.basketball-reference.com/international/players/lamelo-ball-1.html'>Illawarra Hawks (Australia)</a></b> </i></li> <ul style='list-style-type:none'> <li>Age: 19.2 </li> <li>Height: 79 in </li> <li>Weight: 190 lbs </li> <li>Wingspan: 82 in </li> <li>Ape: +3 </li> <li>++: age, primary ball handling, passing </li> <li>+: size, rebounding </li> <li>-: effort, decision making </li> <li>--: finishing, shot selection </li> </ul> <br> <li><b><a target='_blank' href='https://www.nba.com/draft/2020/prospects/atnhony-edwards#/'>Anthony Edwards</a></b> - <i>SG - <a target='_blank' href='https://www.sports-reference.com/cbb/players/anthony-edwards-2.html'>Georgia</a></b> </i></li> <ul style='list-style-type:none'> <li>Grade: Freshman </li> <li>Age: 19.3 </li> <li>Height: 77 in </li> <li>Weight: 225 lbs </li> <li>Wingspan: 81 in </li> <li>Ape: +4 </li> <li>++: age, strength, athleticism, frame </li> <li>+: ape, shot creation </li> <li>-: playmaking, effort, basketball IQ </li> <li>--: shot selection </li> </ul> <br> <li><b><a target='_blank' href='https://www.nba.com/draft/2020/prospects/james-wiseman#/'>James Wiseman</a></b> - <i>C - <a target='_blank' href='https://www.sports-reference.com/cbb/players/james-wiseman-1.html'>Memphis</a></b> </i></li> <ul style='list-style-type:none'> <li>Grade: Freshman </li> <li>Age: 19.6 </li> <li>Height: 85 in </li> <li>Weight: 237 lbs </li> <li>Wingspan: 90 in </li> <li>Ape: +5 </li> <li>++: frame, athleticism </li> <li>+: age, rim running, rim protection </li> <li>-: shot selection, decision making </li> <li>--: lack of data, competition, defensive reps </li> </ul> <br>
A6: Patrick Williams | B6: SF | C6: =IFERROR(INDEX(actual!A:A,MATCH(A6,actual!B:B,FALSE)), "") -> 4 | D6: =IFERROR(INDEX(actual!C:C,MATCH(A6,actual!B:B,FALSE)), "") -> CHI | E6: Florida State | F6: Freshman | G6: =YEARFRAC(W6, $G$1, 1) -> 19.285421 | H6: =IFERROR(LEFT(AC6,FIND("'",AC6)-1)*12+SUBSTITUTE(MID(AC6,FIND("'",AC6)+1,LEN(AC6)),"''",""), "") -> 80 | I6: =AD6 -> 225 | J6: =IFERROR(LEFT(AE6,FIND("'",AE6)-1)*12+SUBSTITUTE(MID(AE6,FIND("'",AE6)+1,LEN(AE6)),"''",""), "") -> 83 | K6: =IFERROR(LEFT(AF6,FIND("'",AF6)-1)*12+SUBSTITUTE(MID(AF6,FIND("'",AF6)+1,LEN(AF6)),"''",""), "") | L6: =IFERROR(IF(AND(J6-H6>= 0, J6 > 0), "+", ""),"") & IFERROR(IF(AND(J6-H6>= -5, J6 > 0), J6-H6, ""),"") -> +3 | M6: =IF(H6>0, IFERROR((J6-60)/(H6-60),""), "") -> 1.15 | N6: age | O6: off ball defense, free throw shooting, off ball offense | P6: turnover prone, horizontal athleticism | R6: 55 | S6: 5 | T6: =IF(R6=R5,T5, MAX(T$1:T5)+1) -> 2 | U6: https://www.sports-reference.com/cbb/players/patrick-williams-2.html | V6: https://www.nba.com/draft/2020/prospects/patrick-williams#/ | W6: 37109 | X6: 3 | Y6: 16 | AA6: 14 | AB6: 9 | AC6: =IFERROR(INDEX('ringer measureables'!$A:$J,MATCH($A6,'ringer measureables'!$A:$A,FALSE),7), "") -> 6'8 | AD6: =IFERROR(INDEX('ringer measureables'!$A:$J,MATCH($A6,'ringer measureables'!$A:$A,FALSE),9), "") -> 225 | AE6: =IFERROR(INDEX('ringer measureables'!$A:$J,MATCH($A6,'ringer measureables'!$A:$A,FALSE),10), "") -> 6'11 | AF6: =IFERROR(INDEX('ringer measureables'!$A:$J,MATCH($A6,'ringer measureables'!$A:$A,FALSE),8), "") -> 0 | AG6: =AG5 & IF(T6=T5, "", IF(T6=1, " <!-- rankings --> ", " </ol> " ) & "<h2> Tier " & T6 & " (~" & IF(MOD(R6, 5)=0, R6, FLOOR(R6, 5) & "+") & " FV)</h2> <ol start='" & S6 & " '> " ) & " <li><b><a target='_blank' href='" & V6 & "'>" & A6 & "</a></b> - <i>" & B6 & " - <a target='_blank' href='" & U6 & "'>" & E6 & "</a></b> </i></li> <ul style='list-style-type:none'>" & IF(F6 <> "", " <li>Grade: " & F6 & " </li>", "") & IF(G6 <> "", " <li>Age: " & ROUND(G6,1) & " </li>", "") & IF(H6 <> "", " <li>Height: " & H6 & " in </li>", "") & IF(I6 <> "", " <li>Weight: " & I6 & " lbs </li>", "") & IF(J6 <> "", " <li>Wingspan: " & J6 & " in </li>", "") & IF(K6 <> "", " <li>Reach: " & K6 & " in </li>", "") & IF(L6 <> "", " <li>Ape: " & L6 & " </li>", "") & IF(N6 <> "", " <li>++: " & N6 & " </li>", "") & IF(O6 <> "", " <li>+: " & O6 & " </li>", "") & IF(P6 <> "", " <li>-: " & P6 & " </li>", "") & IF(Q6 <> "", " <li>--: " & Q6 & " </li>", "") & " </ul> <br>" & IF(T7="", " </ol> <!-- # end of rankings --> ", "") -> <!-- rankings --> <h2> Tier 1 (~55+ FV)</h2> <ol start='1 '> <li><b><a target='_blank' href='https://www.nba.com/draft/2020/prospects/onyeka-okongwu#/'>Onyeka Okongwu</a></b> - <i>PF - <a target='_blank' href='https://www.sports-reference.com/cbb/players/onyeka-okongwu-1.html'>USC</a></b> </i></li> <ul style='list-style-type:none'> <li>Grade: Freshman </li> <li>Age: 19.9 </li> <li>Height: 81 in </li> <li>Weight: 245 lbs </li> <li>Wingspan: 85 in </li> <li>Ape: +4 </li> <li>++: defensive versatility </li> <li>+: finishing, playmaking as a big, motor, shooting </li> <li>-: may not be quite big enough to hang with elite Centers </li> </ul> <br> <li><b><a target='_blank' href='https://www.nba.com/draft/2020/prospects/lamelo-ball#/'>LaMelo Ball</a></b> - <i>PG - <a target='_blank' href='https://www.basketball-reference.com/international/players/lamelo-ball-1.html'>Illawarra Hawks (Australia)</a></b> </i></li> <ul style='list-style-type:none'> <li>Age: 19.2 </li> <li>Height: 79 in </li> <li>Weight: 190 lbs </li> <li>Wingspan: 82 in </li> <li>Ape: +3 </li> <li>++: age, primary ball handling, passing </li> <li>+: size, rebounding </li> <li>-: effort, decision making </li> <li>--: finishing, shot selection </li> </ul> <br> <li><b><a target='_blank' href='https://www.nba.com/draft/2020/prospects/atnhony-edwards#/'>Anthony Edwards</a></b> - <i>SG - <a target='_blank' href='https://www.sports-reference.com/cbb/players/anthony-edwards-2.html'>Georgia</a></b> </i></li> <ul style='list-style-type:none'> <li>Grade: Freshman </li> <li>Age: 19.3 </li> <li>Height: 77 in </li> <li>Weight: 225 lbs </li> <li>Wingspan: 81 in </li> <li>Ape: +4 </li> <li>++: age, strength, athleticism, frame </li> <li>+: ape, shot creation </li> <li>-: playmaking, effort, basketball IQ </li> <li>--: shot selection </li> </ul> <br> <li><b><a target='_blank' href='https://www.nba.com/draft/2020/prospects/james-wiseman#/'>James Wiseman</a></b> - <i>C - <a target='_blank' href='https://www.sports-reference.com/cbb/players/james-wiseman-1.html'>Memphis</a></b> </i></li> <ul style='list-style-type:none'> <li>Grade: Freshman </li> <li>Age: 19.6 </li> <li>Height: 85 in </li> <li>Weight: 237 lbs </li> <li>Wingspan: 90 in </li> <li>Ape: +5 </li> <li>++: frame, athleticism </li> <li>+: age, rim running, rim protection </li> <li>-: shot selection, decision making </li> <li>--: lack of data, competition, defensive reps </li> </ul> <br> </ol> <h2> Tier 2 (~55 FV)</h2> <ol start='5 '> <li><b><a target='_blank' href='https://www.nba.com/draft/2020/prospects/patrick-williams#/'>Patrick Williams</a></b> - <i>SF - <a target='_blank' href='https://www.sports-reference.com/cbb/players/patrick-williams-2.html'>Florida State</a></b> </i></li> <ul style='list-style-type:none'> <li>Grade: Freshman </li> <li>Age: 19.3 </li> <li>Height: 80 in </li> <li>Weight: 225 lbs </li> <li>Wingspan: 83 in </li> <li>Ape: +3 </li> <li>++: age </li> <li>+: off ball defense, free throw shooting, off ball offense </li> <li>-: turnover prone, horizontal athleticism </li> </ul> <br>
A7: Devin Vassell | B7: SF | C7: =IFERROR(INDEX(actual!A:A,MATCH(A7,actual!B:B,FALSE)), "") -> 11 | D7: =IFERROR(INDEX(actual!C:C,MATCH(A7,actual!B:B,FALSE)), "") -> SAS | E7: Florida State | F7: Sophomore | G7: =YEARFRAC(W7, $G$1, 1) -> 20.236214 | H7: =IFERROR(LEFT(AC7,FIND("'",AC7)-1)*12+SUBSTITUTE(MID(AC7,FIND("'",AC7)+1,LEN(AC7)),"''",""), "") -> 79 | I7: =AD7 -> 194 | J7: =IFERROR(LEFT(AE7,FIND("'",AE7)-1)*12+SUBSTITUTE(MID(AE7,FIND("'",AE7)+1,LEN(AE7)),"''",""), "") -> 82 | K7: =IFERROR(LEFT(AF7,FIND("'",AF7)-1)*12+SUBSTITUTE(MID(AF7,FIND("'",AF7)+1,LEN(AF7)),"''",""), "") | L7: =IFERROR(IF(AND(J7-H7>= 0, J7 > 0), "+", ""),"") & IFERROR(IF(AND(J7-H7>= -5, J7 > 0), J7-H7, ""),"") -> +3 | M7: =IF(H7>0, IFERROR((J7-60)/(H7-60),""), "") -> 1.1578947 | N7: age | O7: defensive motor, on ball defense, shot selection | P7: finishing, strength | R7: 55 | S7: 6 | T7: =IF(R7=R6,T6, MAX(T$1:T6)+1) -> 2 | U7: https://www.sports-reference.com/cbb/players/devin-vassell-1.html | V7: https://www.nba.com/draft/2020/prospects/devin-vassell#/ | W7: 36761 | X7: 3 | Y7: 7 | AA7: 11 | AB7: 11 | AC7: =IFERROR(INDEX('ringer measureables'!$A:$J,MATCH($A7,'ringer measureables'!$A:$A,FALSE),7), "") -> 6'7 | AD7: =IFERROR(INDEX('ringer measureables'!$A:$J,MATCH($A7,'ringer measureables'!$A:$A,FALSE),9), "") -> 194 | AE7: =IFERROR(INDEX('ringer measureables'!$A:$J,MATCH($A7,'ringer measureables'!$A:$A,FALSE),10), "") -> 6'10 | AF7: =IFERROR(INDEX('ringer measureables'!$A:$J,MATCH($A7,'ringer measureables'!$A:$A,FALSE),8), "") -> 0 | AG7: =AG6 & IF(T7=T6, "", IF(T7=1, " <!-- rankings --> ", " </ol> " ) & "<h2> Tier " & T7 & " (~" & IF(MOD(R7, 5)=0, R7, FLOOR(R7, 5) & "+") & " FV)</h2> <ol start='" & S7 & " '> " ) & " <li><b><a target='_blank' href='" & V7 & "'>" & A7 & "</a></b> - <i>" & B7 & " - <a target='_blank' href='" & U7 & "'>" & E7 & "</a></b> </i></li> <ul style='list-style-type:none'>" & IF(F7 <> "", " <li>Grade: " & F7 & " </li>", "") & IF(G7 <> "", " <li>Age: " & ROUND(G7,1) & " </li>", "") & IF(H7 <> "", " <li>Height: " & H7 & " in </li>", "") & IF(I7 <> "", " <li>Weight: " & I7 & " lbs </li>", "") & IF(J7 <> "", " <li>Wingspan: " & J7 & " in </li>", "") & IF(K7 <> "", " <li>Reach: " & K7 & " in </li>", "") & IF(L7 <> "", " <li>Ape: " & L7 & " </li>", "") & IF(N7 <> "", " <li>++: " & N7 & " </li>", "") & IF(O7 <> "", " <li>+: " & O7 & " </li>", "") & IF(P7 <> "", " <li>-: " & P7 & " </li>", "") & IF(Q7 <> "", " <li>--: " & Q7 & " </li>", "") & " </ul> <br>" & IF(T8="", " </ol> <!-- # end of rankings --> ", "") -> <!-- rankings --> <h2> Tier 1 (~55+ FV)</h2> <ol start='1 '> <li><b><a target='_blank' href='https://www.nba.com/draft/2020/prospects/onyeka-okongwu#/'>Onyeka Okongwu</a></b> - <i>PF - <a target='_blank' href='https://www.sports-reference.com/cbb/players/onyeka-okongwu-1.html'>USC</a></b> </i></li> <ul style='list-style-type:none'> <li>Grade: Freshman </li> <li>Age: 19.9 </li> <li>Height: 81 in </li> <li>Weight: 245 lbs </li> <li>Wingspan: 85 in </li> <li>Ape: +4 </li> <li>++: defensive versatility </li> <li>+: finishing, playmaking as a big, motor, shooting </li> <li>-: may not be quite big enough to hang with elite Centers </li> </ul> <br> <li><b><a target='_blank' href='https://www.nba.com/draft/2020/prospects/lamelo-ball#/'>LaMelo Ball</a></b> - <i>PG - <a target='_blank' href='https://www.basketball-reference.com/international/players/lamelo-ball-1.html'>Illawarra Hawks (Australia)</a></b> </i></li> <ul style='list-style-type:none'> <li>Age: 19.2 </li> <li>Height: 79 in </li> <li>Weight: 190 lbs </li> <li>Wingspan: 82 in </li> <li>Ape: +3 </li> <li>++: age, primary ball handling, passing </li> <li>+: size, rebounding </li> <li>-: effort, decision making </li> <li>--: finishing, shot selection </li> </ul> <br> <li><b><a target='_blank' href='https://www.nba.com/draft/2020/prospects/atnhony-edwards#/'>Anthony Edwards</a></b> - <i>SG - <a target='_blank' href='https://www.sports-reference.com/cbb/players/anthony-edwards-2.html'>Georgia</a></b> </i></li> <ul style='list-style-type:none'> <li>Grade: Freshman </li> <li>Age: 19.3 </li> <li>Height: 77 in </li> <li>Weight: 225 lbs </li> <li>Wingspan: 81 in </li> <li>Ape: +4 </li> <li>++: age, strength, athleticism, frame </li> <li>+: ape, shot creation </li> <li>-: playmaking, effort, basketball IQ </li> <li>--: shot selection </li> </ul> <br> <li><b><a target='_blank' href='https://www.nba.com/draft/2020/prospects/james-wiseman#/'>James Wiseman</a></b> - <i>C - <a target='_blank' href='https://www.sports-reference.com/cbb/players/james-wiseman-1.html'>Memphis</a></b> </i></li> <ul style='list-style-type:none'> <li>Grade: Freshman </li> <li>Age: 19.6 </li> <li>Height: 85 in </li> <li>Weight: 237 lbs </li> <li>Wingspan: 90 in </li> <li>Ape: +5 </li> <li>++: frame, athleticism </li> <li>+: age, rim running, rim protection </li> <li>-: shot selection, decision making </li> <li>--: lack of data, competition, defensive reps </li> </ul> <br> </ol> <h2> Tier 2 (~55 FV)</h2> <ol start='5 '> <li><b><a target='_blank' href='https://www.nba.com/draft/2020/prospects/patrick-williams#/'>Patrick Williams</a></b> - <i>SF - <a target='_blank' href='https://www.sports-reference.com/cbb/players/patrick-williams-2.html'>Florida State</a></b> </i></li> <ul style='list-style-type:none'> <li>Grade: Freshman </li> <li>Age: 19.3 </li> <li>Height: 80 in </li> <li>Weight: 225 lbs </li> <li>Wingspan: 83 in </li> <li>Ape: +3 </li> <li>++: age </li> <li>+: off ball defense, free throw shooting, off ball offense </li> <li>-: turnover prone, horizontal athleticism </li> </ul> <br> <li><b><a target='_blank' href='https://www.nba.com/draft/2020/prospects/devin-vassell#/'>Devin Vassell</a></b> - <i>SF - <a target='_blank' href='https://www.sports-reference.com/cbb/players/devin-vassell-1.html'>Florida State</a></b> </i></li> <ul style='list-style-type:none'> <li>Grade: Sophomore </li> <li>Age: 20.2 </li> <li>Height: 79 in </li> <li>Weight: 194 lbs </li> <li>Wingspan: 82 in </li> <li>Ape: +3 </li> <li>++: age </li> <li>+: defensive motor, on ball defense, shot selection </li> <li>-: finishing, strength </li> </ul> <br>
A8: Killian Hayes | B8: PG | C8: =IFERROR(INDEX(actual!A:A,MATCH(A8,actual!B:B,FALSE)), "") -> 7 | D8: =IFERROR(INDEX(actual!C:C,MATCH(A8,actual!B:B,FALSE)), "") -> DET | E8: Ratiopharm (Germany) | G8: =YEARFRAC(W8, $G$1, 1) -> 19.312799 | H8: =IFERROR(LEFT(AC8,FIND("'",AC8)-1)*12+SUBSTITUTE(MID(AC8,FIND("'",AC8)+1,LEN(AC8)),"''",""), "") -> 77 | I8: =AD8 -> 215 | J8: =IFERROR(LEFT(AE8,FIND("'",AE8)-1)*12+SUBSTITUTE(MID(AE8,FIND("'",AE8)+1,LEN(AE8)),"''",""), "") -> 80.25 | K8: =IFERROR(LEFT(AF8,FIND("'",AF8)-1)*12+SUBSTITUTE(MID(AF8,FIND("'",AF8)+1,LEN(AF8)),"''",""), "") | L8: =IFERROR(IF(AND(J8-H8>= 0, J8 > 0), "+", ""),"") & IFERROR(IF(AND(J8-H8>= -5, J8 > 0), J8-H8, ""),"") -> +3.25 | M8: =IF(H8>0, IFERROR((J8-60)/(H8-60),""), "") -> 1.1911765 | N8: age | O8: size, shot creation/playmaking, shooting | P8: athleticism, driving, right hand dominance | R8: 52 | S8: 7 | T8: =IF(R8=R7,T7, MAX(T$1:T7)+1) -> 3 | U8: https://www.basketball-reference.com/international/players/killian-hayes-1.html | V8: https://www.nba.com/draft/2020/prospects/killian-hayes#/ | W8: 37099 | X8: 3 | Y8: 1 | AA8: 9 | AB8: 10 | AC8: =IFERROR(INDEX('ringer measureables'!$A:$J,MATCH($A8,'ringer measureables'!$A:$A,FALSE),7), "") -> 6'5 | AD8: =IFERROR(INDEX('ringer measureables'!$A:$J,MATCH($A8,'ringer measureables'!$A:$A,FALSE),9), "") -> 215 | AE8: =IFERROR(INDEX('ringer measureables'!$A:$J,MATCH($A8,'ringer measureables'!$A:$A,FALSE),10), "") -> 6'8.25 | AF8: =IFERROR(INDEX('ringer measureables'!$A:$J,MATCH($A8,'ringer measureables'!$A:$A,FALSE),8), "") -> 0 | AG8: =AG7 & IF(T8=T7, "", IF(T8=1, " <!-- rankings --> ", " </ol> " ) & "<h2> Tier " & T8 & " (~" & IF(MOD(R8, 5)=0, R8, FLOOR(R8, 5) & "+") & " FV)</h2> <ol start='" & S8 & " '> " ) & " <li><b><a target='_blank' href='" & V8 & "'>" & A8 & "</a></b> - <i>" & B8 & " - <a target='_blank' href='" & U8 & "'>" & E8 & "</a></b> </i></li> <ul style='list-style-type:none'>" & IF(F8 <> "", " <li>Grade: " & F8 & " </li>", "") & IF(G8 <> "", " <li>Age: " & ROUND(G8,1) & " </li>", "") & IF(H8 <> "", " <li>Height: " & H8 & " in </li>", "") & IF(I8 <> "", " <li>Weight: " & I8 & " lbs </li>", "") & IF(J8 <> "", " <li>Wingspan: " & J8 & " in </li>", "") & IF(K8 <> "", " <li>Reach: " & K8 & " in </li>", "") & IF(L8 <> "", " <li>Ape: " & L8 & " </li>", "") & IF(N8 <> "", " <li>++: " & N8 & " </li>", "") & IF(O8 <> "", " <li>+: " & O8 & " </li>", "") & IF(P8 <> "", " <li>-: " & P8 & " </li>", "") & IF(Q8 <> "", " <li>--: " & Q8 & " </li>", "") & " </ul> <br>" & IF(T9="", " </ol> <!-- # end of rankings --> ", "") -> <!-- rankings --> <h2> Tier 1 (~55+ FV)</h2> <ol start='1 '> <li><b><a target='_blank' href='https://www.nba.com/draft/2020/prospects/onyeka-okongwu#/'>Onyeka Okongwu</a></b> - <i>PF - <a target='_blank' href='https://www.sports-reference.com/cbb/players/onyeka-okongwu-1.html'>USC</a></b> </i></li> <ul style='list-style-type:none'> <li>Grade: Freshman </li> <li>Age: 19.9 </li> <li>Height: 81 in </li> <li>Weight: 245 lbs </li> <li>Wingspan: 85 in </li> <li>Ape: +4 </li> <li>++: defensive versatility </li> <li>+: finishing, playmaking as a big, motor, shooting </li> <li>-: may not be quite big enough to hang with elite Centers </li> </ul> <br> <li><b><a target='_blank' href='https://www.nba.com/draft/2020/prospects/lamelo-ball#/'>LaMelo Ball</a></b> - <i>PG - <a target='_blank' href='https://www.basketball-reference.com/international/players/lamelo-ball-1.html'>Illawarra Hawks (Australia)</a></b> </i></li> <ul style='list-style-type:none'> <li>Age: 19.2 </li> <li>Height: 79 in </li> <li>Weight: 190 lbs </li> <li>Wingspan: 82 in </li> <li>Ape: +3 </li> <li>++: age, primary ball handling, passing </li> <li>+: size, rebounding </li> <li>-: effort, decision making </li> <li>--: finishing, shot selection </li> </ul> <br> <li><b><a target='_blank' href='https://www.nba.com/draft/2020/prospects/atnhony-edwards#/'>Anthony Edwards</a></b> - <i>SG - <a target='_blank' href='https://www.sports-reference.com/cbb/players/anthony-edwards-2.html'>Georgia</a></b> </i></li> <ul style='list-style-type:none'> <li>Grade: Freshman </li> <li>Age: 19.3 </li> <li>Height: 77 in </li> <li>Weight: 225 lbs </li> <li>Wingspan: 81 in </li> <li>Ape: +4 </li> <li>++: age, strength, athleticism, frame </li> <li>+: ape, shot creation </li> <li>-: playmaking, effort, basketball IQ </li> <li>--: shot selection </li> </ul> <br> <li><b><a target='_blank' href='https://www.nba.com/draft/2020/prospects/james-wiseman#/'>James Wiseman</a></b> - <i>C - <a target='_blank' href='https://www.sports-reference.com/cbb/players/james-wiseman-1.html'>Memphis</a></b> </i></li> <ul style='list-style-type:none'> <li>Grade: Freshman </li> <li>Age: 19.6 </li> <li>Height: 85 in </li> <li>Weight: 237 lbs </li> <li>Wingspan: 90 in </li> <li>Ape: +5 </li> <li>++: frame, athleticism </li> <li>+: age, rim running, rim protection </li> <li>-: shot selection, decision making </li> <li>--: lack of data, competition, defensive reps </li> </ul> <br> </ol> <h2> Tier 2 (~55 FV)</h2> <ol start='5 '> <li><b><a target='_blank' href='https://www.nba.com/draft/2020/prospects/patrick-williams#/'>Patrick Williams</a></b> - <i>SF - <a target='_blank' href='https://www.sports-reference.com/cbb/players/patrick-williams-2.html'>Florida State</a></b> </i></li> <ul style='list-style-type:none'> <li>Grade: Freshman </li> <li>Age: 19.3 </li> <li>Height: 80 in </li> <li>Weight: 225 lbs </li> <li>Wingspan: 83 in </li> <li>Ape: +3 </li> <li>++: age </li> <li>+: off ball defense, free throw shooting, off ball offense </li> <li>-: turnover prone, horizontal athleticism </li> </ul> <br> <li><b><a target='_blank' href='https://www.nba.com/draft/2020/prospects/devin-vassell#/'>Devin Vassell</a></b> - <i>SF - <a target='_blank' href='https://www.sports-reference.com/cbb/players/devin-vassell-1.html'>Florida State</a></b> </i></li> <ul style='list-style-type:none'> <li>Grade: Sophomore </li> <li>Age: 20.2 </li> <li>Height: 79 in </li> <li>Weight: 194 lbs </li> <li>Wingspan: 82 in </li> <li>Ape: +3 </li> <li>++: age </li> <li>+: defensive motor, on ball defense, shot selection </li> <li>-: finishing, strength </li> </ul> <br> </ol> <h2> Tier 3 (~50+ FV)</h2> <ol start='7 '> <li><b><a target='_blank' href='https://www.nba.com/draft/2020/prospects/killian-hayes#/'>Killian Hayes</a></b> - <i>PG - <a target='_blank' href='https://www.basketball-reference.com/international/players/killian-hayes-1.html'>Ratiopharm (Germany)</a></b> </i></li> <ul style='list-style-type:none'> <li>Age: 19.3 </li> <li>Height: 77 in </li> <li>Weight: 215 lbs </li> <li>Wingspan: 80.25 in </li> <li>Ape: +3.25 </li> <li>++: age </li> <li>+: size, shot creation/playmaking, shooting </li> <li>-: athleticism, driving, right hand dominance </li> </ul> <br>
A9: Kira Lewis Jr. | B9: PG | C9: =IFERROR(INDEX(actual!A:A,MATCH(A9,actual!B:B,FALSE)), "") -> 13 | D9: =IFERROR(INDEX(actual!C:C,MATCH(A9,actual!B:B,FALSE)), "") -> NOP | E9: Alabama | F9: Sophomore | G9: =YEARFRAC(W9, $G$1, 1) -> 19.619439 | H9: =IFERROR(LEFT(AC9,FIND("'",AC9)-1)*12+SUBSTITUTE(MID(AC9,FIND("'",AC9)+1,LEN(AC9)),"''",""), "") -> 75 | I9: =AD9 -> 165 | J9: =IFERROR(LEFT(AE9,FIND("'",AE9)-1)*12+SUBSTITUTE(MID(AE9,FIND("'",AE9)+1,LEN(AE9)),"''",""), "") -> 78 | K9: =IFERROR(LEFT(AF9,FIND("'",AF9)-1)*12+SUBSTITUTE(MID(AF9,FIND("'",AF9)+1,LEN(AF9)),"''",""), "") | L9: =IFERROR(IF(AND(J9-H9>= 0, J9 > 0), "+", ""),"") & IFERROR(IF(AND(J9-H9>= -5, J9 > 0), J9-H9, ""),"") -> +3 | M9: =IF(H9>0, IFERROR((J9-60)/(H9-60),""), "") -> 1.2 | N9: age | O9: shooting, shot creation, pick-and-roll ability | P9: defensive versatility, playmaking, frame | R9: 52 | S9: 8 | T9: =IF(R9=R8,T8, MAX(T$1:T8)+1) -> 3 | U9: https://www.sports-reference.com/cbb/players/kira-lewisjr-1.html | V9: https://www.nba.com/draft/2020/prospects/kira-lewis#/ | W9: 36987 | X9: 3 | Y9: 14 | AA9: 12 | AB9: 20 | AC9: =IFERROR(INDEX('ringer measureables'!$A:$J,MATCH($A9,'ringer measureables'!$A:$A,FALSE),7), "") -> 6'3 | AD9: =IFERROR(INDEX('ringer measureables'!$A:$J,MATCH($A9,'ringer measureables'!$A:$A,FALSE),9), "") -> 165 | AE9: =IFERROR(INDEX('ringer measureables'!$A:$J,MATCH($A9,'ringer measureables'!$A:$A,FALSE),10), "") -> 6'6 | AF9: =IFERROR(INDEX('ringer measureables'!$A:$J,MATCH($A9,'ringer measureables'!$A:$A,FALSE),8), "") -> 0 | AG9: =AG8 & IF(T9=T8, "", IF(T9=1, " <!-- rankings --> ", " </ol> " ) & "<h2> Tier " & T9 & " (~" & IF(MOD(R9, 5)=0, R9, FLOOR(R9, 5) & "+") & " FV)</h2> <ol start='" & S9 & " '> " ) & " <li><b><a target='_blank' href='" & V9 & "'>" & A9 & "</a></b> - <i>" & B9 & " - <a target='_blank' href='" & U9 & "'>" & E9 & "</a></b> </i></li> <ul style='list-style-type:none'>" & IF(F9 <> "", " <li>Grade: " & F9 & " </li>", "") & IF(G9 <> "", " <li>Age: " & ROUND(G9,1) & " </li>", "") & IF(H9 <> "", " <li>Height: " & H9 & " in </li>", "") & IF(I9 <> "", " <li>Weight: " & I9 & " lbs </li>", "") & IF(J9 <> "", " <li>Wingspan: " & J9 & " in </li>", "") & IF(K9 <> "", " <li>Reach: " & K9 & " in </li>", "") & IF(L9 <> "", " <li>Ape: " & L9 & " </li>", "") & IF(N9 <> "", " <li>++: " & N9 & " </li>", "") & IF(O9 <> "", " <li>+: " & O9 & " </li>", "") & IF(P9 <> "", " <li>-: " & P9 & " </li>", "") & IF(Q9 <> "", " <li>--: " & Q9 & " </li>", "") & " </ul> <br>" & IF(T10="", " </ol> <!-- # end of rankings --> ", "") -> <!-- rankings --> <h2> Tier 1 (~55+ FV)</h2> <ol start='1 '> <li><b><a target='_blank' href='https://www.nba.com/draft/2020/prospects/onyeka-okongwu#/'>Onyeka Okongwu</a></b> - <i>PF - <a target='_blank' href='https://www.sports-reference.com/cbb/players/onyeka-okongwu-1.html'>USC</a></b> </i></li> <ul style='list-style-type:none'> <li>Grade: Freshman </li> <li>Age: 19.9 </li> <li>Height: 81 in </li> <li>Weight: 245 lbs </li> <li>Wingspan: 85 in </li> <li>Ape: +4 </li> <li>++: defensive versatility </li> <li>+: finishing, playmaking as a big, motor, shooting </li> <li>-: may not be quite big enough to hang with elite Centers </li> </ul> <br> <li><b><a target='_blank' href='https://www.nba.com/draft/2020/prospects/lamelo-ball#/'>LaMelo Ball</a></b> - <i>PG - <a target='_blank' href='https://www.basketball-reference.com/international/players/lamelo-ball-1.html'>Illawarra Hawks (Australia)</a></b> </i></li> <ul style='list-style-type:none'> <li>Age: 19.2 </li> <li>Height: 79 in </li> <li>Weight: 190 lbs </li> <li>Wingspan: 82 in </li> <li>Ape: +3 </li> <li>++: age, primary ball handling, passing </li> <li>+: size, rebounding </li> <li>-: effort, decision making </li> <li>--: finishing, shot selection </li> </ul> <br> <li><b><a target='_blank' href='https://www.nba.com/draft/2020/prospects/atnhony-edwards#/'>Anthony Edwards</a></b> - <i>SG - <a target='_blank' href='https://www.sports-reference.com/cbb/players/anthony-edwards-2.html'>Georgia</a></b> </i></li> <ul style='list-style-type:none'> <li>Grade: Freshman </li> <li>Age: 19.3 </li> <li>Height: 77 in </li> <li>Weight: 225 lbs </li> <li>Wingspan: 81 in </li> <li>Ape: +4 </li> <li>++: age, strength, athleticism, frame </li> <li>+: ape, shot creation </li> <li>-: playmaking, effort, basketball IQ </li> <li>--: shot selection </li> </ul> <br> <li><b><a target='_blank' href='https://www.nba.com/draft/2020/prospects/james-wiseman#/'>James Wiseman</a></b> - <i>C - <a target='_blank' href='https://www.sports-reference.com/cbb/players/james-wiseman-1.html'>Memphis</a></b> </i></li> <ul style='list-style-type:none'> <li>Grade: Freshman </li> <li>Age: 19.6 </li> <li>Height: 85 in </li> <li>Weight: 237 lbs </li> <li>Wingspan: 90 in </li> <li>Ape: +5 </li> <li>++: frame, athleticism </li> <li>+: age, rim running, rim protection </li> <li>-: shot selection, decision making </li> <li>--: lack of data, competition, defensive reps </li> </ul> <br> </ol> <h2> Tier 2 (~55 FV)</h2> <ol start='5 '> <li><b><a target='_blank' href='https://www.nba.com/draft/2020/prospects/patrick-williams#/'>Patrick Williams</a></b> - <i>SF - <a target='_blank' href='https://www.sports-reference.com/cbb/players/patrick-williams-2.html'>Florida State</a></b> </i></li> <ul style='list-style-type:none'> <li>Grade: Freshman </li> <li>Age: 19.3 </li> <li>Height: 80 in </li> <li>Weight: 225 lbs </li> <li>Wingspan: 83 in </li> <li>Ape: +3 </li> <li>++: age </li> <li>+: off ball defense, free throw shooting, off ball offense </li> <li>-: turnover prone, horizontal athleticism </li> </ul> <br> <li><b><a target='_blank' href='https://www.nba.com/draft/2020/prospects/devin-vassell#/'>Devin Vassell</a></b> - <i>SF - <a target='_blank' href='https://www.sports-reference.com/cbb/players/devin-vassell-1.html'>Florida State</a></b> </i></li> <ul style='list-style-type:none'> <li>Grade: Sophomore </li> <li>Age: 20.2 </li> <li>Height: 79 in </li> <li>Weight: 194 lbs </li> <li>Wingspan: 82 in </li> <li>Ape: +3 </li> <li>++: age </li> <li>+: defensive motor, on ball defense, shot selection </li> <li>-: finishing, strength </li> </ul> <br> </ol> <h2> Tier 3 (~50+ FV)</h2> <ol start='7 '> <li><b><a target='_blank' href='https://www.nba.com/draft/2020/prospects/killian-hayes#/'>Killian Hayes</a></b> - <i>PG - <a target='_blank' href='https://www.basketball-reference.com/international/players/killian-hayes-1.html'>Ratiopharm (Germany)</a></b> </i></li> <ul style='list-style-type:none'> <li>Age: 19.3 </li> <li>Height: 77 in </li> <li>Weight: 215 lbs </li> <li>Wingspan: 80.25 in </li> <li>Ape: +3.25 </li> <li>++: age </li> <li>+: size, shot creation/playmaking, shooting </li> <li>-: athleticism, driving, right hand dominance </li> </ul> <br> <li><b><a target='_blank' href='https://www.nba.com/draft/2020/prospects/kira-lewis#/'>Kira Lewis Jr.</a></b> - <i>PG - <a target='_blank' href='https://www.sports-reference.com/cbb/players/kira-lewisjr-1.html'>Alabama</a></b> </i></li> <ul style='list-style-type:none'> <li>Grade: Sophomore </li> <li>Age: 19.6 </li> <li>Height: 75 in </li> <li>Weight: 165 lbs </li> <li>Wingspan: 78 in </li> <li>Ape: +3 </li> <li>++: age </li> <li>+: shooting, shot creation, pick-and-roll ability </li> <li>-: defensive versatility, playmaking, frame </li> </ul> <br>
A10: Tyrese Haliburton | B10: PG | C10: =IFERROR(INDEX(actual!A:A,MATCH(A10,actual!B:B,FALSE)), "") -> 12 | D10: =IFERROR(INDEX(actual!C:C,MATCH(A10,actual!B:B,FALSE)), "") -> SAC | E10: Iowa State | F10: Sophomore | G10: =YEARFRAC(W10, $G$1, 1) -> 20.718029 | H10: =IFERROR(LEFT(AC10,FIND("'",AC10)-1)*12+SUBSTITUTE(MID(AC10,FIND("'",AC10)+1,LEN(AC10)),"''",""), "") -> 77 | I10: =AD10 -> 175 | J10: =IFERROR(LEFT(AE10,FIND("'",AE10)-1)*12+SUBSTITUTE(MID(AE10,FIND("'",AE10)+1,LEN(AE10)),"''",""), "") -> 80 | K10: =IFERROR(LEFT(AF10,FIND("'",AF10)-1)*12+SUBSTITUTE(MID(AF10,FIND("'",AF10)+1,LEN(AF10)),"''",""), "") | L10: =IFERROR(IF(AND(J10-H10>= 0, J10 > 0), "+", ""),"") & IFERROR(IF(AND(J10-H10>= -5, J10 > 0), J10-H10, ""),"") -> +3 | M10: =IF(H10>0, IFERROR((J10-60)/(H10-60),""), "") -> 1.1764706 | O10: basketball IQ, shot selection, playmaking | P10: athleticsm, shot creation, interior offense | R10: 52 | S10: 9 | T10: =IF(R10=R9,T9, MAX(T$1:T9)+1) -> 3 | U10: https://www.sports-reference.com/cbb/players/tyrese-haliburton-1.html | V10: https://www.nba.com/draft/2020/prospects/tyrese-haliburton#/ | W10: 36585 | X10: 4 | Y10: 10 | AA10: 8 | AB10: 8 | AC10: =IFERROR(INDEX('ringer measureables'!$A:$J,MATCH($A10,'ringer measureables'!$A:$A,FALSE),7), "") -> 6'5 | AD10: =IFERROR(INDEX('ringer measureables'!$A:$J,MATCH($A10,'ringer measureables'!$A:$A,FALSE),9), "") -> 175 | AE10: =IFERROR(INDEX('ringer measureables'!$A:$J,MATCH($A10,'ringer measureables'!$A:$A,FALSE),10), "") -> 6'8 | AF10: =IFERROR(INDEX('ringer measureables'!$A:$J,MATCH($A10,'ringer measureables'!$A:$A,FALSE),8), "") -> 0 | AG10: =AG9 & IF(T10=T9, "", IF(T10=1, " <!-- rankings --> ", " </ol> " ) & "<h2> Tier " & T10 & " (~" & IF(MOD(R10, 5)=0, R10, FLOOR(R10, 5) & "+") & " FV)</h2> <ol start='" & S10 & " '> " ) & " <li><b><a target='_blank' href='" & V10 & "'>" & A10 & "</a></b> - <i>" & B10 & " - <a target='_blank' href='" & U10 & "'>" & E10 & "</a></b> </i></li> <ul style='list-style-type:none'>" & IF(F10 <> "", " <li>Grade: " & F10 & " </li>", "") & IF(G10 <> "", " <li>Age: " & ROUND(G10,1) & " </li>", "") & IF(H10 <> "", " <li>Height: " & H10 & " in </li>", "") & IF(I10 <> "", " <li>Weight: " & I10 & " lbs </li>", "") & IF(J10 <> "", " <li>Wingspan: " & J10 & " in </li>", "") & IF(K10 <> "", " <li>Reach: " & K10 & " in </li>", "") & IF(L10 <> "", " <li>Ape: " & L10 & " </li>", "") & IF(N10 <> "", " <li>++: " & N10 & " </li>", "") & IF(O10 <> "", " <li>+: " & O10 & " </li>", "") & IF(P10 <> "", " <li>-: " & P10 & " </li>", "") & IF(Q10 <> "", " <li>--: " & Q10 & " </li>", "") & " </ul> <br>" & IF(T11="", " </ol> <!-- # end of rankings --> ", "") -> <!-- rankings --> <h2> Tier 1 (~55+ FV)</h2> <ol start='1 '> <li><b><a target='_blank' href='https://www.nba.com/draft/2020/prospects/onyeka-okongwu#/'>Onyeka Okongwu</a></b> - <i>PF - <a target='_blank' href='https://www.sports-reference.com/cbb/players/onyeka-okongwu-1.html'>USC</a></b> </i></li> <ul style='list-style-type:none'> <li>Grade: Freshman </li> <li>Age: 19.9 </li> <li>Height: 81 in </li> <li>Weight: 245 lbs </li> <li>Wingspan: 85 in </li> <li>Ape: +4 </li> <li>++: defensive versatility </li> <li>+: finishing, playmaking as a big, motor, shooting </li> <li>-: may not be quite big enough to hang with elite Centers </li> </ul> <br> <li><b><a target='_blank' href='https://www.nba.com/draft/2020/prospects/lamelo-ball#/'>LaMelo Ball</a></b> - <i>PG - <a target='_blank' href='https://www.basketball-reference.com/international/players/lamelo-ball-1.html'>Illawarra Hawks (Australia)</a></b> </i></li> <ul style='list-style-type:none'> <li>Age: 19.2 </li> <li>Height: 79 in </li> <li>Weight: 190 lbs </li> <li>Wingspan: 82 in </li> <li>Ape: +3 </li> <li>++: age, primary ball handling, passing </li> <li>+: size, rebounding </li> <li>-: effort, decision making </li> <li>--: finishing, shot selection </li> </ul> <br> <li><b><a target='_blank' href='https://www.nba.com/draft/2020/prospects/atnhony-edwards#/'>Anthony Edwards</a></b> - <i>SG - <a target='_blank' href='https://www.sports-reference.com/cbb/players/anthony-edwards-2.html'>Georgia</a></b> </i></li> <ul style='list-style-type:none'> <li>Grade: Freshman </li> <li>Age: 19.3 </li> <li>Height: 77 in </li> <li>Weight: 225 lbs </li> <li>Wingspan: 81 in </li> <li>Ape: +4 </li> <li>++: age, strength, athleticism, frame </li> <li>+: ape, shot creation </li> <li>-: playmaking, effort, basketball IQ </li> <li>--: shot selection </li> </ul> <br> <li><b><a target='_blank' href='https://www.nba.com/draft/2020/prospects/james-wiseman#/'>James Wiseman</a></b> - <i>C - <a target='_blank' href='https://www.sports-reference.com/cbb/players/james-wiseman-1.html'>Memphis</a></b> </i></li> <ul style='list-style-type:none'> <li>Grade: Freshman </li> <li>Age: 19.6 </li> <li>Height: 85 in </li> <li>Weight: 237 lbs </li> <li>Wingspan: 90 in </li> <li>Ape: +5 </li> <li>++: frame, athleticism </li> <li>+: age, rim running, rim protection </li> <li>-: shot selection, decision making </li> <li>--: lack of data, competition, defensive reps </li> </ul> <br> </ol> <h2> Tier 2 (~55 FV)</h2> <ol start='5 '> <li><b><a target='_blank' href='https://www.nba.com/draft/2020/prospects/patrick-williams#/'>Patrick Williams</a></b> - <i>SF - <a target='_blank' href='https://www.sports-reference.com/cbb/players/patrick-williams-2.html'>Florida State</a></b> </i></li> <ul style='list-style-type:none'> <li>Grade: Freshman </li> <li>Age: 19.3 </li> <li>Height: 80 in </li> <li>Weight: 225 lbs </li> <li>Wingspan: 83 in </li> <li>Ape: +3 </li> <li>++: age </li> <li>+: off ball defense, free throw shooting, off ball offense </li> <li>-: turnover prone, horizontal athleticism </li> </ul> <br> <li><b><a target='_blank' href='https://www.nba.com/draft/2020/prospects/devin-vassell#/'>Devin Vassell</a></b> - <i>SF - <a target='_blank' href='https://www.sports-reference.com/cbb/players/devin-vassell-1.html'>Florida State</a></b> </i></li> <ul style='list-style-type:none'> <li>Grade: Sophomore </li> <li>Age: 20.2 </li> <li>Height: 79 in </li> <li>Weight: 194 lbs </li> <li>Wingspan: 82 in </li> <li>Ape: +3 </li> <li>++: age </li> <li>+: defensive motor, on ball defense, shot selection </li> <li>-: finishing, strength </li> </ul> <br> </ol> <h2> Tier 3 (~50+ FV)</h2> <ol start='7 '> <li><b><a target='_blank' href='https://www.nba.com/draft/2020/prospects/killian-hayes#/'>Killian Hayes</a></b> - <i>PG - <a target='_blank' href='https://www.basketball-reference.com/international/players/killian-hayes-1.html'>Ratiopharm (Germany)</a></b> </i></li> <ul style='list-style-type:none'> <li>Age: 19.3 </li> <li>Height: 77 in </li> <li>Weight: 215 lbs </li> <li>Wingspan: 80.25 in </li> <li>Ape: +3.25 </li> <li>++: age </li> <li>+: size, shot creation/playmaking, shooting </li> <li>-: athleticism, driving, right hand dominance </li> </ul> <br> <li><b><a target='_blank' href='https://www.nba.com/draft/2020/prospects/kira-lewis#/'>Kira Lewis Jr.</a></b> - <i>PG - <a target='_blank' href='https://www.sports-reference.com/cbb/players/kira-lewisjr-1.html'>Alabama</a></b> </i></li> <ul style='list-style-type:none'> <li>Grade: Sophomore </li> <li>Age: 19.6 </li> <li>Height: 75 in </li> <li>Weight: 165 lbs </li> <li>Wingspan: 78 in </li> <li>Ape: +3 </li> <li>++: age </li> <li>+: shooting, shot creation, pick-and-roll ability </li> <li>-: defensive versatility, playmaking, frame </li> </ul> <br> <li><b><a target='_blank' href='https://www.nba.com/draft/2020/prospects/tyrese-haliburton#/'>Tyrese Haliburton</a></b> - <i>PG - <a target='_blank' href='https://www.sports-reference.com/cbb/players/tyrese-haliburton-1.html'>Iowa State</a></b> </i></li> <ul style='list-style-type:none'> <li>Grade: Sophomore </li> <li>Age: 20.7 </li> <li>Height: 77 in </li> <li>Weight: 175 lbs </li> <li>Wingspan: 80 in </li> <li>Ape: +3 </li> <li>+: basketball IQ, shot selection, playmaking </li> <li>-: athleticsm, shot creation, interior offense </li> </ul> <br>
A11: Aleksej Pokusevski | B11: PF | C11: =IFERROR(INDEX(actual!A:A,MATCH(A11,actual!B:B,FALSE)), "") -> 17 | D11: =IFERROR(INDEX(actual!C:C,MATCH(A11,actual!B:B,FALSE)), "") -> OKC | E11: Olympiacos B (Greece A2) | G11: =YEARFRAC(W11, $G$1, 1) -> 18.896646 | H11: =IFERROR(LEFT(AC11,FIND("'",AC11)-1)*12+SUBSTITUTE(MID(AC11,FIND("'",AC11)+1,LEN(AC11)),"''",""), "") -> 84 | I11: =AD11 -> 201 | J11: =IFERROR(LEFT(AE11,FIND("'",AE11)-1)*12+SUBSTITUTE(MID(AE11,FIND("'",AE11)+1,LEN(AE11)),"''",""), "") -> 87 | K11: =IFERROR(LEFT(AF11,FIND("'",AF11)-1)*12+SUBSTITUTE(MID(AF11,FIND("'",AF11)+1,LEN(AF11)),"''",""), "") | L11: =IFERROR(IF(AND(J11-H11>= 0, J11 > 0), "+", ""),"") & IFERROR(IF(AND(J11-H11>= -5, J11 > 0), J11-H11, ""),"") -> +3 | M11: =IF(H11>0, IFERROR((J11-60)/(H11-60),""), "") -> 1.125 | N11: age | O11: height and fluidity allows for unicorn potential | P11: height and weight allows for bust potential, quality of competition | R11: 50 | S11: 10 | T11: =IF(R11=R10,T10, MAX(T$1:T10)+1) -> 4 | U11: https://www.basketball-reference.com/international/players/aleksej-pokusevski-1.html | V11: https://www.nba.com/draft/2020/prospects/aleksej-pokusevski#/ | W11: 37251 | X11: 3 | Y11: 12 | AA11: 13 | AB11: 18 | AC11: =IFERROR(INDEX('ringer measureables'!$A:$J,MATCH($A11,'ringer measureables'!$A:$A,FALSE),7), "") -> 7'0 | AD11: =IFERROR(INDEX('ringer measureables'!$A:$J,MATCH($A11,'ringer measureables'!$A:$A,FALSE),9), "") -> 201 | AE11: =IFERROR(INDEX('ringer measureables'!$A:$J,MATCH($A11,'ringer measureables'!$A:$A,FALSE),10), "") -> 7'3 | AF11: =IFERROR(INDEX('ringer measureables'!$A:$J,MATCH($A11,'ringer measureables'!$A:$A,FALSE),8), "") -> 0 | AG11: =AG10 & IF(T11=T10, "", IF(T11=1, " <!-- rankings --> ", " </ol> " ) & "<h2> Tier " & T11 & " (~" & IF(MOD(R11, 5)=0, R11, FLOOR(R11, 5) & "+") & " FV)</h2> <ol start='" & S11 & " '> " ) & " <li><b><a target='_blank' href='" & V11 & "'>" & A11 & "</a></b> - <i>" & B11 & " - <a target='_blank' href='" & U11 & "'>" & E11 & "</a></b> </i></li> <ul style='list-style-type:none'>" & IF(F11 <> "", " <li>Grade: " & F11 & " </li>", "") & IF(G11 <> "", " <li>Age: " & ROUND(G11,1) & " </li>", "") & IF(H11 <> "", " <li>Height: " & H11 & " in </li>", "") & IF(I11 <> "", " <li>Weight: " & I11 & " lbs </li>", "") & IF(J11 <> "", " <li>Wingspan: " & J11 & " in </li>", "") & IF(K11 <> "", " <li>Reach: " & K11 & " in </li>", "") & IF(L11 <> "", " <li>Ape: " & L11 & " </li>", "") & IF(N11 <> "", " <li>++: " & N11 & " </li>", "") & IF(O11 <> "", " <li>+: " & O11 & " </li>", "") & IF(P11 <> "", " <li>-: " & P11 & " </li>", "") & IF(Q11 <> "", " <li>--: " & Q11 & " </li>", "") & " </ul> <br>" & IF(T12="", " </ol> <!-- # end of rankings --> ", "") -> <!-- rankings --> <h2> Tier 1 (~55+ FV)</h2> <ol start='1 '> <li><b><a target='_blank' href='https://www.nba.com/draft/2020/prospects/onyeka-okongwu#/'>Onyeka Okongwu</a></b> - <i>PF - <a target='_blank' href='https://www.sports-reference.com/cbb/players/onyeka-okongwu-1.html'>USC</a></b> </i></li> <ul style='list-style-type:none'> <li>Grade: Freshman </li> <li>Age: 19.9 </li> <li>Height: 81 in </li> <li>Weight: 245 lbs </li> <li>Wingspan: 85 in </li> <li>Ape: +4 </li> <li>++: defensive versatility </li> <li>+: finishing, playmaking as a big, motor, shooting </li> <li>-: may not be quite big enough to hang with elite Centers </li> </ul> <br> <li><b><a target='_blank' href='https://www.nba.com/draft/2020/prospects/lamelo-ball#/'>LaMelo Ball</a></b> - <i>PG - <a target='_blank' href='https://www.basketball-reference.com/international/players/lamelo-ball-1.html'>Illawarra Hawks (Australia)</a></b> </i></li> <ul style='list-style-type:none'> <li>Age: 19.2 </li> <li>Height: 79 in </li> <li>Weight: 190 lbs </li> <li>Wingspan: 82 in </li> <li>Ape: +3 </li> <li>++: age, primary ball handling, passing </li> <li>+: size, rebounding </li> <li>-: effort, decision making </li> <li>--: finishing, shot selection </li> </ul> <br> <li><b><a target='_blank' href='https://www.nba.com/draft/2020/prospects/atnhony-edwards#/'>Anthony Edwards</a></b> - <i>SG - <a target='_blank' href='https://www.sports-reference.com/cbb/players/anthony-edwards-2.html'>Georgia</a></b> </i></li> <ul style='list-style-type:none'> <li>Grade: Freshman </li> <li>Age: 19.3 </li> <li>Height: 77 in </li> <li>Weight: 225 lbs </li> <li>Wingspan: 81 in </li> <li>Ape: +4 </li> <li>++: age, strength, athleticism, frame </li> <li>+: ape, shot creation </li> <li>-: playmaking, effort, basketball IQ </li> <li>--: shot selection </li> </ul> <br> <li><b><a target='_blank' href='https://www.nba.com/draft/2020/prospects/james-wiseman#/'>James Wiseman</a></b> - <i>C - <a target='_blank' href='https://www.sports-reference.com/cbb/players/james-wiseman-1.html'>Memphis</a></b> </i></li> <ul style='list-style-type:none'> <li>Grade: Freshman </li> <li>Age: 19.6 </li> <li>Height: 85 in </li> <li>Weight: 237 lbs </li> <li>Wingspan: 90 in </li> <li>Ape: +5 </li> <li>++: frame, athleticism </li> <li>+: age, rim running, rim protection </li> <li>-: shot selection, decision making </li> <li>--: lack of data, competition, defensive reps </li> </ul> <br> </ol> <h2> Tier 2 (~55 FV)</h2> <ol start='5 '> <li><b><a target='_blank' href='https://www.nba.com/draft/2020/prospects/patrick-williams#/'>Patrick Williams</a></b> - <i>SF - <a target='_blank' href='https://www.sports-reference.com/cbb/players/patrick-williams-2.html'>Florida State</a></b> </i></li> <ul style='list-style-type:none'> <li>Grade: Freshman </li> <li>Age: 19.3 </li> <li>Height: 80 in </li> <li>Weight: 225 lbs </li> <li>Wingspan: 83 in </li> <li>Ape: +3 </li> <li>++: age </li> <li>+: off ball defense, free throw shooting, off ball offense </li> <li>-: turnover prone, horizontal athleticism </li> </ul> <br> <li><b><a target='_blank' href='https://www.nba.com/draft/2020/prospects/devin-vassell#/'>Devin Vassell</a></b> - <i>SF - <a target='_blank' href='https://www.sports-reference.com/cbb/players/devin-vassell-1.html'>Florida State</a></b> </i></li> <ul style='list-style-type:none'> <li>Grade: Sophomore </li> <li>Age: 20.2 </li> <li>Height: 79 in </li> <li>Weight: 194 lbs </li> <li>Wingspan: 82 in </li> <li>Ape: +3 </li> <li>++: age </li> <li>+: defensive motor, on ball defense, shot selection </li> <li>-: finishing, strength </li> </ul> <br> </ol> <h2> Tier 3 (~50+ FV)</h2> <ol start='7 '> <li><b><a target='_blank' href='https://www.nba.com/draft/2020/prospects/killian-hayes#/'>Killian Hayes</a></b> - <i>PG - <a target='_blank' href='https://www.basketball-reference.com/international/players/killian-hayes-1.html'>Ratiopharm (Germany)</a></b> </i></li> <ul style='list-style-type:none'> <li>Age: 19.3 </li> <li>Height: 77 in </li> <li>Weight: 215 lbs </li> <li>Wingspan: 80.25 in </li> <li>Ape: +3.25 </li> <li>++: age </li> <li>+: size, shot creation/playmaking, shooting </li> <li>-: athleticism, driving, right hand dominance </li> </ul> <br> <li><b><a target='_blank' href='https://www.nba.com/draft/2020/prospects/kira-lewis#/'>Kira Lewis Jr.</a></b> - <i>PG - <a target='_blank' href='https://www.sports-reference.com/cbb/players/kira-lewisjr-1.html'>Alabama</a></b> </i></li> <ul style='list-style-type:none'> <li>Grade: Sophomore </li> <li>Age: 19.6 </li> <li>Height: 75 in </li> <li>Weight: 165 lbs </li> <li>Wingspan: 78 in </li> <li>Ape: +3 </li> <li>++: age </li> <li>+: shooting, shot creation, pick-and-roll ability </li> <li>-: defensive versatility, playmaking, frame </li> </ul> <br> <li><b><a target='_blank' href='https://www.nba.com/draft/2020/prospects/tyrese-haliburton#/'>Tyrese Haliburton</a></b> - <i>PG - <a target='_blank' href='https://www.sports-reference.com/cbb/players/tyrese-haliburton-1.html'>Iowa State</a></b> </i></li> <ul style='list-style-type:none'> <li>Grade: Sophomore </li> <li>Age: 20.7 </li> <li>Height: 77 in </li> <li>Weight: 175 lbs </li> <li>Wingspan: 80 in </li> <li>Ape: +3 </li> <li>+: basketball IQ, shot selection, playmaking </li> <li>-: athleticsm, shot creation, interior offense </li> </ul> <br> </ol> <h2> Tier 4 (~50 FV)</h2> <ol start='10 '> <li><b><a target='_blank' href='https://www.nba.com/draft/2020/prospects/aleksej-pokusevski#/'>Aleksej Pokusevski</a></b> - <i>PF - <a target='_blank' href='https://www.basketball-reference.com/international/players/aleksej-pokusevski-1.html'>Olympiacos B (Greece A2) </a></b> </i></li> <ul style='list-style-type:none'> <li>Age: 18.9 </li> <li>Height: 84 in </li> <li>Weight: 201 lbs </li> <li>Wingspan: 87 in </li> <li>Ape: +3 </li> <li>++: age </li> <li>+: height and fluidity allows for unicorn potential </li> <li>-: height and weight allows for bust potential, quality of competition </li> </ul> <br>
A12: Deni Avdija | B12: SF | C12: =IFERROR(INDEX(actual!A:A,MATCH(A12,actual!B:B,FALSE)), "") -> 9 | D12: =IFERROR(INDEX(actual!C:C,MATCH(A12,actual!B:B,FALSE)), "") -> WAS | E12: Maccabi Tel Aviv (Israel) | G12: =YEARFRAC(W12, $G$1, 1) -> 19.874059 | H12: =IFERROR(LEFT(AC12,FIND("'",AC12)-1)*12+SUBSTITUTE(MID(AC12,FIND("'",AC12)+1,LEN(AC12)),"''",""), "") -> 81 | I12: =AD12 -> 215 | J12: =IFERROR(LEFT(AE12,FIND("'",AE12)-1)*12+SUBSTITUTE(MID(AE12,FIND("'",AE12)+1,LEN(AE12)),"''",""), "") -> 81 | K12: =IFERROR(LEFT(AF12,FIND("'",AF12)-1)*12+SUBSTITUTE(MID(AF12,FIND("'",AF12)+1,LEN(AF12)),"''",""), "") | L12: =IFERROR(IF(AND(J12-H12>= 0, J12 > 0), "+", ""),"") & IFERROR(IF(AND(J12-H12>= -5, J12 > 0), J12-H12, ""),"") -> +0 | M12: =IF(H12>0, IFERROR((J12-60)/(H12-60),""), "") -> 1 | O12: secondary ball handling/playmaking, basketball IQ | P12: athleticism | Q12: shooting, wingspan | R12: 50 | S12: 11 | T12: =IF(R12=R11,T11, MAX(T$1:T11)+1) -> 4 | U12: https://www.basketball-reference.com/international/players/deni-avdija-1.html | V12: https://www.nba.com/draft/2020/prospects/deni-avdija#/ | W12: 36894 | X12: 3 | Y12: 4 | Z12: - | AA12: 10 | AB12: 4 | AC12: =IFERROR(INDEX('ringer measureables'!$A:$J,MATCH($A12,'ringer measureables'!$A:$A,FALSE),7), "") -> 6'9 | AD12: =IFERROR(INDEX('ringer measureables'!$A:$J,MATCH($A12,'ringer measureables'!$A:$A,FALSE),9), "") -> 215 | AE12: =IFERROR(INDEX('ringer measureables'!$A:$J,MATCH($A12,'ringer measureables'!$A:$A,FALSE),10), "") -> 6'9 | AF12: =IFERROR(INDEX('ringer measureables'!$A:$J,MATCH($A12,'ringer measureables'!$A:$A,FALSE),8), "") -> 0 | AG12: =AG11 & IF(T12=T11, "", IF(T12=1, " <!-- rankings --> ", " </ol> " ) & "<h2> Tier " & T12 & " (~" & IF(MOD(R12, 5)=0, R12, FLOOR(R12, 5) & "+") & " FV)</h2> <ol start='" & S12 & " '> " ) & " <li><b><a target='_blank' href='" & V12 & "'>" & A12 & "</a></b> - <i>" & B12 & " - <a target='_blank' href='" & U12 & "'>" & E12 & "</a></b> </i></li> <ul style='list-style-type:none'>" & IF(F12 <> "", " <li>Grade: " & F12 & " </li>", "") & IF(G12 <> "", " <li>Age: " & ROUND(G12,1) & " </li>", "") & IF(H12 <> "", " <li>Height: " & H12 & " in </li>", "") & IF(I12 <> "", " <li>Weight: " & I12 & " lbs </li>", "") & IF(J12 <> "", " <li>Wingspan: " & J12 & " in </li>", "") & IF(K12 <> "", " <li>Reach: " & K12 & " in </li>", "") & IF(L12 <> "", " <li>Ape: " & L12 & " </li>", "") & IF(N12 <> "", " <li>++: " & N12 & " </li>", "") & IF(O12 <> "", " <li>+: " & O12 & " </li>", "") & IF(P12 <> "", " <li>-: " & P12 & " </li>", "") & IF(Q12 <> "", " <li>--: " & Q12 & " </li>", "") & " </ul> <br>" & IF(T13="", " </ol> <!-- # end of rankings --> ", "") -> <!-- rankings --> <h2> Tier 1 (~55+ FV)</h2> <ol start='1 '> <li><b><a target='_blank' href='https://www.nba.com/draft/2020/prospects/onyeka-okongwu#/'>Onyeka Okongwu</a></b> - <i>PF - <a target='_blank' href='https://www.sports-reference.com/cbb/players/onyeka-okongwu-1.html'>USC</a></b> </i></li> <ul style='list-style-type:none'> <li>Grade: Freshman </li> <li>Age: 19.9 </li> <li>Height: 81 in </li> <li>Weight: 245 lbs </li> <li>Wingspan: 85 in </li> <li>Ape: +4 </li> <li>++: defensive versatility </li> <li>+: finishing, playmaking as a big, motor, shooting </li> <li>-: may not be quite big enough to hang with elite Centers </li> </ul> <br> <li><b><a target='_blank' href='https://www.nba.com/draft/2020/prospects/lamelo-ball#/'>LaMelo Ball</a></b> - <i>PG - <a target='_blank' href='https://www.basketball-reference.com/international/players/lamelo-ball-1.html'>Illawarra Hawks (Australia)</a></b> </i></li> <ul style='list-style-type:none'> <li>Age: 19.2 </li> <li>Height: 79 in </li> <li>Weight: 190 lbs </li> <li>Wingspan: 82 in </li> <li>Ape: +3 </li> <li>++: age, primary ball handling, passing </li> <li>+: size, rebounding </li> <li>-: effort, decision making </li> <li>--: finishing, shot selection </li> </ul> <br> <li><b><a target='_blank' href='https://www.nba.com/draft/2020/prospects/atnhony-edwards#/'>Anthony Edwards</a></b> - <i>SG - <a target='_blank' href='https://www.sports-reference.com/cbb/players/anthony-edwards-2.html'>Georgia</a></b> </i></li> <ul style='list-style-type:none'> <li>Grade: Freshman </li> <li>Age: 19.3 </li> <li>Height: 77 in </li> <li>Weight: 225 lbs </li> <li>Wingspan: 81 in </li> <li>Ape: +4 </li> <li>++: age, strength, athleticism, frame </li> <li>+: ape, shot creation </li> <li>-: playmaking, effort, basketball IQ </li> <li>--: shot selection </li> </ul> <br> <li><b><a target='_blank' href='https://www.nba.com/draft/2020/prospects/james-wiseman#/'>James Wiseman</a></b> - <i>C - <a target='_blank' href='https://www.sports-reference.com/cbb/players/james-wiseman-1.html'>Memphis</a></b> </i></li> <ul style='list-style-type:none'> <li>Grade: Freshman </li> <li>Age: 19.6 </li> <li>Height: 85 in </li> <li>Weight: 237 lbs </li> <li>Wingspan: 90 in </li> <li>Ape: +5 </li> <li>++: frame, athleticism </li> <li>+: age, rim running, rim protection </li> <li>-: shot selection, decision making </li> <li>--: lack of data, competition, defensive reps </li> </ul> <br> </ol> <h2> Tier 2 (~55 FV)</h2> <ol start='5 '> <li><b><a target='_blank' href='https://www.nba.com/draft/2020/prospects/patrick-williams#/'>Patrick Williams</a></b> - <i>SF - <a target='_blank' href='https://www.sports-reference.com/cbb/players/patrick-williams-2.html'>Florida State</a></b> </i></li> <ul style='list-style-type:none'> <li>Grade: Freshman </li> <li>Age: 19.3 </li> <li>Height: 80 in </li> <li>Weight: 225 lbs </li> <li>Wingspan: 83 in </li> <li>Ape: +3 </li> <li>++: age </li> <li>+: off ball defense, free throw shooting, off ball offense </li> <li>-: turnover prone, horizontal athleticism </li> </ul> <br> <li><b><a target='_blank' href='https://www.nba.com/draft/2020/prospects/devin-vassell#/'>Devin Vassell</a></b> - <i>SF - <a target='_blank' href='https://www.sports-reference.com/cbb/players/devin-vassell-1.html'>Florida State</a></b> </i></li> <ul style='list-style-type:none'> <li>Grade: Sophomore </li> <li>Age: 20.2 </li> <li>Height: 79 in </li> <li>Weight: 194 lbs </li> <li>Wingspan: 82 in </li> <li>Ape: +3 </li> <li>++: age </li> <li>+: defensive motor, on ball defense, shot selection </li> <li>-: finishing, strength </li> </ul> <br> </ol> <h2> Tier 3 (~50+ FV)</h2> <ol start='7 '> <li><b><a target='_blank' href='https://www.nba.com/draft/2020/prospects/killian-hayes#/'>Killian Hayes</a></b> - <i>PG - <a target='_blank' href='https://www.basketball-reference.com/international/players/killian-hayes-1.html'>Ratiopharm (Germany)</a></b> </i></li> <ul style='list-style-type:none'> <li>Age: 19.3 </li> <li>Height: 77 in </li> <li>Weight: 215 lbs </li> <li>Wingspan: 80.25 in </li> <li>Ape: +3.25 </li> <li>++: age </li> <li>+: size, shot creation/playmaking, shooting </li> <li>-: athleticism, driving, right hand dominance </li> </ul> <br> <li><b><a target='_blank' href='https://www.nba.com/draft/2020/prospects/kira-lewis#/'>Kira Lewis Jr.</a></b> - <i>PG - <a target='_blank' href='https://www.sports-reference.com/cbb/players/kira-lewisjr-1.html'>Alabama</a></b> </i></li> <ul style='list-style-type:none'> <li>Grade: Sophomore </li> <li>Age: 19.6 </li> <li>Height: 75 in </li> <li>Weight: 165 lbs </li> <li>Wingspan: 78 in </li> <li>Ape: +3 </li> <li>++: age </li> <li>+: shooting, shot creation, pick-and-roll ability </li> <li>-: defensive versatility, playmaking, frame </li> </ul> <br> <li><b><a target='_blank' href='https://www.nba.com/draft/2020/prospects/tyrese-haliburton#/'>Tyrese Haliburton</a></b> - <i>PG - <a target='_blank' href='https://www.sports-reference.com/cbb/players/tyrese-haliburton-1.html'>Iowa State</a></b> </i></li> <ul style='list-style-type:none'> <li>Grade: Sophomore </li> <li>Age: 20.7 </li> <li>Height: 77 in </li> <li>Weight: 175 lbs </li> <li>Wingspan: 80 in </li> <li>Ape: +3 </li> <li>+: basketball IQ, shot selection, playmaking </li> <li>-: athleticsm, shot creation, interior offense </li> </ul> <br> </ol> <h2> Tier 4 (~50 FV)</h2> <ol start='10 '> <li><b><a target='_blank' href='https://www.nba.com/draft/2020/prospects/aleksej-pokusevski#/'>Aleksej Pokusevski</a></b> - <i>PF - <a target='_blank' href='https://www.basketball-reference.com/international/players/aleksej-pokusevski-1.html'>Olympiacos B (Greece A2) </a></b> </i></li> <ul style='list-style-type:none'> <li>Age: 18.9 </li> <li>Height: 84 in </li> <li>Weight: 201 lbs </li> <li>Wingspan: 87 in </li> <li>Ape: +3 </li> <li>++: age </li> <li>+: height and fluidity allows for unicorn potential </li> <li>-: height and weight allows for bust potential, quality of competition </li> </ul> <br> <li><b><a target='_blank' href='https://www.nba.com/draft/2020/prospects/deni-avdija#/'>Deni Avdija</a></b> - <i>SF - <a target='_blank' href='https://www.basketball-reference.com/international/players/deni-avdija-1.html'>Maccabi Tel Aviv (Israel)</a></b> </i></li> <ul style='list-style-type:none'> <li>Age: 19.9 </li> <li>Height: 81 in </li> <li>Weight: 215 lbs </li> <li>Wingspan: 81 in </li> <li>Ape: +0 </li> <li>+: secondary ball handling/playmaking, basketball IQ </li> <li>-: athleticism </li> <li>--: shooting, wingspan </li> </ul> <br>
A13: Isaac Okoro | B13: SF | C13: =IFERROR(INDEX(actual!A:A,MATCH(A13,actual!B:B,FALSE)), "") -> 5 | D13: =IFERROR(INDEX(actual!C:C,MATCH(A13,actual!B:B,FALSE)), "") -> CLE | E13: Auburn | F13: Freshman | G13: =YEARFRAC(W13, $G$1, 1) -> 19.811088 | H13: =IFERROR(LEFT(AC13,FIND("'",AC13)-1)*12+SUBSTITUTE(MID(AC13,FIND("'",AC13)+1,LEN(AC13)),"''",""), "") -> 78 | I13: =AD13 -> 225 | J13: =IFERROR(LEFT(AE13,FIND("'",AE13)-1)*12+SUBSTITUTE(MID(AE13,FIND("'",AE13)+1,LEN(AE13)),"''",""), "") -> 81 | K13: =IFERROR(LEFT(AF13,FIND("'",AF13)-1)*12+SUBSTITUTE(MID(AF13,FIND("'",AF13)+1,LEN(AF13)),"''",""), "") | L13: =IFERROR(IF(AND(J13-H13>= 0, J13 > 0), "+", ""),"") & IFERROR(IF(AND(J13-H13>= -5, J13 > 0), J13-H13, ""),"") -> +3 | M13: =IF(H13>0, IFERROR((J13-60)/(H13-60),""), "") -> 1.1666667 | N13: wing defense | O13: secondary ball handling/playmaking, interior finishing/foul drawing | Q13: shooting | R13: 50 | S13: 12 | T13: =IF(R13=R12,T12, MAX(T$1:T12)+1) -> 4 | U13: https://www.sports-reference.com/cbb/players/isaac-okoro-1.html | V13: https://www.nba.com/draft/2020/prospects/isaac-okoro#/ | W13: 36917 | X13: 3 | Y13: 9 | Z13: - | AA13: 6 | AB13: 7 | AC13: =IFERROR(INDEX('ringer measureables'!$A:$J,MATCH($A13,'ringer measureables'!$A:$A,FALSE),7), "") -> 6'6 | AD13: =IFERROR(INDEX('ringer measureables'!$A:$J,MATCH($A13,'ringer measureables'!$A:$A,FALSE),9), "") -> 225 | AE13: =IFERROR(INDEX('ringer measureables'!$A:$J,MATCH($A13,'ringer measureables'!$A:$A,FALSE),10), "") -> 6'9 | AF13: =IFERROR(INDEX('ringer measureables'!$A:$J,MATCH($A13,'ringer measureables'!$A:$A,FALSE),8), "") -> 0 | AG13: =AG12 & IF(T13=T12, "", IF(T13=1, " <!-- rankings --> ", " </ol> " ) & "<h2> Tier " & T13 & " (~" & IF(MOD(R13, 5)=0, R13, FLOOR(R13, 5) & "+") & " FV)</h2> <ol start='" & S13 & " '> " ) & " <li><b><a target='_blank' href='" & V13 & "'>" & A13 & "</a></b> - <i>" & B13 & " - <a target='_blank' href='" & U13 & "'>" & E13 & "</a></b> </i></li> <ul style='list-style-type:none'>" & IF(F13 <> "", " <li>Grade: " & F13 & " </li>", "") & IF(G13 <> "", " <li>Age: " & ROUND(G13,1) & " </li>", "") & IF(H13 <> "", " <li>Height: " & H13 & " in </li>", "") & IF(I13 <> "", " <li>Weight: " & I13 & " lbs </li>", "") & IF(J13 <> "", " <li>Wingspan: " & J13 & " in </li>", "") & IF(K13 <> "", " <li>Reach: " & K13 & " in </li>", "") & IF(L13 <> "", " <li>Ape: " & L13 & " </li>", "") & IF(N13 <> "", " <li>++: " & N13 & " </li>", "") & IF(O13 <> "", " <li>+: " & O13 & " </li>", "") & IF(P13 <> "", " <li>-: " & P13 & " </li>", "") & IF(Q13 <> "", " <li>--: " & Q13 & " </li>", "") & " </ul> <br>" & IF(T14="", " </ol> <!-- # end of rankings --> ", "") -> <!-- rankings --> <h2> Tier 1 (~55+ FV)</h2> <ol start='1 '> <li><b><a target='_blank' href='https://www.nba.com/draft/2020/prospects/onyeka-okongwu#/'>Onyeka Okongwu</a></b> - <i>PF - <a target='_blank' href='https://www.sports-reference.com/cbb/players/onyeka-okongwu-1.html'>USC</a></b> </i></li> <ul style='list-style-type:none'> <li>Grade: Freshman </li> <li>Age: 19.9 </li> <li>Height: 81 in </li> <li>Weight: 245 lbs </li> <li>Wingspan: 85 in </li> <li>Ape: +4 </li> <li>++: defensive versatility </li> <li>+: finishing, playmaking as a big, motor, shooting </li> <li>-: may not be quite big enough to hang with elite Centers </li> </ul> <br> <li><b><a target='_blank' href='https://www.nba.com/draft/2020/prospects/lamelo-ball#/'>LaMelo Ball</a></b> - <i>PG - <a target='_blank' href='https://www.basketball-reference.com/international/players/lamelo-ball-1.html'>Illawarra Hawks (Australia)</a></b> </i></li> <ul style='list-style-type:none'> <li>Age: 19.2 </li> <li>Height: 79 in </li> <li>Weight: 190 lbs </li> <li>Wingspan: 82 in </li> <li>Ape: +3 </li> <li>++: age, primary ball handling, passing </li> <li>+: size, rebounding </li> <li>-: effort, decision making </li> <li>--: finishing, shot selection </li> </ul> <br> <li><b><a target='_blank' href='https://www.nba.com/draft/2020/prospects/atnhony-edwards#/'>Anthony Edwards</a></b> - <i>SG - <a target='_blank' href='https://www.sports-reference.com/cbb/players/anthony-edwards-2.html'>Georgia</a></b> </i></li> <ul style='list-style-type:none'> <li>Grade: Freshman </li> <li>Age: 19.3 </li> <li>Height: 77 in </li> <li>Weight: 225 lbs </li> <li>Wingspan: 81 in </li> <li>Ape: +4 </li> <li>++: age, strength, athleticism, frame </li> <li>+: ape, shot creation </li> <li>-: playmaking, effort, basketball IQ </li> <li>--: shot selection </li> </ul> <br> <li><b><a target='_blank' href='https://www.nba.com/draft/2020/prospects/james-wiseman#/'>James Wiseman</a></b> - <i>C - <a target='_blank' href='https://www.sports-reference.com/cbb/players/james-wiseman-1.html'>Memphis</a></b> </i></li> <ul style='list-style-type:none'> <li>Grade: Freshman </li> <li>Age: 19.6 </li> <li>Height: 85 in </li> <li>Weight: 237 lbs </li> <li>Wingspan: 90 in </li> <li>Ape: +5 </li> <li>++: frame, athleticism </li> <li>+: age, rim running, rim protection </li> <li>-: shot selection, decision making </li> <li>--: lack of data, competition, defensive reps </li> </ul> <br> </ol> <h2> Tier 2 (~55 FV)</h2> <ol start='5 '> <li><b><a target='_blank' href='https://www.nba.com/draft/2020/prospects/patrick-williams#/'>Patrick Williams</a></b> - <i>SF - <a target='_blank' href='https://www.sports-reference.com/cbb/players/patrick-williams-2.html'>Florida State</a></b> </i></li> <ul style='list-style-type:none'> <li>Grade: Freshman </li> <li>Age: 19.3 </li> <li>Height: 80 in </li> <li>Weight: 225 lbs </li> <li>Wingspan: 83 in </li> <li>Ape: +3 </li> <li>++: age </li> <li>+: off ball defense, free throw shooting, off ball offense </li> <li>-: turnover prone, horizontal athleticism </li> </ul> <br> <li><b><a target='_blank' href='https://www.nba.com/draft/2020/prospects/devin-vassell#/'>Devin Vassell</a></b> - <i>SF - <a target='_blank' href='https://www.sports-reference.com/cbb/players/devin-vassell-1.html'>Florida State</a></b> </i></li> <ul style='list-style-type:none'> <li>Grade: Sophomore </li> <li>Age: 20.2 </li> <li>Height: 79 in </li> <li>Weight: 194 lbs </li> <li>Wingspan: 82 in </li> <li>Ape: +3 </li> <li>++: age </li> <li>+: defensive motor, on ball defense, shot selection </li> <li>-: finishing, strength </li> </ul> <br> </ol> <h2> Tier 3 (~50+ FV)</h2> <ol start='7 '> <li><b><a target='_blank' href='https://www.nba.com/draft/2020/prospects/killian-hayes#/'>Killian Hayes</a></b> - <i>PG - <a target='_blank' href='https://www.basketball-reference.com/international/players/killian-hayes-1.html'>Ratiopharm (Germany)</a></b> </i></li> <ul style='list-style-type:none'> <li>Age: 19.3 </li> <li>Height: 77 in </li> <li>Weight: 215 lbs </li> <li>Wingspan: 80.25 in </li> <li>Ape: +3.25 </li> <li>++: age </li> <li>+: size, shot creation/playmaking, shooting </li> <li>-: athleticism, driving, right hand dominance </li> </ul> <br> <li><b><a target='_blank' href='https://www.nba.com/draft/2020/prospects/kira-lewis#/'>Kira Lewis Jr.</a></b> - <i>PG - <a target='_blank' href='https://www.sports-reference.com/cbb/players/kira-lewisjr-1.html'>Alabama</a></b> </i></li> <ul style='list-style-type:none'> <li>Grade: Sophomore </li> <li>Age: 19.6 </li> <li>Height: 75 in </li> <li>Weight: 165 lbs </li> <li>Wingspan: 78 in </li> <li>Ape: +3 </li> <li>++: age </li> <li>+: shooting, shot creation, pick-and-roll ability </li> <li>-: defensive versatility, playmaking, frame </li> </ul> <br> <li><b><a target='_blank' href='https://www.nba.com/draft/2020/prospects/tyrese-haliburton#/'>Tyrese Haliburton</a></b> - <i>PG - <a target='_blank' href='https://www.sports-reference.com/cbb/players/tyrese-haliburton-1.html'>Iowa State</a></b> </i></li> <ul style='list-style-type:none'> <li>Grade: Sophomore </li> <li>Age: 20.7 </li> <li>Height: 77 in </li> <li>Weight: 175 lbs </li> <li>Wingspan: 80 in </li> <li>Ape: +3 </li> <li>+: basketball IQ, shot selection, playmaking </li> <li>-: athleticsm, shot creation, interior offense </li> </ul> <br> </ol> <h2> Tier 4 (~50 FV)</h2> <ol start='10 '> <li><b><a target='_blank' href='https://www.nba.com/draft/2020/prospects/aleksej-pokusevski#/'>Aleksej Pokusevski</a></b> - <i>PF - <a target='_blank' href='https://www.basketball-reference.com/international/players/aleksej-pokusevski-1.html'>Olympiacos B (Greece A2) </a></b> </i></li> <ul style='list-style-type:none'> <li>Age: 18.9 </li> <li>Height: 84 in </li> <li>Weight: 201 lbs </li> <li>Wingspan: 87 in </li> <li>Ape: +3 </li> <li>++: age </li> <li>+: height and fluidity allows for unicorn potential </li> <li>-: height and weight allows for bust potential, quality of competition </li> </ul> <br> <li><b><a target='_blank' href='https://www.nba.com/draft/2020/prospects/deni-avdija#/'>Deni Avdija</a></b> - <i>SF - <a target='_blank' href='https://www.basketball-reference.com/international/players/deni-avdija-1.html'>Maccabi Tel Aviv (Israel)</a></b> </i></li> <ul style='list-style-type:none'> <li>Age: 19.9 </li> <li>Height: 81 in </li> <li>Weight: 215 lbs </li> <li>Wingspan: 81 in </li> <li>Ape: +0 </li> <li>+: secondary ball handling/playmaking, basketball IQ </li> <li>-: athleticism </li> <li>--: shooting, wingspan </li> </ul> <br> <li><b><a target='_blank' href='https://www.nba.com/draft/2020/prospects/isaac-okoro#/'>Isaac Okoro</a></b> - <i>SF - <a target='_blank' href='https://www.sports-reference.com/cbb/players/isaac-okoro-1.html'>Auburn</a></b> </i></li> <ul style='list-style-type:none'> <li>Grade: Freshman </li> <li>Age: 19.8 </li> <li>Height: 78 in </li> <li>Weight: 225 lbs </li> <li>Wingspan: 81 in </li> <li>Ape: +3 </li> <li>++: wing defense </li> <li>+: secondary ball handling/playmaking, interior finishing/foul drawing </li> <li>--: shooting </li> </ul> <br>
A14: Tyrese Maxey | B14: PG | C14: =IFERROR(INDEX(actual!A:A,MATCH(A14,actual!B:B,FALSE)), "") -> 21 | D14: =IFERROR(INDEX(actual!C:C,MATCH(A14,actual!B:B,FALSE)), "") -> PHI | E14: Kentucky | F14: Freshman | G14: =YEARFRAC(W14, $G$1, 1) -> 20.036371 | H14: =IFERROR(LEFT(AC14,FIND("'",AC14)-1)*12+SUBSTITUTE(MID(AC14,FIND("'",AC14)+1,LEN(AC14)),"''",""), "") -> 75 | I14: =AD14 -> 198 | J14: =IFERROR(LEFT(AE14,FIND("'",AE14)-1)*12+SUBSTITUTE(MID(AE14,FIND("'",AE14)+1,LEN(AE14)),"''",""), "") -> 78 | K14: =IFERROR(LEFT(AF14,FIND("'",AF14)-1)*12+SUBSTITUTE(MID(AF14,FIND("'",AF14)+1,LEN(AF14)),"''",""), "") | L14: =IFERROR(IF(AND(J14-H14>= 0, J14 > 0), "+", ""),"") & IFERROR(IF(AND(J14-H14>= -5, J14 > 0), J14-H14, ""),"") -> +3 | M14: =IF(H14>0, IFERROR((J14-60)/(H14-60),""), "") -> 1.2 | O14: finishing, free throw shooting, defense | P14: shot creation | R14: 50 | S14: 13 | T14: =IF(R14=R13,T13, MAX(T$1:T13)+1) -> 4 | U14: https://www.sports-reference.com/cbb/players/tyrese-maxey-1.html | V14: https://www.nba.com/draft/2020/prospects/tyrese-maxey#/ | W14: 36834 | X14: 4 | Y14: 13 | AA14: 16 | AB14: 15 | AC14: =IFERROR(INDEX('ringer measureables'!$A:$J,MATCH($A14,'ringer measureables'!$A:$A,FALSE),7), "") -> 6'3 | AD14: =IFERROR(INDEX('ringer measureables'!$A:$J,MATCH($A14,'ringer measureables'!$A:$A,FALSE),9), "") -> 198 | AE14: =IFERROR(INDEX('ringer measureables'!$A:$J,MATCH($A14,'ringer measureables'!$A:$A,FALSE),10), "") -> 6'6 | AF14: =IFERROR(INDEX('ringer measureables'!$A:$J,MATCH($A14,'ringer measureables'!$A:$A,FALSE),8), "") -> 0 | AG14: =AG13 & IF(T14=T13, "", IF(T14=1, " <!-- rankings --> ", " </ol> " ) & "<h2> Tier " & T14 & " (~" & IF(MOD(R14, 5)=0, R14, FLOOR(R14, 5) & "+") & " FV)</h2> <ol start='" & S14 & " '> " ) & " <li><b><a target='_blank' href='" & V14 & "'>" & A14 & "</a></b> - <i>" & B14 & " - <a target='_blank' href='" & U14 & "'>" & E14 & "</a></b> </i></li> <ul style='list-style-type:none'>" & IF(F14 <> "", " <li>Grade: " & F14 & " </li>", "") & IF(G14 <> "", " <li>Age: " & ROUND(G14,1) & " </li>", "") & IF(H14 <> "", " <li>Height: " & H14 & " in </li>", "") & IF(I14 <> "", " <li>Weight: " & I14 & " lbs </li>", "") & IF(J14 <> "", " <li>Wingspan: " & J14 & " in </li>", "") & IF(K14 <> "", " <li>Reach: " & K14 & " in </li>", "") & IF(L14 <> "", " <li>Ape: " & L14 & " </li>", "") & IF(N14 <> "", " <li>++: " & N14 & " </li>", "") & IF(O14 <> "", " <li>+: " & O14 & " </li>", "") & IF(P14 <> "", " <li>-: " & P14 & " </li>", "") & IF(Q14 <> "", " <li>--: " & Q14 & " </li>", "") & " </ul> <br>" & IF(T15="", " </ol> <!-- # end of rankings --> ", "") -> <!-- rankings --> <h2> Tier 1 (~55+ FV)</h2> <ol start='1 '> <li><b><a target='_blank' href='https://www.nba.com/draft/2020/prospects/onyeka-okongwu#/'>Onyeka Okongwu</a></b> - <i>PF - <a target='_blank' href='https://www.sports-reference.com/cbb/players/onyeka-okongwu-1.html'>USC</a></b> </i></li> <ul style='list-style-type:none'> <li>Grade: Freshman </li> <li>Age: 19.9 </li> <li>Height: 81 in </li> <li>Weight: 245 lbs </li> <li>Wingspan: 85 in </li> <li>Ape: +4 </li> <li>++: defensive versatility </li> <li>+: finishing, playmaking as a big, motor, shooting </li> <li>-: may not be quite big enough to hang with elite Centers </li> </ul> <br> <li><b><a target='_blank' href='https://www.nba.com/draft/2020/prospects/lamelo-ball#/'>LaMelo Ball</a></b> - <i>PG - <a target='_blank' href='https://www.basketball-reference.com/international/players/lamelo-ball-1.html'>Illawarra Hawks (Australia)</a></b> </i></li> <ul style='list-style-type:none'> <li>Age: 19.2 </li> <li>Height: 79 in </li> <li>Weight: 190 lbs </li> <li>Wingspan: 82 in </li> <li>Ape: +3 </li> <li>++: age, primary ball handling, passing </li> <li>+: size, rebounding </li> <li>-: effort, decision making </li> <li>--: finishing, shot selection </li> </ul> <br> <li><b><a target='_blank' href='https://www.nba.com/draft/2020/prospects/atnhony-edwards#/'>Anthony Edwards</a></b> - <i>SG - <a target='_blank' href='https://www.sports-reference.com/cbb/players/anthony-edwards-2.html'>Georgia</a></b> </i></li> <ul style='list-style-type:none'> <li>Grade: Freshman </li> <li>Age: 19.3 </li> <li>Height: 77 in </li> <li>Weight: 225 lbs </li> <li>Wingspan: 81 in </li> <li>Ape: +4 </li> <li>++: age, strength, athleticism, frame </li> <li>+: ape, shot creation </li> <li>-: playmaking, effort, basketball IQ </li> <li>--: shot selection </li> </ul> <br> <li><b><a target='_blank' href='https://www.nba.com/draft/2020/prospects/james-wiseman#/'>James Wiseman</a></b> - <i>C - <a target='_blank' href='https://www.sports-reference.com/cbb/players/james-wiseman-1.html'>Memphis</a></b> </i></li> <ul style='list-style-type:none'> <li>Grade: Freshman </li> <li>Age: 19.6 </li> <li>Height: 85 in </li> <li>Weight: 237 lbs </li> <li>Wingspan: 90 in </li> <li>Ape: +5 </li> <li>++: frame, athleticism </li> <li>+: age, rim running, rim protection </li> <li>-: shot selection, decision making </li> <li>--: lack of data, competition, defensive reps </li> </ul> <br> </ol> <h2> Tier 2 (~55 FV)</h2> <ol start='5 '> <li><b><a target='_blank' href='https://www.nba.com/draft/2020/prospects/patrick-williams#/'>Patrick Williams</a></b> - <i>SF - <a target='_blank' href='https://www.sports-reference.com/cbb/players/patrick-williams-2.html'>Florida State</a></b> </i></li> <ul style='list-style-type:none'> <li>Grade: Freshman </li> <li>Age: 19.3 </li> <li>Height: 80 in </li> <li>Weight: 225 lbs </li> <li>Wingspan: 83 in </li> <li>Ape: +3 </li> <li>++: age </li> <li>+: off ball defense, free throw shooting, off ball offense </li> <li>-: turnover prone, horizontal athleticism </li> </ul> <br> <li><b><a target='_blank' href='https://www.nba.com/draft/2020/prospects/devin-vassell#/'>Devin Vassell</a></b> - <i>SF - <a target='_blank' href='https://www.sports-reference.com/cbb/players/devin-vassell-1.html'>Florida State</a></b> </i></li> <ul style='list-style-type:none'> <li>Grade: Sophomore </li> <li>Age: 20.2 </li> <li>Height: 79 in </li> <li>Weight: 194 lbs </li> <li>Wingspan: 82 in </li> <li>Ape: +3 </li> <li>++: age </li> <li>+: defensive motor, on ball defense, shot selection </li> <li>-: finishing, strength </li> </ul> <br> </ol> <h2> Tier 3 (~50+ FV)</h2> <ol start='7 '> <li><b><a target='_blank' href='https://www.nba.com/draft/2020/prospects/killian-hayes#/'>Killian Hayes</a></b> - <i>PG - <a target='_blank' href='https://www.basketball-reference.com/international/players/killian-hayes-1.html'>Ratiopharm (Germany)</a></b> </i></li> <ul style='list-style-type:none'> <li>Age: 19.3 </li> <li>Height: 77 in </li> <li>Weight: 215 lbs </li> <li>Wingspan: 80.25 in </li> <li>Ape: +3.25 </li> <li>++: age </li> <li>+: size, shot creation/playmaking, shooting </li> <li>-: athleticism, driving, right hand dominance </li> </ul> <br> <li><b><a target='_blank' href='https://www.nba.com/draft/2020/prospects/kira-lewis#/'>Kira Lewis Jr.</a></b> - <i>PG - <a target='_blank' href='https://www.sports-reference.com/cbb/players/kira-lewisjr-1.html'>Alabama</a></b> </i></li> <ul style='list-style-type:none'> <li>Grade: Sophomore </li> <li>Age: 19.6 </li> <li>Height: 75 in </li> <li>Weight: 165 lbs </li> <li>Wingspan: 78 in </li> <li>Ape: +3 </li> <li>++: age </li> <li>+: shooting, shot creation, pick-and-roll ability </li> <li>-: defensive versatility, playmaking, frame </li> </ul> <br> <li><b><a target='_blank' href='https://www.nba.com/draft/2020/prospects/tyrese-haliburton#/'>Tyrese Haliburton</a></b> - <i>PG - <a target='_blank' href='https://www.sports-reference.com/cbb/players/tyrese-haliburton-1.html'>Iowa State</a></b> </i></li> <ul style='list-style-type:none'> <li>Grade: Sophomore </li> <li>Age: 20.7 </li> <li>Height: 77 in </li> <li>Weight: 175 lbs </li> <li>Wingspan: 80 in </li> <li>Ape: +3 </li> <li>+: basketball IQ, shot selection, playmaking </li> <li>-: athleticsm, shot creation, interior offense </li> </ul> <br> </ol> <h2> Tier 4 (~50 FV)</h2> <ol start='10 '> <li><b><a target='_blank' href='https://www.nba.com/draft/2020/prospects/aleksej-pokusevski#/'>Aleksej Pokusevski</a></b> - <i>PF - <a target='_blank' href='https://www.basketball-reference.com/international/players/aleksej-pokusevski-1.html'>Olympiacos B (Greece A2) </a></b> </i></li> <ul style='list-style-type:none'> <li>Age: 18.9 </li> <li>Height: 84 in </li> <li>Weight: 201 lbs </li> <li>Wingspan: 87 in </li> <li>Ape: +3 </li> <li>++: age </li> <li>+: height and fluidity allows for unicorn potential </li> <li>-: height and weight allows for bust potential, quality of competition </li> </ul> <br> <li><b><a target='_blank' href='https://www.nba.com/draft/2020/prospects/deni-avdija#/'>Deni Avdija</a></b> - <i>SF - <a target='_blank' href='https://www.basketball-reference.com/international/players/deni-avdija-1.html'>Maccabi Tel Aviv (Israel)</a></b> </i></li> <ul style='list-style-type:none'> <li>Age: 19.9 </li> <li>Height: 81 in </li> <li>Weight: 215 lbs </li> <li>Wingspan: 81 in </li> <li>Ape: +0 </li> <li>+: secondary ball handling/playmaking, basketball IQ </li> <li>-: athleticism </li> <li>--: shooting, wingspan </li> </ul> <br> <li><b><a target='_blank' href='https://www.nba.com/draft/2020/prospects/isaac-okoro#/'>Isaac Okoro</a></b> - <i>SF - <a target='_blank' href='https://www.sports-reference.com/cbb/players/isaac-okoro-1.html'>Auburn</a></b> </i></li> <ul style='list-style-type:none'> <li>Grade: Freshman </li> <li>Age: 19.8 </li> <li>Height: 78 in </li> <li>Weight: 225 lbs </li> <li>Wingspan: 81 in </li> <li>Ape: +3 </li> <li>++: wing defense </li> <li>+: secondary ball handling/playmaking, interior finishing/foul drawing </li> <li>--: shooting </li> </ul> <br> <li><b><a target='_blank' href='https://www.nba.com/draft/2020/prospects/tyrese-maxey#/'>Tyrese Maxey</a></b> - <i>PG - <a target='_blank' href='https://www.sports-reference.com/cbb/players/tyrese-maxey-1.html'>Kentucky</a></b> </i></li> <ul style='list-style-type:none'> <li>Grade: Freshman </li> <li>Age: 20 </li> <li>Height: 75 in </li> <li>Weight: 198 lbs </li> <li>Wingspan: 78 in </li> <li>Ape: +3 </li> <li>+: finishing, free throw shooting, defense </li> <li>-: shot creation </li> </ul> <br>
A15: Tyrell Terry | B15: PG | C15: =IFERROR(INDEX(actual!A:A,MATCH(A15,actual!B:B,FALSE)), "") -> 31 | D15: =IFERROR(INDEX(actual!C:C,MATCH(A15,actual!B:B,FALSE)), "") -> DAL | E15: Stanford | F15: Freshman | G15: =YEARFRAC(W15, $G$1, 1) -> 20.137661 | H15: =IFERROR(LEFT(AC15,FIND("'",AC15)-1)*12+SUBSTITUTE(MID(AC15,FIND("'",AC15)+1,LEN(AC15)),"''",""), "") -> 74 | I15: =AD15 -> 174 | J15: =IFERROR(LEFT(AE15,FIND("'",AE15)-1)*12+SUBSTITUTE(MID(AE15,FIND("'",AE15)+1,LEN(AE15)),"''",""), "") | K15: =IFERROR(LEFT(AF15,FIND("'",AF15)-1)*12+SUBSTITUTE(MID(AF15,FIND("'",AF15)+1,LEN(AF15)),"''",""), "") | L15: =IFERROR(IF(J15-H15>= 0, "+", ""),"") & IFERROR(IF(J15-H15>= -5, J15-H15, ""),"") | M15: =IF(H15>0, IFERROR((J15-60)/(H15-60),""), "") | N15: shooting | O15: off-ball movement, pick-and-roll ball handling | P15: playmaking, effort, basketball IQ | Q15: size limits defensive ability | R15: 50 | S15: 14 | T15: =IF(R15=R14,T14, MAX(T$1:T14)+1) -> 4 | U15: https://www.sports-reference.com/cbb/players/tyrell-terry-1.html | V15: https://www.nba.com/draft/2020/prospects/tyrell-terry#/ | W15: 36797 | X15: 4 | Y15: 8 | AA15: 23 | AB15: 40 | AC15: =IFERROR(INDEX('ringer measureables'!$A:$J,MATCH($A15,'ringer measureables'!$A:$A,FALSE),7), "") -> 6'2 | AD15: =IFERROR(INDEX('ringer measureables'!$A:$J,MATCH($A15,'ringer measureables'!$A:$A,FALSE),9), "") -> 174 | AE15: =IFERROR(INDEX('ringer measureables'!$A:$J,MATCH($A15,'ringer measureables'!$A:$A,FALSE),10), "") -> 0 | AF15: =IFERROR(INDEX('ringer measureables'!$A:$J,MATCH($A15,'ringer measureables'!$A:$A,FALSE),8), "") -> 0 | AG15: =AG14 & IF(T15=T14, "", IF(T15=1, " <!-- rankings --> ", " </ol> " ) & "<h2> Tier " & T15 & " (~" & IF(MOD(R15, 5)=0, R15, FLOOR(R15, 5) & "+") & " FV)</h2> <ol start='" & S15 & " '> " ) & " <li><b><a target='_blank' href='" & V15 & "'>" & A15 & "</a></b> - <i>" & B15 & " - <a target='_blank' href='" & U15 & "'>" & E15 & "</a></b> </i></li> <ul style='list-style-type:none'>" & IF(F15 <> "", " <li>Grade: " & F15 & " </li>", "") & IF(G15 <> "", " <li>Age: " & ROUND(G15,1) & " </li>", "") & IF(H15 <> "", " <li>Height: " & H15 & " in </li>", "") & IF(I15 <> "", " <li>Weight: " & I15 & " lbs </li>", "") & IF(J15 <> "", " <li>Wingspan: " & J15 & " in </li>", "") & IF(K15 <> "", " <li>Reach: " & K15 & " in </li>", "") & IF(L15 <> "", " <li>Ape: " & L15 & " </li>", "") & IF(N15 <> "", " <li>++: " & N15 & " </li>", "") & IF(O15 <> "", " <li>+: " & O15 & " </li>", "") & IF(P15 <> "", " <li>-: " & P15 & " </li>", "") & IF(Q15 <> "", " <li>--: " & Q15 & " </li>", "") & " </ul> <br>" & IF(T16="", " </ol> <!-- # end of rankings --> ", "") -> <!-- rankings --> <h2> Tier 1 (~55+ FV)</h2> <ol start='1 '> <li><b><a target='_blank' href='https://www.nba.com/draft/2020/prospects/onyeka-okongwu#/'>Onyeka Okongwu</a></b> - <i>PF - <a target='_blank' href='https://www.sports-reference.com/cbb/players/onyeka-okongwu-1.html'>USC</a></b> </i></li> <ul style='list-style-type:none'> <li>Grade: Freshman </li> <li>Age: 19.9 </li> <li>Height: 81 in </li> <li>Weight: 245 lbs </li> <li>Wingspan: 85 in </li> <li>Ape: +4 </li> <li>++: defensive versatility </li> <li>+: finishing, playmaking as a big, motor, shooting </li> <li>-: may not be quite big enough to hang with elite Centers </li> </ul> <br> <li><b><a target='_blank' href='https://www.nba.com/draft/2020/prospects/lamelo-ball#/'>LaMelo Ball</a></b> - <i>PG - <a target='_blank' href='https://www.basketball-reference.com/international/players/lamelo-ball-1.html'>Illawarra Hawks (Australia)</a></b> </i></li> <ul style='list-style-type:none'> <li>Age: 19.2 </li> <li>Height: 79 in </li> <li>Weight: 190 lbs </li> <li>Wingspan: 82 in </li> <li>Ape: +3 </li> <li>++: age, primary ball handling, passing </li> <li>+: size, rebounding </li> <li>-: effort, decision making </li> <li>--: finishing, shot selection </li> </ul> <br> <li><b><a target='_blank' href='https://www.nba.com/draft/2020/prospects/atnhony-edwards#/'>Anthony Edwards</a></b> - <i>SG - <a target='_blank' href='https://www.sports-reference.com/cbb/players/anthony-edwards-2.html'>Georgia</a></b> </i></li> <ul style='list-style-type:none'> <li>Grade: Freshman </li> <li>Age: 19.3 </li> <li>Height: 77 in </li> <li>Weight: 225 lbs </li> <li>Wingspan: 81 in </li> <li>Ape: +4 </li> <li>++: age, strength, athleticism, frame </li> <li>+: ape, shot creation </li> <li>-: playmaking, effort, basketball IQ </li> <li>--: shot selection </li> </ul> <br> <li><b><a target='_blank' href='https://www.nba.com/draft/2020/prospects/james-wiseman#/'>James Wiseman</a></b> - <i>C - <a target='_blank' href='https://www.sports-reference.com/cbb/players/james-wiseman-1.html'>Memphis</a></b> </i></li> <ul style='list-style-type:none'> <li>Grade: Freshman </li> <li>Age: 19.6 </li> <li>Height: 85 in </li> <li>Weight: 237 lbs </li> <li>Wingspan: 90 in </li> <li>Ape: +5 </li> <li>++: frame, athleticism </li> <li>+: age, rim running, rim protection </li> <li>-: shot selection, decision making </li> <li>--: lack of data, competition, defensive reps </li> </ul> <br> </ol> <h2> Tier 2 (~55 FV)</h2> <ol start='5 '> <li><b><a target='_blank' href='https://www.nba.com/draft/2020/prospects/patrick-williams#/'>Patrick Williams</a></b> - <i>SF - <a target='_blank' href='https://www.sports-reference.com/cbb/players/patrick-williams-2.html'>Florida State</a></b> </i></li> <ul style='list-style-type:none'> <li>Grade: Freshman </li> <li>Age: 19.3 </li> <li>Height: 80 in </li> <li>Weight: 225 lbs </li> <li>Wingspan: 83 in </li> <li>Ape: +3 </li> <li>++: age </li> <li>+: off ball defense, free throw shooting, off ball offense </li> <li>-: turnover prone, horizontal athleticism </li> </ul> <br> <li><b><a target='_blank' href='https://www.nba.com/draft/2020/prospects/devin-vassell#/'>Devin Vassell</a></b> - <i>SF - <a target='_blank' href='https://www.sports-reference.com/cbb/players/devin-vassell-1.html'>Florida State</a></b> </i></li> <ul style='list-style-type:none'> <li>Grade: Sophomore </li> <li>Age: 20.2 </li> <li>Height: 79 in </li> <li>Weight: 194 lbs </li> <li>Wingspan: 82 in </li> <li>Ape: +3 </li> <li>++: age </li> <li>+: defensive motor, on ball defense, shot selection </li> <li>-: finishing, strength </li> </ul> <br> </ol> <h2> Tier 3 (~50+ FV)</h2> <ol start='7 '> <li><b><a target='_blank' href='https://www.nba.com/draft/2020/prospects/killian-hayes#/'>Killian Hayes</a></b> - <i>PG - <a target='_blank' href='https://www.basketball-reference.com/international/players/killian-hayes-1.html'>Ratiopharm (Germany)</a></b> </i></li> <ul style='list-style-type:none'> <li>Age: 19.3 </li> <li>Height: 77 in </li> <li>Weight: 215 lbs </li> <li>Wingspan: 80.25 in </li> <li>Ape: +3.25 </li> <li>++: age </li> <li>+: size, shot creation/playmaking, shooting </li> <li>-: athleticism, driving, right hand dominance </li> </ul> <br> <li><b><a target='_blank' href='https://www.nba.com/draft/2020/prospects/kira-lewis#/'>Kira Lewis Jr.</a></b> - <i>PG - <a target='_blank' href='https://www.sports-reference.com/cbb/players/kira-lewisjr-1.html'>Alabama</a></b> </i></li> <ul style='list-style-type:none'> <li>Grade: Sophomore </li> <li>Age: 19.6 </li> <li>Height: 75 in </li> <li>Weight: 165 lbs </li> <li>Wingspan: 78 in </li> <li>Ape: +3 </li> <li>++: age </li> <li>+: shooting, shot creation, pick-and-roll ability </li> <li>-: defensive versatility, playmaking, frame </li> </ul> <br> <li><b><a target='_blank' href='https://www.nba.com/draft/2020/prospects/tyrese-haliburton#/'>Tyrese Haliburton</a></b> - <i>PG - <a target='_blank' href='https://www.sports-reference.com/cbb/players/tyrese-haliburton-1.html'>Iowa State</a></b> </i></li> <ul style='list-style-type:none'> <li>Grade: Sophomore </li> <li>Age: 20.7 </li> <li>Height: 77 in </li> <li>Weight: 175 lbs </li> <li>Wingspan: 80 in </li> <li>Ape: +3 </li> <li>+: basketball IQ, shot selection, playmaking </li> <li>-: athleticsm, shot creation, interior offense </li> </ul> <br> </ol> <h2> Tier 4 (~50 FV)</h2> <ol start='10 '> <li><b><a target='_blank' href='https://www.nba.com/draft/2020/prospects/aleksej-pokusevski#/'>Aleksej Pokusevski</a></b> - <i>PF - <a target='_blank' href='https://www.basketball-reference.com/international/players/aleksej-pokusevski-1.html'>Olympiacos B (Greece A2) </a></b> </i></li> <ul style='list-style-type:none'> <li>Age: 18.9 </li> <li>Height: 84 in </li> <li>Weight: 201 lbs </li> <li>Wingspan: 87 in </li> <li>Ape: +3 </li> <li>++: age </li> <li>+: height and fluidity allows for unicorn potential </li> <li>-: height and weight allows for bust potential, quality of competition </li> </ul> <br> <li><b><a target='_blank' href='https://www.nba.com/draft/2020/prospects/deni-avdija#/'>Deni Avdija</a></b> - <i>SF - <a target='_blank' href='https://www.basketball-reference.com/international/players/deni-avdija-1.html'>Maccabi Tel Aviv (Israel)</a></b> </i></li> <ul style='list-style-type:none'> <li>Age: 19.9 </li> <li>Height: 81 in </li> <li>Weight: 215 lbs </li> <li>Wingspan: 81 in </li> <li>Ape: +0 </li> <li>+: secondary ball handling/playmaking, basketball IQ </li> <li>-: athleticism </li> <li>--: shooting, wingspan </li> </ul> <br> <li><b><a target='_blank' href='https://www.nba.com/draft/2020/prospects/isaac-okoro#/'>Isaac Okoro</a></b> - <i>SF - <a target='_blank' href='https://www.sports-reference.com/cbb/players/isaac-okoro-1.html'>Auburn</a></b> </i></li> <ul style='list-style-type:none'> <li>Grade: Freshman </li> <li>Age: 19.8 </li> <li>Height: 78 in </li> <li>Weight: 225 lbs </li> <li>Wingspan: 81 in </li> <li>Ape: +3 </li> <li>++: wing defense </li> <li>+: secondary ball handling/playmaking, interior finishing/foul drawing </li> <li>--: shooting </li> </ul> <br> <li><b><a target='_blank' href='https://www.nba.com/draft/2020/prospects/tyrese-maxey#/'>Tyrese Maxey</a></b> - <i>PG - <a target='_blank' href='https://www.sports-reference.com/cbb/players/tyrese-maxey-1.html'>Kentucky</a></b> </i></li> <ul style='list-style-type:none'> <li>Grade: Freshman </li> <li>Age: 20 </li> <li>Height: 75 in </li> <li>Weight: 198 lbs </li> <li>Wingspan: 78 in </li> <li>Ape: +3 </li> <li>+: finishing, free throw shooting, defense </li> <li>-: shot creation </li> </ul> <br> <li><b><a target='_blank' href='https://www.nba.com/draft/2020/prospects/tyrell-terry#/'>Tyrell Terry</a></b> - <i>PG - <a target='_blank' href='https://www.sports-reference.com/cbb/players/tyrell-terry-1.html'>Stanford</a></b> </i></li> <ul style='list-style-type:none'> <li>Grade: Freshman </li> <li>Age: 20.1 </li> <li>Height: 74 in </li> <li>Weight: 174 lbs </li> <li>++: shooting </li> <li>+: off-ball movement, pick-and-roll ball handling </li> <li>-: playmaking, effort, basketball IQ </li> <li>--: size limits defensive ability </li> </ul> <br>
A16: Josh Green | B16: SG | C16: =IFERROR(INDEX(actual!A:A,MATCH(A16,actual!B:B,FALSE)), "") -> 18 | D16: =IFERROR(INDEX(actual!C:C,MATCH(A16,actual!B:B,FALSE)), "") -> DAL | E16: Arizona | F16: Freshman | G16: =YEARFRAC(W16, $G$1, 1) -> 20.00352 | H16: =IFERROR(LEFT(AC16,FIND("'",AC16)-1)*12+SUBSTITUTE(MID(AC16,FIND("'",AC16)+1,LEN(AC16)),"''",""), "") -> 78 | I16: =AD16 -> 210 | J16: =IFERROR(LEFT(AE16,FIND("'",AE16)-1)*12+SUBSTITUTE(MID(AE16,FIND("'",AE16)+1,LEN(AE16)),"''",""), "") -> 82.25 | K16: =IFERROR(LEFT(AF16,FIND("'",AF16)-1)*12+SUBSTITUTE(MID(AF16,FIND("'",AF16)+1,LEN(AF16)),"''",""), "") | L16: =IFERROR(IF(AND(J16-H16>= 0, J16 > 0), "+", ""),"") & IFERROR(IF(AND(J16-H16>= -5, J16 > 0), J16-H16, ""),"") -> +4.25 | M16: =IF(H16>0, IFERROR((J16-60)/(H16-60),""), "") -> 1.2361111 | O16: shooting, defense | P16: playmaking, finishing | R16: 50 | S16: 15 | T16: =IF(R16=R15,T15, MAX(T$1:T15)+1) -> 4 | U16: https://www.sports-reference.com/cbb/players/josh-green-2.html | V16: https://www.nba.com/draft/2020/prospects/josh-green#/ | W16: 36846 | X16: 3 | Y16: 25 | AA16: 29 | AB16: 21 | AC16: =IFERROR(INDEX('ringer measureables'!$A:$J,MATCH($A16,'ringer measureables'!$A:$A,FALSE),7), "") -> 6'6 | AD16: =IFERROR(INDEX('ringer measureables'!$A:$J,MATCH($A16,'ringer measureables'!$A:$A,FALSE),9), "") -> 210 | AE16: =IFERROR(INDEX('ringer measureables'!$A:$J,MATCH($A16,'ringer measureables'!$A:$A,FALSE),10), "") -> 6'10.25 | AF16: =IFERROR(INDEX('ringer measureables'!$A:$J,MATCH($A16,'ringer measureables'!$A:$A,FALSE),8), "") -> 0 | AG16: =AG15 & IF(T16=T15, "", IF(T16=1, " <!-- rankings --> ", " </ol> " ) & "<h2> Tier " & T16 & " (~" & IF(MOD(R16, 5)=0, R16, FLOOR(R16, 5) & "+") & " FV)</h2> <ol start='" & S16 & " '> " ) & " <li><b><a target='_blank' href='" & V16 & "'>" & A16 & "</a></b> - <i>" & B16 & " - <a target='_blank' href='" & U16 & "'>" & E16 & "</a></b> </i></li> <ul style='list-style-type:none'>" & IF(F16 <> "", " <li>Grade: " & F16 & " </li>", "") & IF(G16 <> "", " <li>Age: " & ROUND(G16,1) & " </li>", "") & IF(H16 <> "", " <li>Height: " & H16 & " in </li>", "") & IF(I16 <> "", " <li>Weight: " & I16 & " lbs </li>", "") & IF(J16 <> "", " <li>Wingspan: " & J16 & " in </li>", "") & IF(K16 <> "", " <li>Reach: " & K16 & " in </li>", "") & IF(L16 <> "", " <li>Ape: " & L16 & " </li>", "") & IF(N16 <> "", " <li>++: " & N16 & " </li>", "") & IF(O16 <> "", " <li>+: " & O16 & " </li>", "") & IF(P16 <> "", " <li>-: " & P16 & " </li>", "") & IF(Q16 <> "", " <li>--: " & Q16 & " </li>", "") & " </ul> <br>" & IF(T17="", " </ol> <!-- # end of rankings --> ", "") -> <!-- rankings --> <h2> Tier 1 (~55+ FV)</h2> <ol start='1 '> <li><b><a target='_blank' href='https://www.nba.com/draft/2020/prospects/onyeka-okongwu#/'>Onyeka Okongwu</a></b> - <i>PF - <a target='_blank' href='https://www.sports-reference.com/cbb/players/onyeka-okongwu-1.html'>USC</a></b> </i></li> <ul style='list-style-type:none'> <li>Grade: Freshman </li> <li>Age: 19.9 </li> <li>Height: 81 in </li> <li>Weight: 245 lbs </li> <li>Wingspan: 85 in </li> <li>Ape: +4 </li> <li>++: defensive versatility </li> <li>+: finishing, playmaking as a big, motor, shooting </li> <li>-: may not be quite big enough to hang with elite Centers </li> </ul> <br> <li><b><a target='_blank' href='https://www.nba.com/draft/2020/prospects/lamelo-ball#/'>LaMelo Ball</a></b> - <i>PG - <a target='_blank' href='https://www.basketball-reference.com/international/players/lamelo-ball-1.html'>Illawarra Hawks (Australia)</a></b> </i></li> <ul style='list-style-type:none'> <li>Age: 19.2 </li> <li>Height: 79 in </li> <li>Weight: 190 lbs </li> <li>Wingspan: 82 in </li> <li>Ape: +3 </li> <li>++: age, primary ball handling, passing </li> <li>+: size, rebounding </li> <li>-: effort, decision making </li> <li>--: finishing, shot selection </li> </ul> <br> <li><b><a target='_blank' href='https://www.nba.com/draft/2020/prospects/atnhony-edwards#/'>Anthony Edwards</a></b> - <i>SG - <a target='_blank' href='https://www.sports-reference.com/cbb/players/anthony-edwards-2.html'>Georgia</a></b> </i></li> <ul style='list-style-type:none'> <li>Grade: Freshman </li> <li>Age: 19.3 </li> <li>Height: 77 in </li> <li>Weight: 225 lbs </li> <li>Wingspan: 81 in </li> <li>Ape: +4 </li> <li>++: age, strength, athleticism, frame </li> <li>+: ape, shot creation </li> <li>-: playmaking, effort, basketball IQ </li> <li>--: shot selection </li> </ul> <br> <li><b><a target='_blank' href='https://www.nba.com/draft/2020/prospects/james-wiseman#/'>James Wiseman</a></b> - <i>C - <a target='_blank' href='https://www.sports-reference.com/cbb/players/james-wiseman-1.html'>Memphis</a></b> </i></li> <ul style='list-style-type:none'> <li>Grade: Freshman </li> <li>Age: 19.6 </li> <li>Height: 85 in </li> <li>Weight: 237 lbs </li> <li>Wingspan: 90 in </li> <li>Ape: +5 </li> <li>++: frame, athleticism </li> <li>+: age, rim running, rim protection </li> <li>-: shot selection, decision making </li> <li>--: lack of data, competition, defensive reps </li> </ul> <br> </ol> <h2> Tier 2 (~55 FV)</h2> <ol start='5 '> <li><b><a target='_blank' href='https://www.nba.com/draft/2020/prospects/patrick-williams#/'>Patrick Williams</a></b> - <i>SF - <a target='_blank' href='https://www.sports-reference.com/cbb/players/patrick-williams-2.html'>Florida State</a></b> </i></li> <ul style='list-style-type:none'> <li>Grade: Freshman </li> <li>Age: 19.3 </li> <li>Height: 80 in </li> <li>Weight: 225 lbs </li> <li>Wingspan: 83 in </li> <li>Ape: +3 </li> <li>++: age </li> <li>+: off ball defense, free throw shooting, off ball offense </li> <li>-: turnover prone, horizontal athleticism </li> </ul> <br> <li><b><a target='_blank' href='https://www.nba.com/draft/2020/prospects/devin-vassell#/'>Devin Vassell</a></b> - <i>SF - <a target='_blank' href='https://www.sports-reference.com/cbb/players/devin-vassell-1.html'>Florida State</a></b> </i></li> <ul style='list-style-type:none'> <li>Grade: Sophomore </li> <li>Age: 20.2 </li> <li>Height: 79 in </li> <li>Weight: 194 lbs </li> <li>Wingspan: 82 in </li> <li>Ape: +3 </li> <li>++: age </li> <li>+: defensive motor, on ball defense, shot selection </li> <li>-: finishing, strength </li> </ul> <br> </ol> <h2> Tier 3 (~50+ FV)</h2> <ol start='7 '> <li><b><a target='_blank' href='https://www.nba.com/draft/2020/prospects/killian-hayes#/'>Killian Hayes</a></b> - <i>PG - <a target='_blank' href='https://www.basketball-reference.com/international/players/killian-hayes-1.html'>Ratiopharm (Germany)</a></b> </i></li> <ul style='list-style-type:none'> <li>Age: 19.3 </li> <li>Height: 77 in </li> <li>Weight: 215 lbs </li> <li>Wingspan: 80.25 in </li> <li>Ape: +3.25 </li> <li>++: age </li> <li>+: size, shot creation/playmaking, shooting </li> <li>-: athleticism, driving, right hand dominance </li> </ul> <br> <li><b><a target='_blank' href='https://www.nba.com/draft/2020/prospects/kira-lewis#/'>Kira Lewis Jr.</a></b> - <i>PG - <a target='_blank' href='https://www.sports-reference.com/cbb/players/kira-lewisjr-1.html'>Alabama</a></b> </i></li> <ul style='list-style-type:none'> <li>Grade: Sophomore </li> <li>Age: 19.6 </li> <li>Height: 75 in </li> <li>Weight: 165 lbs </li> <li>Wingspan: 78 in </li> <li>Ape: +3 </li> <li>++: age </li> <li>+: shooting, shot creation, pick-and-roll ability </li> <li>-: defensive versatility, playmaking, frame </li> </ul> <br> <li><b><a target='_blank' href='https://www.nba.com/draft/2020/prospects/tyrese-haliburton#/'>Tyrese Haliburton</a></b> - <i>PG - <a target='_blank' href='https://www.sports-reference.com/cbb/players/tyrese-haliburton-1.html'>Iowa State</a></b> </i></li> <ul style='list-style-type:none'> <li>Grade: Sophomore </li> <li>Age: 20.7 </li> <li>Height: 77 in </li> <li>Weight: 175 lbs </li> <li>Wingspan: 80 in </li> <li>Ape: +3 </li> <li>+: basketball IQ, shot selection, playmaking </li> <li>-: athleticsm, shot creation, interior offense </li> </ul> <br> </ol> <h2> Tier 4 (~50 FV)</h2> <ol start='10 '> <li><b><a target='_blank' href='https://www.nba.com/draft/2020/prospects/aleksej-pokusevski#/'>Aleksej Pokusevski</a></b> - <i>PF - <a target='_blank' href='https://www.basketball-reference.com/international/players/aleksej-pokusevski-1.html'>Olympiacos B (Greece A2) </a></b> </i></li> <ul style='list-style-type:none'> <li>Age: 18.9 </li> <li>Height: 84 in </li> <li>Weight: 201 lbs </li> <li>Wingspan: 87 in </li> <li>Ape: +3 </li> <li>++: age </li> <li>+: height and fluidity allows for unicorn potential </li> <li>-: height and weight allows for bust potential, quality of competition </li> </ul> <br> <li><b><a target='_blank' href='https://www.nba.com/draft/2020/prospects/deni-avdija#/'>Deni Avdija</a></b> - <i>SF - <a target='_blank' href='https://www.basketball-reference.com/international/players/deni-avdija-1.html'>Maccabi Tel Aviv (Israel)</a></b> </i></li> <ul style='list-style-type:none'> <li>Age: 19.9 </li> <li>Height: 81 in </li> <li>Weight: 215 lbs </li> <li>Wingspan: 81 in </li> <li>Ape: +0 </li> <li>+: secondary ball handling/playmaking, basketball IQ </li> <li>-: athleticism </li> <li>--: shooting, wingspan </li> </ul> <br> <li><b><a target='_blank' href='https://www.nba.com/draft/2020/prospects/isaac-okoro#/'>Isaac Okoro</a></b> - <i>SF - <a target='_blank' href='https://www.sports-reference.com/cbb/players/isaac-okoro-1.html'>Auburn</a></b> </i></li> <ul style='list-style-type:none'> <li>Grade: Freshman </li> <li>Age: 19.8 </li> <li>Height: 78 in </li> <li>Weight: 225 lbs </li> <li>Wingspan: 81 in </li> <li>Ape: +3 </li> <li>++: wing defense </li> <li>+: secondary ball handling/playmaking, interior finishing/foul drawing </li> <li>--: shooting </li> </ul> <br> <li><b><a target='_blank' href='https://www.nba.com/draft/2020/prospects/tyrese-maxey#/'>Tyrese Maxey</a></b> - <i>PG - <a target='_blank' href='https://www.sports-reference.com/cbb/players/tyrese-maxey-1.html'>Kentucky</a></b> </i></li> <ul style='list-style-type:none'> <li>Grade: Freshman </li> <li>Age: 20 </li> <li>Height: 75 in </li> <li>Weight: 198 lbs </li> <li>Wingspan: 78 in </li> <li>Ape: +3 </li> <li>+: finishing, free throw shooting, defense </li> <li>-: shot creation </li> </ul> <br> <li><b><a target='_blank' href='https://www.nba.com/draft/2020/prospects/tyrell-terry#/'>Tyrell Terry</a></b> - <i>PG - <a target='_blank' href='https://www.sports-reference.com/cbb/players/tyrell-terry-1.html'>Stanford</a></b> </i></li> <ul style='list-style-type:none'> <li>Grade: Freshman </li> <li>Age: 20.1 </li> <li>Height: 74 in </li> <li>Weight: 174 lbs </li> <li>++: shooting </li> <li>+: off-ball movement, pick-and-roll ball handling </li> <li>-: playmaking, effort, basketball IQ </li> <li>--: size limits defensive ability </li> </ul> <br> <li><b><a target='_blank' href='https://www.nba.com/draft/2020/prospects/josh-green#/'>Josh Green</a></b> - <i>SG - <a target='_blank' href='https://www.sports-reference.com/cbb/players/josh-green-2.html'>Arizona</a></b> </i></li> <ul style='list-style-type:none'> <li>Grade: Freshman </li> <li>Age: 20 </li> <li>Height: 78 in </li> <li>Weight: 210 lbs </li> <li>Wingspan: 82.25 in </li> <li>Ape: +4.25 </li> <li>+: shooting, defense </li> <li>-: playmaking, finishing </li> </ul> <br>
A17: Saddiq Bey | B17: SF | C17: =IFERROR(INDEX(actual!A:A,MATCH(A17,actual!B:B,FALSE)), "") -> 19 | D17: =IFERROR(INDEX(actual!C:C,MATCH(A17,actual!B:B,FALSE)), "") -> DET | E17: Villanova | F17: Sophomore | G17: =YEARFRAC(W17, $G$1, 1) -> 21.611249 | H17: =IFERROR(LEFT(AC17,FIND("'",AC17)-1)*12+SUBSTITUTE(MID(AC17,FIND("'",AC17)+1,LEN(AC17)),"''",""), "") -> 80 | I17: =AD17 -> 216 | J17: =IFERROR(LEFT(AE17,FIND("'",AE17)-1)*12+SUBSTITUTE(MID(AE17,FIND("'",AE17)+1,LEN(AE17)),"''",""), "") -> 82 | K17: =IFERROR(LEFT(AF17,FIND("'",AF17)-1)*12+SUBSTITUTE(MID(AF17,FIND("'",AF17)+1,LEN(AF17)),"''",""), "") | L17: =IFERROR(IF(AND(J17-H17>= 0, J17 > 0), "+", ""),"") & IFERROR(IF(AND(J17-H17>= -5, J17 > 0), J17-H17, ""),"") -> +2 | M17: =IF(H17>0, IFERROR((J17-60)/(H17-60),""), "") -> 1.1 | O17: improved shooting, defensive awareness and versatility | P17: wingspan athleticism, likely 4th or 5th option offensively | Q17: age | R17: 50 | S17: 16 | T17: =IF(R17=R16,T16, MAX(T$1:T16)+1) -> 4 | U17: https://www.sports-reference.com/cbb/players/saddiq-bey-1.html | V17: https://www.nba.com/draft/2020/prospects/saddiq-bey#/ | W17: 36259 | X17: 4 | Y17: 18 | AA17: 15 | AB17: 17 | AC17: =IFERROR(INDEX('ringer measureables'!$A:$J,MATCH($A17,'ringer measureables'!$A:$A,FALSE),7), "") -> 6'8 | AD17: =IFERROR(INDEX('ringer measureables'!$A:$J,MATCH($A17,'ringer measureables'!$A:$A,FALSE),9), "") -> 216 | AE17: =IFERROR(INDEX('ringer measureables'!$A:$J,MATCH($A17,'ringer measureables'!$A:$A,FALSE),10), "") -> 6'10 | AF17: =IFERROR(INDEX('ringer measureables'!$A:$J,MATCH($A17,'ringer measureables'!$A:$A,FALSE),8), "") -> 0 | AG17: =AG16 & IF(T17=T16, "", IF(T17=1, " <!-- rankings --> ", " </ol> " ) & "<h2> Tier " & T17 & " (~" & IF(MOD(R17, 5)=0, R17, FLOOR(R17, 5) & "+") & " FV)</h2> <ol start='" & S17 & " '> " ) & " <li><b><a target='_blank' href='" & V17 & "'>" & A17 & "</a></b> - <i>" & B17 & " - <a target='_blank' href='" & U17 & "'>" & E17 & "</a></b> </i></li> <ul style='list-style-type:none'>" & IF(F17 <> "", " <li>Grade: " & F17 & " </li>", "") & IF(G17 <> "", " <li>Age: " & ROUND(G17,1) & " </li>", "") & IF(H17 <> "", " <li>Height: " & H17 & " in </li>", "") & IF(I17 <> "", " <li>Weight: " & I17 & " lbs </li>", "") & IF(J17 <> "", " <li>Wingspan: " & J17 & " in </li>", "") & IF(K17 <> "", " <li>Reach: " & K17 & " in </li>", "") & IF(L17 <> "", " <li>Ape: " & L17 & " </li>", "") & IF(N17 <> "", " <li>++: " & N17 & " </li>", "") & IF(O17 <> "", " <li>+: " & O17 & " </li>", "") & IF(P17 <> "", " <li>-: " & P17 & " </li>", "") & IF(Q17 <> "", " <li>--: " & Q17 & " </li>", "") & " </ul> <br>" & IF(T18="", " </ol> <!-- # end of rankings --> ", "") -> <!-- rankings --> <h2> Tier 1 (~55+ FV)</h2> <ol start='1 '> <li><b><a target='_blank' href='https://www.nba.com/draft/2020/prospects/onyeka-okongwu#/'>Onyeka Okongwu</a></b> - <i>PF - <a target='_blank' href='https://www.sports-reference.com/cbb/players/onyeka-okongwu-1.html'>USC</a></b> </i></li> <ul style='list-style-type:none'> <li>Grade: Freshman </li> <li>Age: 19.9 </li> <li>Height: 81 in </li> <li>Weight: 245 lbs </li> <li>Wingspan: 85 in </li> <li>Ape: +4 </li> <li>++: defensive versatility </li> <li>+: finishing, playmaking as a big, motor, shooting </li> <li>-: may not be quite big enough to hang with elite Centers </li> </ul> <br> <li><b><a target='_blank' href='https://www.nba.com/draft/2020/prospects/lamelo-ball#/'>LaMelo Ball</a></b> - <i>PG - <a target='_blank' href='https://www.basketball-reference.com/international/players/lamelo-ball-1.html'>Illawarra Hawks (Australia)</a></b> </i></li> <ul style='list-style-type:none'> <li>Age: 19.2 </li> <li>Height: 79 in </li> <li>Weight: 190 lbs </li> <li>Wingspan: 82 in </li> <li>Ape: +3 </li> <li>++: age, primary ball handling, passing </li> <li>+: size, rebounding </li> <li>-: effort, decision making </li> <li>--: finishing, shot selection </li> </ul> <br> <li><b><a target='_blank' href='https://www.nba.com/draft/2020/prospects/atnhony-edwards#/'>Anthony Edwards</a></b> - <i>SG - <a target='_blank' href='https://www.sports-reference.com/cbb/players/anthony-edwards-2.html'>Georgia</a></b> </i></li> <ul style='list-style-type:none'> <li>Grade: Freshman </li> <li>Age: 19.3 </li> <li>Height: 77 in </li> <li>Weight: 225 lbs </li> <li>Wingspan: 81 in </li> <li>Ape: +4 </li> <li>++: age, strength, athleticism, frame </li> <li>+: ape, shot creation </li> <li>-: playmaking, effort, basketball IQ </li> <li>--: shot selection </li> </ul> <br> <li><b><a target='_blank' href='https://www.nba.com/draft/2020/prospects/james-wiseman#/'>James Wiseman</a></b> - <i>C - <a target='_blank' href='https://www.sports-reference.com/cbb/players/james-wiseman-1.html'>Memphis</a></b> </i></li> <ul style='list-style-type:none'> <li>Grade: Freshman </li> <li>Age: 19.6 </li> <li>Height: 85 in </li> <li>Weight: 237 lbs </li> <li>Wingspan: 90 in </li> <li>Ape: +5 </li> <li>++: frame, athleticism </li> <li>+: age, rim running, rim protection </li> <li>-: shot selection, decision making </li> <li>--: lack of data, competition, defensive reps </li> </ul> <br> </ol> <h2> Tier 2 (~55 FV)</h2> <ol start='5 '> <li><b><a target='_blank' href='https://www.nba.com/draft/2020/prospects/patrick-williams#/'>Patrick Williams</a></b> - <i>SF - <a target='_blank' href='https://www.sports-reference.com/cbb/players/patrick-williams-2.html'>Florida State</a></b> </i></li> <ul style='list-style-type:none'> <li>Grade: Freshman </li> <li>Age: 19.3 </li> <li>Height: 80 in </li> <li>Weight: 225 lbs </li> <li>Wingspan: 83 in </li> <li>Ape: +3 </li> <li>++: age </li> <li>+: off ball defense, free throw shooting, off ball offense </li> <li>-: turnover prone, horizontal athleticism </li> </ul> <br> <li><b><a target='_blank' href='https://www.nba.com/draft/2020/prospects/devin-vassell#/'>Devin Vassell</a></b> - <i>SF - <a target='_blank' href='https://www.sports-reference.com/cbb/players/devin-vassell-1.html'>Florida State</a></b> </i></li> <ul style='list-style-type:none'> <li>Grade: Sophomore </li> <li>Age: 20.2 </li> <li>Height: 79 in </li> <li>Weight: 194 lbs </li> <li>Wingspan: 82 in </li> <li>Ape: +3 </li> <li>++: age </li> <li>+: defensive motor, on ball defense, shot selection </li> <li>-: finishing, strength </li> </ul> <br> </ol> <h2> Tier 3 (~50+ FV)</h2> <ol start='7 '> <li><b><a target='_blank' href='https://www.nba.com/draft/2020/prospects/killian-hayes#/'>Killian Hayes</a></b> - <i>PG - <a target='_blank' href='https://www.basketball-reference.com/international/players/killian-hayes-1.html'>Ratiopharm (Germany)</a></b> </i></li> <ul style='list-style-type:none'> <li>Age: 19.3 </li> <li>Height: 77 in </li> <li>Weight: 215 lbs </li> <li>Wingspan: 80.25 in </li> <li>Ape: +3.25 </li> <li>++: age </li> <li>+: size, shot creation/playmaking, shooting </li> <li>-: athleticism, driving, right hand dominance </li> </ul> <br> <li><b><a target='_blank' href='https://www.nba.com/draft/2020/prospects/kira-lewis#/'>Kira Lewis Jr.</a></b> - <i>PG - <a target='_blank' href='https://www.sports-reference.com/cbb/players/kira-lewisjr-1.html'>Alabama</a></b> </i></li> <ul style='list-style-type:none'> <li>Grade: Sophomore </li> <li>Age: 19.6 </li> <li>Height: 75 in </li> <li>Weight: 165 lbs </li> <li>Wingspan: 78 in </li> <li>Ape: +3 </li> <li>++: age </li> <li>+: shooting, shot creation, pick-and-roll ability </li> <li>-: defensive versatility, playmaking, frame </li> </ul> <br> <li><b><a target='_blank' href='https://www.nba.com/draft/2020/prospects/tyrese-haliburton#/'>Tyrese Haliburton</a></b> - <i>PG - <a target='_blank' href='https://www.sports-reference.com/cbb/players/tyrese-haliburton-1.html'>Iowa State</a></b> </i></li> <ul style='list-style-type:none'> <li>Grade: Sophomore </li> <li>Age: 20.7 </li> <li>Height: 77 in </li> <li>Weight: 175 lbs </li> <li>Wingspan: 80 in </li> <li>Ape: +3 </li> <li>+: basketball IQ, shot selection, playmaking </li> <li>-: athleticsm, shot creation, interior offense </li> </ul> <br> </ol> <h2> Tier 4 (~50 FV)</h2> <ol start='10 '> <li><b><a target='_blank' href='https://www.nba.com/draft/2020/prospects/aleksej-pokusevski#/'>Aleksej Pokusevski</a></b> - <i>PF - <a target='_blank' href='https://www.basketball-reference.com/international/players/aleksej-pokusevski-1.html'>Olympiacos B (Greece A2) </a></b> </i></li> <ul style='list-style-type:none'> <li>Age: 18.9 </li> <li>Height: 84 in </li> <li>Weight: 201 lbs </li> <li>Wingspan: 87 in </li> <li>Ape: +3 </li> <li>++: age </li> <li>+: height and fluidity allows for unicorn potential </li> <li>-: height and weight allows for bust potential, quality of competition </li> </ul> <br> <li><b><a target='_blank' href='https://www.nba.com/draft/2020/prospects/deni-avdija#/'>Deni Avdija</a></b> - <i>SF - <a target='_blank' href='https://www.basketball-reference.com/international/players/deni-avdija-1.html'>Maccabi Tel Aviv (Israel)</a></b> </i></li> <ul style='list-style-type:none'> <li>Age: 19.9 </li> <li>Height: 81 in </li> <li>Weight: 215 lbs </li> <li>Wingspan: 81 in </li> <li>Ape: +0 </li> <li>+: secondary ball handling/playmaking, basketball IQ </li> <li>-: athleticism </li> <li>--: shooting, wingspan </li> </ul> <br> <li><b><a target='_blank' href='https://www.nba.com/draft/2020/prospects/isaac-okoro#/'>Isaac Okoro</a></b> - <i>SF - <a target='_blank' href='https://www.sports-reference.com/cbb/players/isaac-okoro-1.html'>Auburn</a></b> </i></li> <ul style='list-style-type:none'> <li>Grade: Freshman </li> <li>Age: 19.8 </li> <li>Height: 78 in </li> <li>Weight: 225 lbs </li> <li>Wingspan: 81 in </li> <li>Ape: +3 </li> <li>++: wing defense </li> <li>+: secondary ball handling/playmaking, interior finishing/foul drawing </li> <li>--: shooting </li> </ul> <br> <li><b><a target='_blank' href='https://www.nba.com/draft/2020/prospects/tyrese-maxey#/'>Tyrese Maxey</a></b> - <i>PG - <a target='_blank' href='https://www.sports-reference.com/cbb/players/tyrese-maxey-1.html'>Kentucky</a></b> </i></li> <ul style='list-style-type:none'> <li>Grade: Freshman </li> <li>Age: 20 </li> <li>Height: 75 in </li> <li>Weight: 198 lbs </li> <li>Wingspan: 78 in </li> <li>Ape: +3 </li> <li>+: finishing, free throw shooting, defense </li> <li>-: shot creation </li> </ul> <br> <li><b><a target='_blank' href='https://www.nba.com/draft/2020/prospects/tyrell-terry#/'>Tyrell Terry</a></b> - <i>PG - <a target='_blank' href='https://www.sports-reference.com/cbb/players/tyrell-terry-1.html'>Stanford</a></b> </i></li> <ul style='list-style-type:none'> <li>Grade: Freshman </li> <li>Age: 20.1 </li> <li>Height: 74 in </li> <li>Weight: 174 lbs </li> <li>++: shooting </li> <li>+: off-ball movement, pick-and-roll ball handling </li> <li>-: playmaking, effort, basketball IQ </li> <li>--: size limits defensive ability </li> </ul> <br> <li><b><a target='_blank' href='https://www.nba.com/draft/2020/prospects/josh-green#/'>Josh Green</a></b> - <i>SG - <a target='_blank' href='https://www.sports-reference.com/cbb/players/josh-green-2.html'>Arizona</a></b> </i></li> <ul style='list-style-type:none'> <li>Grade: Freshman </li> <li>Age: 20 </li> <li>Height: 78 in </li> <li>Weight: 210 lbs </li> <li>Wingspan: 82.25 in </li> <li>Ape: +4.25 </li> <li>+: shooting, defense </li> <li>-: playmaking, finishing </li> </ul> <br> <li><b><a target='_blank' href='https://www.nba.com/draft/2020/prospects/saddiq-bey#/'>Saddiq Bey</a></b> - <i>SF - <a target='_blank' href='https://www.sports-reference.com/cbb/players/saddiq-bey-1.html'>Villanova</a></b> </i></li> <ul style='list-style-type:none'> <li>Grade: Sophomore </li> <li>Age: 21.6 </li> <li>Height: 80 in </li> <li>Weight: 216 lbs </li> <li>Wingspan: 82 in </li> <li>Ape: +2 </li> <li>+: improved shooting, defensive awareness and versatility </li> <li>-: wingspan athleticism, likely 4th or 5th option offensively </li> <li>--: age </li> </ul> <br>
A18: Aaron Nesmith | B18: SF | C18: =IFERROR(INDEX(actual!A:A,MATCH(A18,actual!B:B,FALSE)), "") -> 14 | D18: =IFERROR(INDEX(actual!C:C,MATCH(A18,actual!B:B,FALSE)), "") -> BOS | E18: Vanderbilt | F18: Sophomore | G18: =YEARFRAC(W18, $G$1, 1) -> 21.09109 | H18: =IFERROR(LEFT(AC18,FIND("'",AC18)-1)*12+SUBSTITUTE(MID(AC18,FIND("'",AC18)+1,LEN(AC18)),"''",""), "") -> 78 | I18: =AD18 -> 213 | J18: =IFERROR(LEFT(AE18,FIND("'",AE18)-1)*12+SUBSTITUTE(MID(AE18,FIND("'",AE18)+1,LEN(AE18)),"''",""), "") -> 82 | K18: =IFERROR(LEFT(AF18,FIND("'",AF18)-1)*12+SUBSTITUTE(MID(AF18,FIND("'",AF18)+1,LEN(AF18)),"''",""), "") | L18: =IFERROR(IF(AND(J18-H18>= 0, J18 > 0), "+", ""),"") & IFERROR(IF(AND(J18-H18>= -5, J18 > 0), J18-H18, ""),"") -> +4 | M18: =IF(H18>0, IFERROR((J18-60)/(H18-60),""), "") -> 1.2222222 | N18: shooting | O18: plays within role | P18: shot creation, playmaking, defense | R18: 50 | S18: 17 | T18: =IF(R18=R17,T17, MAX(T$1:T17)+1) -> 4 | U18: https://www.sports-reference.com/cbb/players/aaron-nesmith-1.html | V18: https://www.nba.com/draft/2020/prospects/aaron-nesmith#/ | W18: 36449 | X18: 4 | Y18: 19 | AA18: 17 | AB18: 13 | AC18: =IFERROR(INDEX('ringer measureables'!$A:$J,MATCH($A18,'ringer measureables'!$A:$A,FALSE),7), "") -> 6'6 | AD18: =IFERROR(INDEX('ringer measureables'!$A:$J,MATCH($A18,'ringer measureables'!$A:$A,FALSE),9), "") -> 213 | AE18: =IFERROR(INDEX('ringer measureables'!$A:$J,MATCH($A18,'ringer measureables'!$A:$A,FALSE),10), "") -> 6'10 | AF18: =IFERROR(INDEX('ringer measureables'!$A:$J,MATCH($A18,'ringer measureables'!$A:$A,FALSE),8), "") -> 0 | AG18: =AG17 & IF(T18=T17, "", IF(T18=1, " <!-- rankings --> ", " </ol> " ) & "<h2> Tier " & T18 & " (~" & IF(MOD(R18, 5)=0, R18, FLOOR(R18, 5) & "+") & " FV)</h2> <ol start='" & S18 & " '> " ) & " <li><b><a target='_blank' href='" & V18 & "'>" & A18 & "</a></b> - <i>" & B18 & " - <a target='_blank' href='" & U18 & "'>" & E18 & "</a></b> </i></li> <ul style='list-style-type:none'>" & IF(F18 <> "", " <li>Grade: " & F18 & " </li>", "") & IF(G18 <> "", " <li>Age: " & ROUND(G18,1) & " </li>", "") & IF(H18 <> "", " <li>Height: " & H18 & " in </li>", "") & IF(I18 <> "", " <li>Weight: " & I18 & " lbs </li>", "") & IF(J18 <> "", " <li>Wingspan: " & J18 & " in </li>", "") & IF(K18 <> "", " <li>Reach: " & K18 & " in </li>", "") & IF(L18 <> "", " <li>Ape: " & L18 & " </li>", "") & IF(N18 <> "", " <li>++: " & N18 & " </li>", "") & IF(O18 <> "", " <li>+: " & O18 & " </li>", "") & IF(P18 <> "", " <li>-: " & P18 & " </li>", "") & IF(Q18 <> "", " <li>--: " & Q18 & " </li>", "") & " </ul> <br>" & IF(T19="", " </ol> <!-- # end of rankings --> ", "") -> <!-- rankings --> <h2> Tier 1 (~55+ FV)</h2> <ol start='1 '> <li><b><a target='_blank' href='https://www.nba.com/draft/2020/prospects/onyeka-okongwu#/'>Onyeka Okongwu</a></b> - <i>PF - <a target='_blank' href='https://www.sports-reference.com/cbb/players/onyeka-okongwu-1.html'>USC</a></b> </i></li> <ul style='list-style-type:none'> <li>Grade: Freshman </li> <li>Age: 19.9 </li> <li>Height: 81 in </li> <li>Weight: 245 lbs </li> <li>Wingspan: 85 in </li> <li>Ape: +4 </li> <li>++: defensive versatility </li> <li>+: finishing, playmaking as a big, motor, shooting </li> <li>-: may not be quite big enough to hang with elite Centers </li> </ul> <br> <li><b><a target='_blank' href='https://www.nba.com/draft/2020/prospects/lamelo-ball#/'>LaMelo Ball</a></b> - <i>PG - <a target='_blank' href='https://www.basketball-reference.com/international/players/lamelo-ball-1.html'>Illawarra Hawks (Australia)</a></b> </i></li> <ul style='list-style-type:none'> <li>Age: 19.2 </li> <li>Height: 79 in </li> <li>Weight: 190 lbs </li> <li>Wingspan: 82 in </li> <li>Ape: +3 </li> <li>++: age, primary ball handling, passing </li> <li>+: size, rebounding </li> <li>-: effort, decision making </li> <li>--: finishing, shot selection </li> </ul> <br> <li><b><a target='_blank' href='https://www.nba.com/draft/2020/prospects/atnhony-edwards#/'>Anthony Edwards</a></b> - <i>SG - <a target='_blank' href='https://www.sports-reference.com/cbb/players/anthony-edwards-2.html'>Georgia</a></b> </i></li> <ul style='list-style-type:none'> <li>Grade: Freshman </li> <li>Age: 19.3 </li> <li>Height: 77 in </li> <li>Weight: 225 lbs </li> <li>Wingspan: 81 in </li> <li>Ape: +4 </li> <li>++: age, strength, athleticism, frame </li> <li>+: ape, shot creation </li> <li>-: playmaking, effort, basketball IQ </li> <li>--: shot selection </li> </ul> <br> <li><b><a target='_blank' href='https://www.nba.com/draft/2020/prospects/james-wiseman#/'>James Wiseman</a></b> - <i>C - <a target='_blank' href='https://www.sports-reference.com/cbb/players/james-wiseman-1.html'>Memphis</a></b> </i></li> <ul style='list-style-type:none'> <li>Grade: Freshman </li> <li>Age: 19.6 </li> <li>Height: 85 in </li> <li>Weight: 237 lbs </li> <li>Wingspan: 90 in </li> <li>Ape: +5 </li> <li>++: frame, athleticism </li> <li>+: age, rim running, rim protection </li> <li>-: shot selection, decision making </li> <li>--: lack of data, competition, defensive reps </li> </ul> <br> </ol> <h2> Tier 2 (~55 FV)</h2> <ol start='5 '> <li><b><a target='_blank' href='https://www.nba.com/draft/2020/prospects/patrick-williams#/'>Patrick Williams</a></b> - <i>SF - <a target='_blank' href='https://www.sports-reference.com/cbb/players/patrick-williams-2.html'>Florida State</a></b> </i></li> <ul style='list-style-type:none'> <li>Grade: Freshman </li> <li>Age: 19.3 </li> <li>Height: 80 in </li> <li>Weight: 225 lbs </li> <li>Wingspan: 83 in </li> <li>Ape: +3 </li> <li>++: age </li> <li>+: off ball defense, free throw shooting, off ball offense </li> <li>-: turnover prone, horizontal athleticism </li> </ul> <br> <li><b><a target='_blank' href='https://www.nba.com/draft/2020/prospects/devin-vassell#/'>Devin Vassell</a></b> - <i>SF - <a target='_blank' href='https://www.sports-reference.com/cbb/players/devin-vassell-1.html'>Florida State</a></b> </i></li> <ul style='list-style-type:none'> <li>Grade: Sophomore </li> <li>Age: 20.2 </li> <li>Height: 79 in </li> <li>Weight: 194 lbs </li> <li>Wingspan: 82 in </li> <li>Ape: +3 </li> <li>++: age </li> <li>+: defensive motor, on ball defense, shot selection </li> <li>-: finishing, strength </li> </ul> <br> </ol> <h2> Tier 3 (~50+ FV)</h2> <ol start='7 '> <li><b><a target='_blank' href='https://www.nba.com/draft/2020/prospects/killian-hayes#/'>Killian Hayes</a></b> - <i>PG - <a target='_blank' href='https://www.basketball-reference.com/international/players/killian-hayes-1.html'>Ratiopharm (Germany)</a></b> </i></li> <ul style='list-style-type:none'> <li>Age: 19.3 </li> <li>Height: 77 in </li> <li>Weight: 215 lbs </li> <li>Wingspan: 80.25 in </li> <li>Ape: +3.25 </li> <li>++: age </li> <li>+: size, shot creation/playmaking, shooting </li> <li>-: athleticism, driving, right hand dominance </li> </ul> <br> <li><b><a target='_blank' href='https://www.nba.com/draft/2020/prospects/kira-lewis#/'>Kira Lewis Jr.</a></b> - <i>PG - <a target='_blank' href='https://www.sports-reference.com/cbb/players/kira-lewisjr-1.html'>Alabama</a></b> </i></li> <ul style='list-style-type:none'> <li>Grade: Sophomore </li> <li>Age: 19.6 </li> <li>Height: 75 in </li> <li>Weight: 165 lbs </li> <li>Wingspan: 78 in </li> <li>Ape: +3 </li> <li>++: age </li> <li>+: shooting, shot creation, pick-and-roll ability </li> <li>-: defensive versatility, playmaking, frame </li> </ul> <br> <li><b><a target='_blank' href='https://www.nba.com/draft/2020/prospects/tyrese-haliburton#/'>Tyrese Haliburton</a></b> - <i>PG - <a target='_blank' href='https://www.sports-reference.com/cbb/players/tyrese-haliburton-1.html'>Iowa State</a></b> </i></li> <ul style='list-style-type:none'> <li>Grade: Sophomore </li> <li>Age: 20.7 </li> <li>Height: 77 in </li> <li>Weight: 175 lbs </li> <li>Wingspan: 80 in </li> <li>Ape: +3 </li> <li>+: basketball IQ, shot selection, playmaking </li> <li>-: athleticsm, shot creation, interior offense </li> </ul> <br> </ol> <h2> Tier 4 (~50 FV)</h2> <ol start='10 '> <li><b><a target='_blank' href='https://www.nba.com/draft/2020/prospects/aleksej-pokusevski#/'>Aleksej Pokusevski</a></b> - <i>PF - <a target='_blank' href='https://www.basketball-reference.com/international/players/aleksej-pokusevski-1.html'>Olympiacos B (Greece A2) </a></b> </i></li> <ul style='list-style-type:none'> <li>Age: 18.9 </li> <li>Height: 84 in </li> <li>Weight: 201 lbs </li> <li>Wingspan: 87 in </li> <li>Ape: +3 </li> <li>++: age </li> <li>+: height and fluidity allows for unicorn potential </li> <li>-: height and weight allows for bust potential, quality of competition </li> </ul> <br> <li><b><a target='_blank' href='https://www.nba.com/draft/2020/prospects/deni-avdija#/'>Deni Avdija</a></b> - <i>SF - <a target='_blank' href='https://www.basketball-reference.com/international/players/deni-avdija-1.html'>Maccabi Tel Aviv (Israel)</a></b> </i></li> <ul style='list-style-type:none'> <li>Age: 19.9 </li> <li>Height: 81 in </li> <li>Weight: 215 lbs </li> <li>Wingspan: 81 in </li> <li>Ape: +0 </li> <li>+: secondary ball handling/playmaking, basketball IQ </li> <li>-: athleticism </li> <li>--: shooting, wingspan </li> </ul> <br> <li><b><a target='_blank' href='https://www.nba.com/draft/2020/prospects/isaac-okoro#/'>Isaac Okoro</a></b> - <i>SF - <a target='_blank' href='https://www.sports-reference.com/cbb/players/isaac-okoro-1.html'>Auburn</a></b> </i></li> <ul style='list-style-type:none'> <li>Grade: Freshman </li> <li>Age: 19.8 </li> <li>Height: 78 in </li> <li>Weight: 225 lbs </li> <li>Wingspan: 81 in </li> <li>Ape: +3 </li> <li>++: wing defense </li> <li>+: secondary ball handling/playmaking, interior finishing/foul drawing </li> <li>--: shooting </li> </ul> <br> <li><b><a target='_blank' href='https://www.nba.com/draft/2020/prospects/tyrese-maxey#/'>Tyrese Maxey</a></b> - <i>PG - <a target='_blank' href='https://www.sports-reference.com/cbb/players/tyrese-maxey-1.html'>Kentucky</a></b> </i></li> <ul style='list-style-type:none'> <li>Grade: Freshman </li> <li>Age: 20 </li> <li>Height: 75 in </li> <li>Weight: 198 lbs </li> <li>Wingspan: 78 in </li> <li>Ape: +3 </li> <li>+: finishing, free throw shooting, defense </li> <li>-: shot creation </li> </ul> <br> <li><b><a target='_blank' href='https://www.nba.com/draft/2020/prospects/tyrell-terry#/'>Tyrell Terry</a></b> - <i>PG - <a target='_blank' href='https://www.sports-reference.com/cbb/players/tyrell-terry-1.html'>Stanford</a></b> </i></li> <ul style='list-style-type:none'> <li>Grade: Freshman </li> <li>Age: 20.1 </li> <li>Height: 74 in </li> <li>Weight: 174 lbs </li> <li>++: shooting </li> <li>+: off-ball movement, pick-and-roll ball handling </li> <li>-: playmaking, effort, basketball IQ </li> <li>--: size limits defensive ability </li> </ul> <br> <li><b><a target='_blank' href='https://www.nba.com/draft/2020/prospects/josh-green#/'>Josh Green</a></b> - <i>SG - <a target='_blank' href='https://www.sports-reference.com/cbb/players/josh-green-2.html'>Arizona</a></b> </i></li> <ul style='list-style-type:none'> <li>Grade: Freshman </li> <li>Age: 20 </li> <li>Height: 78 in </li> <li>Weight: 210 lbs </li> <li>Wingspan: 82.25 in </li> <li>Ape: +4.25 </li> <li>+: shooting, defense </li> <li>-: playmaking, finishing </li> </ul> <br> <li><b><a target='_blank' href='https://www.nba.com/draft/2020/prospects/saddiq-bey#/'>Saddiq Bey</a></b> - <i>SF - <a target='_blank' href='https://www.sports-reference.com/cbb/players/saddiq-bey-1.html'>Villanova</a></b> </i></li> <ul style='list-style-type:none'> <li>Grade: Sophomore </li> <li>Age: 21.6 </li> <li>Height: 80 in </li> <li>Weight: 216 lbs </li> <li>Wingspan: 82 in </li> <li>Ape: +2 </li> <li>+: improved shooting, defensive awareness and versatility </li> <li>-: wingspan athleticism, likely 4th or 5th option offensively </li> <li>--: age </li> </ul> <br> <li><b><a target='_blank' href='https://www.nba.com/draft/2020/prospects/aaron-nesmith#/'>Aaron Nesmith</a></b> - <i>SF - <a target='_blank' href='https://www.sports-reference.com/cbb/players/aaron-nesmith-1.html'>Vanderbilt</a></b> </i></li> <ul style='list-style-type:none'> <li>Grade: Sophomore </li> <li>Age: 21.1 </li> <li>Height: 78 in </li> <li>Weight: 213 lbs </li> <li>Wingspan: 82 in </li> <li>Ape: +4 </li> <li>++: shooting </li> <li>+: plays within role </li> <li>-: shot creation, playmaking, defense </li> </ul> <br>
A19: Cole Anthony | B19: PG | C19: =IFERROR(INDEX(actual!A:A,MATCH(A19,actual!B:B,FALSE)), "") -> 15 | D19: =IFERROR(INDEX(actual!C:C,MATCH(A19,actual!B:B,FALSE)), "") -> ORL | E19: North Carolina | F19: Freshman | G19: =YEARFRAC(W19, $G$1, 1) -> 20.509973 | H19: =IFERROR(LEFT(AC19,FIND("'",AC19)-1)*12+SUBSTITUTE(MID(AC19,FIND("'",AC19)+1,LEN(AC19)),"''",""), "") -> 75 | I19: =AD19 -> 190 | J19: =IFERROR(LEFT(AE19,FIND("'",AE19)-1)*12+SUBSTITUTE(MID(AE19,FIND("'",AE19)+1,LEN(AE19)),"''",""), "") -> 76.5 | K19: =IFERROR(LEFT(AF19,FIND("'",AF19)-1)*12+SUBSTITUTE(MID(AF19,FIND("'",AF19)+1,LEN(AF19)),"''",""), "") | L19: =IFERROR(IF(AND(J19-H19>= 0, J19 > 0), "+", ""),"") & IFERROR(IF(AND(J19-H19>= -5, J19 > 0), J19-H19, ""),"") -> +1.5 | M19: =IF(H19>0, IFERROR((J19-60)/(H19-60),""), "") -> 1.1 | O19: scoring | P19: age, wingspan, shot selection | R19: 47 | S19: 18 | T19: =IF(R19=R18,T18, MAX(T$1:T18)+1) -> 5 | U19: https://www.sports-reference.com/cbb/players/cole-anthony-1.html | V19: https://www.nba.com/draft/2020/prospects/cole-anthony#/ | W19: 36661 | X19: 4 | Y19: 15 | AA19: 18 | AB19: 16 | AC19: =IFERROR(INDEX('ringer measureables'!$A:$J,MATCH($A19,'ringer measureables'!$A:$A,FALSE),7), "") -> 6'3 | AD19: =IFERROR(INDEX('ringer measureables'!$A:$J,MATCH($A19,'ringer measureables'!$A:$A,FALSE),9), "") -> 190 | AE19: =IFERROR(INDEX('ringer measureables'!$A:$J,MATCH($A19,'ringer measureables'!$A:$A,FALSE),10), "") -> 6'4.5 | AF19: =IFERROR(INDEX('ringer measureables'!$A:$J,MATCH($A19,'ringer measureables'!$A:$A,FALSE),8), "") -> 0 | AG19: =AG18 & IF(T19=T18, "", IF(T19=1, " <!-- rankings --> ", " </ol> " ) & "<h2> Tier " & T19 & " (~" & IF(MOD(R19, 5)=0, R19, FLOOR(R19, 5) & "+") & " FV)</h2> <ol start='" & S19 & " '> " ) & " <li><b><a target='_blank' href='" & V19 & "'>" & A19 & "</a></b> - <i>" & B19 & " - <a target='_blank' href='" & U19 & "'>" & E19 & "</a></b> </i></li> <ul style='list-style-type:none'>" & IF(F19 <> "", " <li>Grade: " & F19 & " </li>", "") & IF(G19 <> "", " <li>Age: " & ROUND(G19,1) & " </li>", "") & IF(H19 <> "", " <li>Height: " & H19 & " in </li>", "") & IF(I19 <> "", " <li>Weight: " & I19 & " lbs </li>", "") & IF(J19 <> "", " <li>Wingspan: " & J19 & " in </li>", "") & IF(K19 <> "", " <li>Reach: " & K19 & " in </li>", "") & IF(L19 <> "", " <li>Ape: " & L19 & " </li>", "") & IF(N19 <> "", " <li>++: " & N19 & " </li>", "") & IF(O19 <> "", " <li>+: " & O19 & " </li>", "") & IF(P19 <> "", " <li>-: " & P19 & " </li>", "") & IF(Q19 <> "", " <li>--: " & Q19 & " </li>", "") & " </ul> <br>" & IF(T20="", " </ol> <!-- # end of rankings --> ", "") -> <!-- rankings --> <h2> Tier 1 (~55+ FV)</h2> <ol start='1 '> <li><b><a target='_blank' href='https://www.nba.com/draft/2020/prospects/onyeka-okongwu#/'>Onyeka Okongwu</a></b> - <i>PF - <a target='_blank' href='https://www.sports-reference.com/cbb/players/onyeka-okongwu-1.html'>USC</a></b> </i></li> <ul style='list-style-type:none'> <li>Grade: Freshman </li> <li>Age: 19.9 </li> <li>Height: 81 in </li> <li>Weight: 245 lbs </li> <li>Wingspan: 85 in </li> <li>Ape: +4 </li> <li>++: defensive versatility </li> <li>+: finishing, playmaking as a big, motor, shooting </li> <li>-: may not be quite big enough to hang with elite Centers </li> </ul> <br> <li><b><a target='_blank' href='https://www.nba.com/draft/2020/prospects/lamelo-ball#/'>LaMelo Ball</a></b> - <i>PG - <a target='_blank' href='https://www.basketball-reference.com/international/players/lamelo-ball-1.html'>Illawarra Hawks (Australia)</a></b> </i></li> <ul style='list-style-type:none'> <li>Age: 19.2 </li> <li>Height: 79 in </li> <li>Weight: 190 lbs </li> <li>Wingspan: 82 in </li> <li>Ape: +3 </li> <li>++: age, primary ball handling, passing </li> <li>+: size, rebounding </li> <li>-: effort, decision making </li> <li>--: finishing, shot selection </li> </ul> <br> <li><b><a target='_blank' href='https://www.nba.com/draft/2020/prospects/atnhony-edwards#/'>Anthony Edwards</a></b> - <i>SG - <a target='_blank' href='https://www.sports-reference.com/cbb/players/anthony-edwards-2.html'>Georgia</a></b> </i></li> <ul style='list-style-type:none'> <li>Grade: Freshman </li> <li>Age: 19.3 </li> <li>Height: 77 in </li> <li>Weight: 225 lbs </li> <li>Wingspan: 81 in </li> <li>Ape: +4 </li> <li>++: age, strength, athleticism, frame </li> <li>+: ape, shot creation </li> <li>-: playmaking, effort, basketball IQ </li> <li>--: shot selection </li> </ul> <br> <li><b><a target='_blank' href='https://www.nba.com/draft/2020/prospects/james-wiseman#/'>James Wiseman</a></b> - <i>C - <a target='_blank' href='https://www.sports-reference.com/cbb/players/james-wiseman-1.html'>Memphis</a></b> </i></li> <ul style='list-style-type:none'> <li>Grade: Freshman </li> <li>Age: 19.6 </li> <li>Height: 85 in </li> <li>Weight: 237 lbs </li> <li>Wingspan: 90 in </li> <li>Ape: +5 </li> <li>++: frame, athleticism </li> <li>+: age, rim running, rim protection </li> <li>-: shot selection, decision making </li> <li>--: lack of data, competition, defensive reps </li> </ul> <br> </ol> <h2> Tier 2 (~55 FV)</h2> <ol start='5 '> <li><b><a target='_blank' href='https://www.nba.com/draft/2020/prospects/patrick-williams#/'>Patrick Williams</a></b> - <i>SF - <a target='_blank' href='https://www.sports-reference.com/cbb/players/patrick-williams-2.html'>Florida State</a></b> </i></li> <ul style='list-style-type:none'> <li>Grade: Freshman </li> <li>Age: 19.3 </li> <li>Height: 80 in </li> <li>Weight: 225 lbs </li> <li>Wingspan: 83 in </li> <li>Ape: +3 </li> <li>++: age </li> <li>+: off ball defense, free throw shooting, off ball offense </li> <li>-: turnover prone, horizontal athleticism </li> </ul> <br> <li><b><a target='_blank' href='https://www.nba.com/draft/2020/prospects/devin-vassell#/'>Devin Vassell</a></b> - <i>SF - <a target='_blank' href='https://www.sports-reference.com/cbb/players/devin-vassell-1.html'>Florida State</a></b> </i></li> <ul style='list-style-type:none'> <li>Grade: Sophomore </li> <li>Age: 20.2 </li> <li>Height: 79 in </li> <li>Weight: 194 lbs </li> <li>Wingspan: 82 in </li> <li>Ape: +3 </li> <li>++: age </li> <li>+: defensive motor, on ball defense, shot selection </li> <li>-: finishing, strength </li> </ul> <br> </ol> <h2> Tier 3 (~50+ FV)</h2> <ol start='7 '> <li><b><a target='_blank' href='https://www.nba.com/draft/2020/prospects/killian-hayes#/'>Killian Hayes</a></b> - <i>PG - <a target='_blank' href='https://www.basketball-reference.com/international/players/killian-hayes-1.html'>Ratiopharm (Germany)</a></b> </i></li> <ul style='list-style-type:none'> <li>Age: 19.3 </li> <li>Height: 77 in </li> <li>Weight: 215 lbs </li> <li>Wingspan: 80.25 in </li> <li>Ape: +3.25 </li> <li>++: age </li> <li>+: size, shot creation/playmaking, shooting </li> <li>-: athleticism, driving, right hand dominance </li> </ul> <br> <li><b><a target='_blank' href='https://www.nba.com/draft/2020/prospects/kira-lewis#/'>Kira Lewis Jr.</a></b> - <i>PG - <a target='_blank' href='https://www.sports-reference.com/cbb/players/kira-lewisjr-1.html'>Alabama</a></b> </i></li> <ul style='list-style-type:none'> <li>Grade: Sophomore </li> <li>Age: 19.6 </li> <li>Height: 75 in </li> <li>Weight: 165 lbs </li> <li>Wingspan: 78 in </li> <li>Ape: +3 </li> <li>++: age </li> <li>+: shooting, shot creation, pick-and-roll ability </li> <li>-: defensive versatility, playmaking, frame </li> </ul> <br> <li><b><a target='_blank' href='https://www.nba.com/draft/2020/prospects/tyrese-haliburton#/'>Tyrese Haliburton</a></b> - <i>PG - <a target='_blank' href='https://www.sports-reference.com/cbb/players/tyrese-haliburton-1.html'>Iowa State</a></b> </i></li> <ul style='list-style-type:none'> <li>Grade: Sophomore </li> <li>Age: 20.7 </li> <li>Height: 77 in </li> <li>Weight: 175 lbs </li> <li>Wingspan: 80 in </li> <li>Ape: +3 </li> <li>+: basketball IQ, shot selection, playmaking </li> <li>-: athleticsm, shot creation, interior offense </li> </ul> <br> </ol> <h2> Tier 4 (~50 FV)</h2> <ol start='10 '> <li><b><a target='_blank' href='https://www.nba.com/draft/2020/prospects/aleksej-pokusevski#/'>Aleksej Pokusevski</a></b> - <i>PF - <a target='_blank' href='https://www.basketball-reference.com/international/players/aleksej-pokusevski-1.html'>Olympiacos B (Greece A2) </a></b> </i></li> <ul style='list-style-type:none'> <li>Age: 18.9 </li> <li>Height: 84 in </li> <li>Weight: 201 lbs </li> <li>Wingspan: 87 in </li> <li>Ape: +3 </li> <li>++: age </li> <li>+: height and fluidity allows for unicorn potential </li> <li>-: height and weight allows for bust potential, quality of competition </li> </ul> <br> <li><b><a target='_blank' href='https://www.nba.com/draft/2020/prospects/deni-avdija#/'>Deni Avdija</a></b> - <i>SF - <a target='_blank' href='https://www.basketball-reference.com/international/players/deni-avdija-1.html'>Maccabi Tel Aviv (Israel)</a></b> </i></li> <ul style='list-style-type:none'> <li>Age: 19.9 </li> <li>Height: 81 in </li> <li>Weight: 215 lbs </li> <li>Wingspan: 81 in </li> <li>Ape: +0 </li> <li>+: secondary ball handling/playmaking, basketball IQ </li> <li>-: athleticism </li> <li>--: shooting, wingspan </li> </ul> <br> <li><b><a target='_blank' href='https://www.nba.com/draft/2020/prospects/isaac-okoro#/'>Isaac Okoro</a></b> - <i>SF - <a target='_blank' href='https://www.sports-reference.com/cbb/players/isaac-okoro-1.html'>Auburn</a></b> </i></li> <ul style='list-style-type:none'> <li>Grade: Freshman </li> <li>Age: 19.8 </li> <li>Height: 78 in </li> <li>Weight: 225 lbs </li> <li>Wingspan: 81 in </li> <li>Ape: +3 </li> <li>++: wing defense </li> <li>+: secondary ball handling/playmaking, interior finishing/foul drawing </li> <li>--: shooting </li> </ul> <br> <li><b><a target='_blank' href='https://www.nba.com/draft/2020/prospects/tyrese-maxey#/'>Tyrese Maxey</a></b> - <i>PG - <a target='_blank' href='https://www.sports-reference.com/cbb/players/tyrese-maxey-1.html'>Kentucky</a></b> </i></li> <ul style='list-style-type:none'> <li>Grade: Freshman </li> <li>Age: 20 </li> <li>Height: 75 in </li> <li>Weight: 198 lbs </li> <li>Wingspan: 78 in </li> <li>Ape: +3 </li> <li>+: finishing, free throw shooting, defense </li> <li>-: shot creation </li> </ul> <br> <li><b><a target='_blank' href='https://www.nba.com/draft/2020/prospects/tyrell-terry#/'>Tyrell Terry</a></b> - <i>PG - <a target='_blank' href='https://www.sports-reference.com/cbb/players/tyrell-terry-1.html'>Stanford</a></b> </i></li> <ul style='list-style-type:none'> <li>Grade: Freshman </li> <li>Age: 20.1 </li> <li>Height: 74 in </li> <li>Weight: 174 lbs </li> <li>++: shooting </li> <li>+: off-ball movement, pick-and-roll ball handling </li> <li>-: playmaking, effort, basketball IQ </li> <li>--: size limits defensive ability </li> </ul> <br> <li><b><a target='_blank' href='https://www.nba.com/draft/2020/prospects/josh-green#/'>Josh Green</a></b> - <i>SG - <a target='_blank' href='https://www.sports-reference.com/cbb/players/josh-green-2.html'>Arizona</a></b> </i></li> <ul style='list-style-type:none'> <li>Grade: Freshman </li> <li>Age: 20 </li> <li>Height: 78 in </li> <li>Weight: 210 lbs </li> <li>Wingspan: 82.25 in </li> <li>Ape: +4.25 </li> <li>+: shooting, defense </li> <li>-: playmaking, finishing </li> </ul> <br> <li><b><a target='_blank' href='https://www.nba.com/draft/2020/prospects/saddiq-bey#/'>Saddiq Bey</a></b> - <i>SF - <a target='_blank' href='https://www.sports-reference.com/cbb/players/saddiq-bey-1.html'>Villanova</a></b> </i></li> <ul style='list-style-type:none'> <li>Grade: Sophomore </li> <li>Age: 21.6 </li> <li>Height: 80 in </li> <li>Weight: 216 lbs </li> <li>Wingspan: 82 in </li> <li>Ape: +2 </li> <li>+: improved shooting, defensive awareness and versatility </li> <li>-: wingspan athleticism, likely 4th or 5th option offensively </li> <li>--: age </li> </ul> <br> <li><b><a target='_blank' href='https://www.nba.com/draft/2020/prospects/aaron-nesmith#/'>Aaron Nesmith</a></b> - <i>SF - <a target='_blank' href='https://www.sports-reference.com/cbb/players/aaron-nesmith-1.html'>Vanderbilt</a></b> </i></li> <ul style='list-style-type:none'> <li>Grade: Sophomore </li> <li>Age: 21.1 </li> <li>Height: 78 in </li> <li>Weight: 213 lbs </li> <li>Wingspan: 82 in </li> <li>Ape: +4 </li> <li>++: shooting </li> <li>+: plays within role </li> <li>-: shot creation, playmaking, defense </li> </ul> <br> </ol> <h2> Tier 5 (~45+ FV)</h2> <ol start='18 '> <li><b><a target='_blank' href='https://www.nba.com/draft/2020/prospects/cole-anthony#/'>Cole Anthony</a></b> - <i>PG - <a target='_blank' href='https://www.sports-reference.com/cbb/players/cole-anthony-1.html'>North Carolina</a></b> </i></li> <ul style='list-style-type:none'> <li>Grade: Freshman </li> <li>Age: 20.5 </li> <li>Height: 75 in </li> <li>Weight: 190 lbs </li> <li>Wingspan: 76.5 in </li> <li>Ape: +1.5 </li> <li>+: scoring </li> <li>-: age, wingspan, shot selection </li> </ul> <br>
A20: Jalen Smith | B20: PF | C20: =IFERROR(INDEX(actual!A:A,MATCH(A20,actual!B:B,FALSE)), "") -> 10 | D20: =IFERROR(INDEX(actual!C:C,MATCH(A20,actual!B:B,FALSE)), "") -> PHX | E20: Maryland | F20: Sophomore | G20: =YEARFRAC(W20, $G$1, 1) -> 20.674228 | H20: =IFERROR(LEFT(AC20,FIND("'",AC20)-1)*12+SUBSTITUTE(MID(AC20,FIND("'",AC20)+1,LEN(AC20)),"''",""), "") -> 82 | I20: =AD20 -> 225 | J20: =IFERROR(LEFT(AE20,FIND("'",AE20)-1)*12+SUBSTITUTE(MID(AE20,FIND("'",AE20)+1,LEN(AE20)),"''",""), "") -> 85.5 | K20: =IFERROR(LEFT(AF20,FIND("'",AF20)-1)*12+SUBSTITUTE(MID(AF20,FIND("'",AF20)+1,LEN(AF20)),"''",""), "") | L20: =IFERROR(IF(AND(J20-H20>= 0, J20 > 0), "+", ""),"") & IFERROR(IF(AND(J20-H20>= -5, J20 > 0), J20-H20, ""),"") -> +3.5 | M20: =IF(H20>0, IFERROR((J20-60)/(H20-60),""), "") -> 1.1590909 | O20: age, stretch shooting, pick and roll screening, motor | P20: interior scoring, horizontal athleticism, passing | R20: 47 | S20: 19 | T20: =IF(R20=R19,T19, MAX(T$1:T19)+1) -> 5 | U20: https://www.sports-reference.com/cbb/players/jalen-smith-1.html | V20: https://www.nba.com/draft/2020/prospects/jalen-smith#/ | W20: 36601 | X20: 5 | Y20: 17 | AA20: 27 | AB20: 19 | AC20: =IFERROR(INDEX('ringer measureables'!$A:$J,MATCH($A20,'ringer measureables'!$A:$A,FALSE),7), "") -> 6'10 | AD20: =IFERROR(INDEX('ringer measureables'!$A:$J,MATCH($A20,'ringer measureables'!$A:$A,FALSE),9), "") -> 225 | AE20: =IFERROR(INDEX('ringer measureables'!$A:$J,MATCH($A20,'ringer measureables'!$A:$A,FALSE),10), "") -> 7'1.5 | AF20: =IFERROR(INDEX('ringer measureables'!$A:$J,MATCH($A20,'ringer measureables'!$A:$A,FALSE),8), "") -> 0 | AG20: =AG19 & IF(T20=T19, "", IF(T20=1, " <!-- rankings --> ", " </ol> " ) & "<h2> Tier " & T20 & " (~" & IF(MOD(R20, 5)=0, R20, FLOOR(R20, 5) & "+") & " FV)</h2> <ol start='" & S20 & " '> " ) & " <li><b><a target='_blank' href='" & V20 & "'>" & A20 & "</a></b> - <i>" & B20 & " - <a target='_blank' href='" & U20 & "'>" & E20 & "</a></b> </i></li> <ul style='list-style-type:none'>" & IF(F20 <> "", " <li>Grade: " & F20 & " </li>", "") & IF(G20 <> "", " <li>Age: " & ROUND(G20,1) & " </li>", "") & IF(H20 <> "", " <li>Height: " & H20 & " in </li>", "") & IF(I20 <> "", " <li>Weight: " & I20 & " lbs </li>", "") & IF(J20 <> "", " <li>Wingspan: " & J20 & " in </li>", "") & IF(K20 <> "", " <li>Reach: " & K20 & " in </li>", "") & IF(L20 <> "", " <li>Ape: " & L20 & " </li>", "") & IF(N20 <> "", " <li>++: " & N20 & " </li>", "") & IF(O20 <> "", " <li>+: " & O20 & " </li>", "") & IF(P20 <> "", " <li>-: " & P20 & " </li>", "") & IF(Q20 <> "", " <li>--: " & Q20 & " </li>", "") & " </ul> <br>" & IF(T21="", " </ol> <!-- # end of rankings --> ", "") -> <!-- rankings --> <h2> Tier 1 (~55+ FV)</h2> <ol start='1 '> <li><b><a target='_blank' href='https://www.nba.com/draft/2020/prospects/onyeka-okongwu#/'>Onyeka Okongwu</a></b> - <i>PF - <a target='_blank' href='https://www.sports-reference.com/cbb/players/onyeka-okongwu-1.html'>USC</a></b> </i></li> <ul style='list-style-type:none'> <li>Grade: Freshman </li> <li>Age: 19.9 </li> <li>Height: 81 in </li> <li>Weight: 245 lbs </li> <li>Wingspan: 85 in </li> <li>Ape: +4 </li> <li>++: defensive versatility </li> <li>+: finishing, playmaking as a big, motor, shooting </li> <li>-: may not be quite big enough to hang with elite Centers </li> </ul> <br> <li><b><a target='_blank' href='https://www.nba.com/draft/2020/prospects/lamelo-ball#/'>LaMelo Ball</a></b> - <i>PG - <a target='_blank' href='https://www.basketball-reference.com/international/players/lamelo-ball-1.html'>Illawarra Hawks (Australia)</a></b> </i></li> <ul style='list-style-type:none'> <li>Age: 19.2 </li> <li>Height: 79 in </li> <li>Weight: 190 lbs </li> <li>Wingspan: 82 in </li> <li>Ape: +3 </li> <li>++: age, primary ball handling, passing </li> <li>+: size, rebounding </li> <li>-: effort, decision making </li> <li>--: finishing, shot selection </li> </ul> <br> <li><b><a target='_blank' href='https://www.nba.com/draft/2020/prospects/atnhony-edwards#/'>Anthony Edwards</a></b> - <i>SG - <a target='_blank' href='https://www.sports-reference.com/cbb/players/anthony-edwards-2.html'>Georgia</a></b> </i></li> <ul style='list-style-type:none'> <li>Grade: Freshman </li> <li>Age: 19.3 </li> <li>Height: 77 in </li> <li>Weight: 225 lbs </li> <li>Wingspan: 81 in </li> <li>Ape: +4 </li> <li>++: age, strength, athleticism, frame </li> <li>+: ape, shot creation </li> <li>-: playmaking, effort, basketball IQ </li> <li>--: shot selection </li> </ul> <br> <li><b><a target='_blank' href='https://www.nba.com/draft/2020/prospects/james-wiseman#/'>James Wiseman</a></b> - <i>C - <a target='_blank' href='https://www.sports-reference.com/cbb/players/james-wiseman-1.html'>Memphis</a></b> </i></li> <ul style='list-style-type:none'> <li>Grade: Freshman </li> <li>Age: 19.6 </li> <li>Height: 85 in </li> <li>Weight: 237 lbs </li> <li>Wingspan: 90 in </li> <li>Ape: +5 </li> <li>++: frame, athleticism </li> <li>+: age, rim running, rim protection </li> <li>-: shot selection, decision making </li> <li>--: lack of data, competition, defensive reps </li> </ul> <br> </ol> <h2> Tier 2 (~55 FV)</h2> <ol start='5 '> <li><b><a target='_blank' href='https://www.nba.com/draft/2020/prospects/patrick-williams#/'>Patrick Williams</a></b> - <i>SF - <a target='_blank' href='https://www.sports-reference.com/cbb/players/patrick-williams-2.html'>Florida State</a></b> </i></li> <ul style='list-style-type:none'> <li>Grade: Freshman </li> <li>Age: 19.3 </li> <li>Height: 80 in </li> <li>Weight: 225 lbs </li> <li>Wingspan: 83 in </li> <li>Ape: +3 </li> <li>++: age </li> <li>+: off ball defense, free throw shooting, off ball offense </li> <li>-: turnover prone, horizontal athleticism </li> </ul> <br> <li><b><a target='_blank' href='https://www.nba.com/draft/2020/prospects/devin-vassell#/'>Devin Vassell</a></b> - <i>SF - <a target='_blank' href='https://www.sports-reference.com/cbb/players/devin-vassell-1.html'>Florida State</a></b> </i></li> <ul style='list-style-type:none'> <li>Grade: Sophomore </li> <li>Age: 20.2 </li> <li>Height: 79 in </li> <li>Weight: 194 lbs </li> <li>Wingspan: 82 in </li> <li>Ape: +3 </li> <li>++: age </li> <li>+: defensive motor, on ball defense, shot selection </li> <li>-: finishing, strength </li> </ul> <br> </ol> <h2> Tier 3 (~50+ FV)</h2> <ol start='7 '> <li><b><a target='_blank' href='https://www.nba.com/draft/2020/prospects/killian-hayes#/'>Killian Hayes</a></b> - <i>PG - <a target='_blank' href='https://www.basketball-reference.com/international/players/killian-hayes-1.html'>Ratiopharm (Germany)</a></b> </i></li> <ul style='list-style-type:none'> <li>Age: 19.3 </li> <li>Height: 77 in </li> <li>Weight: 215 lbs </li> <li>Wingspan: 80.25 in </li> <li>Ape: +3.25 </li> <li>++: age </li> <li>+: size, shot creation/playmaking, shooting </li> <li>-: athleticism, driving, right hand dominance </li> </ul> <br> <li><b><a target='_blank' href='https://www.nba.com/draft/2020/prospects/kira-lewis#/'>Kira Lewis Jr.</a></b> - <i>PG - <a target='_blank' href='https://www.sports-reference.com/cbb/players/kira-lewisjr-1.html'>Alabama</a></b> </i></li> <ul style='list-style-type:none'> <li>Grade: Sophomore </li> <li>Age: 19.6 </li> <li>Height: 75 in </li> <li>Weight: 165 lbs </li> <li>Wingspan: 78 in </li> <li>Ape: +3 </li> <li>++: age </li> <li>+: shooting, shot creation, pick-and-roll ability </li> <li>-: defensive versatility, playmaking, frame </li> </ul> <br> <li><b><a target='_blank' href='https://www.nba.com/draft/2020/prospects/tyrese-haliburton#/'>Tyrese Haliburton</a></b> - <i>PG - <a target='_blank' href='https://www.sports-reference.com/cbb/players/tyrese-haliburton-1.html'>Iowa State</a></b> </i></li> <ul style='list-style-type:none'> <li>Grade: Sophomore </li> <li>Age: 20.7 </li> <li>Height: 77 in </li> <li>Weight: 175 lbs </li> <li>Wingspan: 80 in </li> <li>Ape: +3 </li> <li>+: basketball IQ, shot selection, playmaking </li> <li>-: athleticsm, shot creation, interior offense </li> </ul> <br> </ol> <h2> Tier 4 (~50 FV)</h2> <ol start='10 '> <li><b><a target='_blank' href='https://www.nba.com/draft/2020/prospects/aleksej-pokusevski#/'>Aleksej Pokusevski</a></b> - <i>PF - <a target='_blank' href='https://www.basketball-reference.com/international/players/aleksej-pokusevski-1.html'>Olympiacos B (Greece A2) </a></b> </i></li> <ul style='list-style-type:none'> <li>Age: 18.9 </li> <li>Height: 84 in </li> <li>Weight: 201 lbs </li> <li>Wingspan: 87 in </li> <li>Ape: +3 </li> <li>++: age </li> <li>+: height and fluidity allows for unicorn potential </li> <li>-: height and weight allows for bust potential, quality of competition </li> </ul> <br> <li><b><a target='_blank' href='https://www.nba.com/draft/2020/prospects/deni-avdija#/'>Deni Avdija</a></b> - <i>SF - <a target='_blank' href='https://www.basketball-reference.com/international/players/deni-avdija-1.html'>Maccabi Tel Aviv (Israel)</a></b> </i></li> <ul style='list-style-type:none'> <li>Age: 19.9 </li> <li>Height: 81 in </li> <li>Weight: 215 lbs </li> <li>Wingspan: 81 in </li> <li>Ape: +0 </li> <li>+: secondary ball handling/playmaking, basketball IQ </li> <li>-: athleticism </li> <li>--: shooting, wingspan </li> </ul> <br> <li><b><a target='_blank' href='https://www.nba.com/draft/2020/prospects/isaac-okoro#/'>Isaac Okoro</a></b> - <i>SF - <a target='_blank' href='https://www.sports-reference.com/cbb/players/isaac-okoro-1.html'>Auburn</a></b> </i></li> <ul style='list-style-type:none'> <li>Grade: Freshman </li> <li>Age: 19.8 </li> <li>Height: 78 in </li> <li>Weight: 225 lbs </li> <li>Wingspan: 81 in </li> <li>Ape: +3 </li> <li>++: wing defense </li> <li>+: secondary ball handling/playmaking, interior finishing/foul drawing </li> <li>--: shooting </li> </ul> <br> <li><b><a target='_blank' href='https://www.nba.com/draft/2020/prospects/tyrese-maxey#/'>Tyrese Maxey</a></b> - <i>PG - <a target='_blank' href='https://www.sports-reference.com/cbb/players/tyrese-maxey-1.html'>Kentucky</a></b> </i></li> <ul style='list-style-type:none'> <li>Grade: Freshman </li> <li>Age: 20 </li> <li>Height: 75 in </li> <li>Weight: 198 lbs </li> <li>Wingspan: 78 in </li> <li>Ape: +3 </li> <li>+: finishing, free throw shooting, defense </li> <li>-: shot creation </li> </ul> <br> <li><b><a target='_blank' href='https://www.nba.com/draft/2020/prospects/tyrell-terry#/'>Tyrell Terry</a></b> - <i>PG - <a target='_blank' href='https://www.sports-reference.com/cbb/players/tyrell-terry-1.html'>Stanford</a></b> </i></li> <ul style='list-style-type:none'> <li>Grade: Freshman </li> <li>Age: 20.1 </li> <li>Height: 74 in </li> <li>Weight: 174 lbs </li> <li>++: shooting </li> <li>+: off-ball movement, pick-and-roll ball handling </li> <li>-: playmaking, effort, basketball IQ </li> <li>--: size limits defensive ability </li> </ul> <br> <li><b><a target='_blank' href='https://www.nba.com/draft/2020/prospects/josh-green#/'>Josh Green</a></b> - <i>SG - <a target='_blank' href='https://www.sports-reference.com/cbb/players/josh-green-2.html'>Arizona</a></b> </i></li> <ul style='list-style-type:none'> <li>Grade: Freshman </li> <li>Age: 20 </li> <li>Height: 78 in </li> <li>Weight: 210 lbs </li> <li>Wingspan: 82.25 in </li> <li>Ape: +4.25 </li> <li>+: shooting, defense </li> <li>-: playmaking, finishing </li> </ul> <br> <li><b><a target='_blank' href='https://www.nba.com/draft/2020/prospects/saddiq-bey#/'>Saddiq Bey</a></b> - <i>SF - <a target='_blank' href='https://www.sports-reference.com/cbb/players/saddiq-bey-1.html'>Villanova</a></b> </i></li> <ul style='list-style-type:none'> <li>Grade: Sophomore </li> <li>Age: 21.6 </li> <li>Height: 80 in </li> <li>Weight: 216 lbs </li> <li>Wingspan: 82 in </li> <li>Ape: +2 </li> <li>+: improved shooting, defensive awareness and versatility </li> <li>-: wingspan athleticism, likely 4th or 5th option offensively </li> <li>--: age </li> </ul> <br> <li><b><a target='_blank' href='https://www.nba.com/draft/2020/prospects/aaron-nesmith#/'>Aaron Nesmith</a></b> - <i>SF - <a target='_blank' href='https://www.sports-reference.com/cbb/players/aaron-nesmith-1.html'>Vanderbilt</a></b> </i></li> <ul style='list-style-type:none'> <li>Grade: Sophomore </li> <li>Age: 21.1 </li> <li>Height: 78 in </li> <li>Weight: 213 lbs </li> <li>Wingspan: 82 in </li> <li>Ape: +4 </li> <li>++: shooting </li> <li>+: plays within role </li> <li>-: shot creation, playmaking, defense </li> </ul> <br> </ol> <h2> Tier 5 (~45+ FV)</h2> <ol start='18 '> <li><b><a target='_blank' href='https://www.nba.com/draft/2020/prospects/cole-anthony#/'>Cole Anthony</a></b> - <i>PG - <a target='_blank' href='https://www.sports-reference.com/cbb/players/cole-anthony-1.html'>North Carolina</a></b> </i></li> <ul style='list-style-type:none'> <li>Grade: Freshman </li> <li>Age: 20.5 </li> <li>Height: 75 in </li> <li>Weight: 190 lbs </li> <li>Wingspan: 76.5 in </li> <li>Ape: +1.5 </li> <li>+: scoring </li> <li>-: age, wingspan, shot selection </li> </ul> <br> <li><b><a target='_blank' href='https://www.nba.com/draft/2020/prospects/jalen-smith#/'>Jalen Smith</a></b> - <i>PF - <a target='_blank' href='https://www.sports-reference.com/cbb/players/jalen-smith-1.html'>Maryland</a></b> </i></li> <ul style='list-style-type:none'> <li>Grade: Sophomore </li> <li>Age: 20.7 </li> <li>Height: 82 in </li> <li>Weight: 225 lbs </li> <li>Wingspan: 85.5 in </li> <li>Ape: +3.5 </li> <li>+: age, stretch shooting, pick and roll screening, motor </li> <li>-: interior scoring, horizontal athleticism, passing </li> </ul> <br>
A21: Obi Toppin | B21: PF | C21: =IFERROR(INDEX(actual!A:A,MATCH(A21,actual!B:B,FALSE)), "") -> 8 | D21: =IFERROR(INDEX(actual!C:C,MATCH(A21,actual!B:B,FALSE)), "") -> NYK | E21: Dayton | F21: Sophomore | G21: =YEARFRAC(W21, $G$1, 1) -> 22.709796 | H21: =IFERROR(LEFT(AC21,FIND("'",AC21)-1)*12+SUBSTITUTE(MID(AC21,FIND("'",AC21)+1,LEN(AC21)),"''",""), "") -> 81 | I21: =AD21 -> 220 | J21: =IFERROR(LEFT(AE21,FIND("'",AE21)-1)*12+SUBSTITUTE(MID(AE21,FIND("'",AE21)+1,LEN(AE21)),"''",""), "") -> 83 | K21: =IFERROR(LEFT(AF21,FIND("'",AF21)-1)*12+SUBSTITUTE(MID(AF21,FIND("'",AF21)+1,LEN(AF21)),"''",""), "") | L21: =IFERROR(IF(AND(J21-H21>= 0, J21 > 0), "+", ""),"") & IFERROR(IF(AND(J21-H21>= -5, J21 > 0), J21-H21, ""),"") -> +2 | M21: =IF(H21>0, IFERROR((J21-60)/(H21-60),""), "") -> 1.0952381 | N21: rim running, vertical athleticism | O21: ball handling/playmaking as a big | P21: wingspan, defense | Q21: age, horizontal athleticism | R21: 47 | S21: 20 | T21: =IF(R21=R20,T20, MAX(T$1:T20)+1) -> 5 | U21: https://www.sports-reference.com/cbb/players/obadiah-toppin-1.html | V21: https://www.nba.com/draft/2020/prospects/obi-toppin#/ | W21: 35858 | X21: 3 | Y21: 11 | Z21: - | AA21: 4 | AB21: 6 | AC21: =IFERROR(INDEX('ringer measureables'!$A:$J,MATCH($A21,'ringer measureables'!$A:$A,FALSE),7), "") -> 6'9 | AD21: =IFERROR(INDEX('ringer measureables'!$A:$J,MATCH($A21,'ringer measureables'!$A:$A,FALSE),9), "") -> 220 | AE21: =IFERROR(INDEX('ringer measureables'!$A:$J,MATCH($A21,'ringer measureables'!$A:$A,FALSE),10), "") -> 6'11 | AF21: =IFERROR(INDEX('ringer measureables'!$A:$J,MATCH($A21,'ringer measureables'!$A:$A,FALSE),8), "") -> 0 | AG21: =AG20 & IF(T21=T20, "", IF(T21=1, " <!-- rankings --> ", " </ol> " ) & "<h2> Tier " & T21 & " (~" & IF(MOD(R21, 5)=0, R21, FLOOR(R21, 5) & "+") & " FV)</h2> <ol start='" & S21 & " '> " ) & " <li><b><a target='_blank' href='" & V21 & "'>" & A21 & "</a></b> - <i>" & B21 & " - <a target='_blank' href='" & U21 & "'>" & E21 & "</a></b> </i></li> <ul style='list-style-type:none'>" & IF(F21 <> "", " <li>Grade: " & F21 & " </li>", "") & IF(G21 <> "", " <li>Age: " & ROUND(G21,1) & " </li>", "") & IF(H21 <> "", " <li>Height: " & H21 & " in </li>", "") & IF(I21 <> "", " <li>Weight: " & I21 & " lbs </li>", "") & IF(J21 <> "", " <li>Wingspan: " & J21 & " in </li>", "") & IF(K21 <> "", " <li>Reach: " & K21 & " in </li>", "") & IF(L21 <> "", " <li>Ape: " & L21 & " </li>", "") & IF(N21 <> "", " <li>++: " & N21 & " </li>", "") & IF(O21 <> "", " <li>+: " & O21 & " </li>", "") & IF(P21 <> "", " <li>-: " & P21 & " </li>", "") & IF(Q21 <> "", " <li>--: " & Q21 & " </li>", "") & " </ul> <br>" & IF(T22="", " </ol> <!-- # end of rankings --> ", "") -> <!-- rankings --> <h2> Tier 1 (~55+ FV)</h2> <ol start='1 '> <li><b><a target='_blank' href='https://www.nba.com/draft/2020/prospects/onyeka-okongwu#/'>Onyeka Okongwu</a></b> - <i>PF - <a target='_blank' href='https://www.sports-reference.com/cbb/players/onyeka-okongwu-1.html'>USC</a></b> </i></li> <ul style='list-style-type:none'> <li>Grade: Freshman </li> <li>Age: 19.9 </li> <li>Height: 81 in </li> <li>Weight: 245 lbs </li> <li>Wingspan: 85 in </li> <li>Ape: +4 </li> <li>++: defensive versatility </li> <li>+: finishing, playmaking as a big, motor, shooting </li> <li>-: may not be quite big enough to hang with elite Centers </li> </ul> <br> <li><b><a target='_blank' href='https://www.nba.com/draft/2020/prospects/lamelo-ball#/'>LaMelo Ball</a></b> - <i>PG - <a target='_blank' href='https://www.basketball-reference.com/international/players/lamelo-ball-1.html'>Illawarra Hawks (Australia)</a></b> </i></li> <ul style='list-style-type:none'> <li>Age: 19.2 </li> <li>Height: 79 in </li> <li>Weight: 190 lbs </li> <li>Wingspan: 82 in </li> <li>Ape: +3 </li> <li>++: age, primary ball handling, passing </li> <li>+: size, rebounding </li> <li>-: effort, decision making </li> <li>--: finishing, shot selection </li> </ul> <br> <li><b><a target='_blank' href='https://www.nba.com/draft/2020/prospects/atnhony-edwards#/'>Anthony Edwards</a></b> - <i>SG - <a target='_blank' href='https://www.sports-reference.com/cbb/players/anthony-edwards-2.html'>Georgia</a></b> </i></li> <ul style='list-style-type:none'> <li>Grade: Freshman </li> <li>Age: 19.3 </li> <li>Height: 77 in </li> <li>Weight: 225 lbs </li> <li>Wingspan: 81 in </li> <li>Ape: +4 </li> <li>++: age, strength, athleticism, frame </li> <li>+: ape, shot creation </li> <li>-: playmaking, effort, basketball IQ </li> <li>--: shot selection </li> </ul> <br> <li><b><a target='_blank' href='https://www.nba.com/draft/2020/prospects/james-wiseman#/'>James Wiseman</a></b> - <i>C - <a target='_blank' href='https://www.sports-reference.com/cbb/players/james-wiseman-1.html'>Memphis</a></b> </i></li> <ul style='list-style-type:none'> <li>Grade: Freshman </li> <li>Age: 19.6 </li> <li>Height: 85 in </li> <li>Weight: 237 lbs </li> <li>Wingspan: 90 in </li> <li>Ape: +5 </li> <li>++: frame, athleticism </li> <li>+: age, rim running, rim protection </li> <li>-: shot selection, decision making </li> <li>--: lack of data, competition, defensive reps </li> </ul> <br> </ol> <h2> Tier 2 (~55 FV)</h2> <ol start='5 '> <li><b><a target='_blank' href='https://www.nba.com/draft/2020/prospects/patrick-williams#/'>Patrick Williams</a></b> - <i>SF - <a target='_blank' href='https://www.sports-reference.com/cbb/players/patrick-williams-2.html'>Florida State</a></b> </i></li> <ul style='list-style-type:none'> <li>Grade: Freshman </li> <li>Age: 19.3 </li> <li>Height: 80 in </li> <li>Weight: 225 lbs </li> <li>Wingspan: 83 in </li> <li>Ape: +3 </li> <li>++: age </li> <li>+: off ball defense, free throw shooting, off ball offense </li> <li>-: turnover prone, horizontal athleticism </li> </ul> <br> <li><b><a target='_blank' href='https://www.nba.com/draft/2020/prospects/devin-vassell#/'>Devin Vassell</a></b> - <i>SF - <a target='_blank' href='https://www.sports-reference.com/cbb/players/devin-vassell-1.html'>Florida State</a></b> </i></li> <ul style='list-style-type:none'> <li>Grade: Sophomore </li> <li>Age: 20.2 </li> <li>Height: 79 in </li> <li>Weight: 194 lbs </li> <li>Wingspan: 82 in </li> <li>Ape: +3 </li> <li>++: age </li> <li>+: defensive motor, on ball defense, shot selection </li> <li>-: finishing, strength </li> </ul> <br> </ol> <h2> Tier 3 (~50+ FV)</h2> <ol start='7 '> <li><b><a target='_blank' href='https://www.nba.com/draft/2020/prospects/killian-hayes#/'>Killian Hayes</a></b> - <i>PG - <a target='_blank' href='https://www.basketball-reference.com/international/players/killian-hayes-1.html'>Ratiopharm (Germany)</a></b> </i></li> <ul style='list-style-type:none'> <li>Age: 19.3 </li> <li>Height: 77 in </li> <li>Weight: 215 lbs </li> <li>Wingspan: 80.25 in </li> <li>Ape: +3.25 </li> <li>++: age </li> <li>+: size, shot creation/playmaking, shooting </li> <li>-: athleticism, driving, right hand dominance </li> </ul> <br> <li><b><a target='_blank' href='https://www.nba.com/draft/2020/prospects/kira-lewis#/'>Kira Lewis Jr.</a></b> - <i>PG - <a target='_blank' href='https://www.sports-reference.com/cbb/players/kira-lewisjr-1.html'>Alabama</a></b> </i></li> <ul style='list-style-type:none'> <li>Grade: Sophomore </li> <li>Age: 19.6 </li> <li>Height: 75 in </li> <li>Weight: 165 lbs </li> <li>Wingspan: 78 in </li> <li>Ape: +3 </li> <li>++: age </li> <li>+: shooting, shot creation, pick-and-roll ability </li> <li>-: defensive versatility, playmaking, frame </li> </ul> <br> <li><b><a target='_blank' href='https://www.nba.com/draft/2020/prospects/tyrese-haliburton#/'>Tyrese Haliburton</a></b> - <i>PG - <a target='_blank' href='https://www.sports-reference.com/cbb/players/tyrese-haliburton-1.html'>Iowa State</a></b> </i></li> <ul style='list-style-type:none'> <li>Grade: Sophomore </li> <li>Age: 20.7 </li> <li>Height: 77 in </li> <li>Weight: 175 lbs </li> <li>Wingspan: 80 in </li> <li>Ape: +3 </li> <li>+: basketball IQ, shot selection, playmaking </li> <li>-: athleticsm, shot creation, interior offense </li> </ul> <br> </ol> <h2> Tier 4 (~50 FV)</h2> <ol start='10 '> <li><b><a target='_blank' href='https://www.nba.com/draft/2020/prospects/aleksej-pokusevski#/'>Aleksej Pokusevski</a></b> - <i>PF - <a target='_blank' href='https://www.basketball-reference.com/international/players/aleksej-pokusevski-1.html'>Olympiacos B (Greece A2) </a></b> </i></li> <ul style='list-style-type:none'> <li>Age: 18.9 </li> <li>Height: 84 in </li> <li>Weight: 201 lbs </li> <li>Wingspan: 87 in </li> <li>Ape: +3 </li> <li>++: age </li> <li>+: height and fluidity allows for unicorn potential </li> <li>-: height and weight allows for bust potential, quality of competition </li> </ul> <br> <li><b><a target='_blank' href='https://www.nba.com/draft/2020/prospects/deni-avdija#/'>Deni Avdija</a></b> - <i>SF - <a target='_blank' href='https://www.basketball-reference.com/international/players/deni-avdija-1.html'>Maccabi Tel Aviv (Israel)</a></b> </i></li> <ul style='list-style-type:none'> <li>Age: 19.9 </li> <li>Height: 81 in </li> <li>Weight: 215 lbs </li> <li>Wingspan: 81 in </li> <li>Ape: +0 </li> <li>+: secondary ball handling/playmaking, basketball IQ </li> <li>-: athleticism </li> <li>--: shooting, wingspan </li> </ul> <br> <li><b><a target='_blank' href='https://www.nba.com/draft/2020/prospects/isaac-okoro#/'>Isaac Okoro</a></b> - <i>SF - <a target='_blank' href='https://www.sports-reference.com/cbb/players/isaac-okoro-1.html'>Auburn</a></b> </i></li> <ul style='list-style-type:none'> <li>Grade: Freshman </li> <li>Age: 19.8 </li> <li>Height: 78 in </li> <li>Weight: 225 lbs </li> <li>Wingspan: 81 in </li> <li>Ape: +3 </li> <li>++: wing defense </li> <li>+: secondary ball handling/playmaking, interior finishing/foul drawing </li> <li>--: shooting </li> </ul> <br> <li><b><a target='_blank' href='https://www.nba.com/draft/2020/prospects/tyrese-maxey#/'>Tyrese Maxey</a></b> - <i>PG - <a target='_blank' href='https://www.sports-reference.com/cbb/players/tyrese-maxey-1.html'>Kentucky</a></b> </i></li> <ul style='list-style-type:none'> <li>Grade: Freshman </li> <li>Age: 20 </li> <li>Height: 75 in </li> <li>Weight: 198 lbs </li> <li>Wingspan: 78 in </li> <li>Ape: +3 </li> <li>+: finishing, free throw shooting, defense </li> <li>-: shot creation </li> </ul> <br> <li><b><a target='_blank' href='https://www.nba.com/draft/2020/prospects/tyrell-terry#/'>Tyrell Terry</a></b> - <i>PG - <a target='_blank' href='https://www.sports-reference.com/cbb/players/tyrell-terry-1.html'>Stanford</a></b> </i></li> <ul style='list-style-type:none'> <li>Grade: Freshman </li> <li>Age: 20.1 </li> <li>Height: 74 in </li> <li>Weight: 174 lbs </li> <li>++: shooting </li> <li>+: off-ball movement, pick-and-roll ball handling </li> <li>-: playmaking, effort, basketball IQ </li> <li>--: size limits defensive ability </li> </ul> <br> <li><b><a target='_blank' href='https://www.nba.com/draft/2020/prospects/josh-green#/'>Josh Green</a></b> - <i>SG - <a target='_blank' href='https://www.sports-reference.com/cbb/players/josh-green-2.html'>Arizona</a></b> </i></li> <ul style='list-style-type:none'> <li>Grade: Freshman </li> <li>Age: 20 </li> <li>Height: 78 in </li> <li>Weight: 210 lbs </li> <li>Wingspan: 82.25 in </li> <li>Ape: +4.25 </li> <li>+: shooting, defense </li> <li>-: playmaking, finishing </li> </ul> <br> <li><b><a target='_blank' href='https://www.nba.com/draft/2020/prospects/saddiq-bey#/'>Saddiq Bey</a></b> - <i>SF - <a target='_blank' href='https://www.sports-reference.com/cbb/players/saddiq-bey-1.html'>Villanova</a></b> </i></li> <ul style='list-style-type:none'> <li>Grade: Sophomore </li> <li>Age: 21.6 </li> <li>Height: 80 in </li> <li>Weight: 216 lbs </li> <li>Wingspan: 82 in </li> <li>Ape: +2 </li> <li>+: improved shooting, defensive awareness and versatility </li> <li>-: wingspan athleticism, likely 4th or 5th option offensively </li> <li>--: age </li> </ul> <br> <li><b><a target='_blank' href='https://www.nba.com/draft/2020/prospects/aaron-nesmith#/'>Aaron Nesmith</a></b> - <i>SF - <a target='_blank' href='https://www.sports-reference.com/cbb/players/aaron-nesmith-1.html'>Vanderbilt</a></b> </i></li> <ul style='list-style-type:none'> <li>Grade: Sophomore </li> <li>Age: 21.1 </li> <li>Height: 78 in </li> <li>Weight: 213 lbs </li> <li>Wingspan: 82 in </li> <li>Ape: +4 </li> <li>++: shooting </li> <li>+: plays within role </li> <li>-: shot creation, playmaking, defense </li> </ul> <br> </ol> <h2> Tier 5 (~45+ FV)</h2> <ol start='18 '> <li><b><a target='_blank' href='https://www.nba.com/draft/2020/prospects/cole-anthony#/'>Cole Anthony</a></b> - <i>PG - <a target='_blank' href='https://www.sports-reference.com/cbb/players/cole-anthony-1.html'>North Carolina</a></b> </i></li> <ul style='list-style-type:none'> <li>Grade: Freshman </li> <li>Age: 20.5 </li> <li>Height: 75 in </li> <li>Weight: 190 lbs </li> <li>Wingspan: 76.5 in </li> <li>Ape: +1.5 </li> <li>+: scoring </li> <li>-: age, wingspan, shot selection </li> </ul> <br> <li><b><a target='_blank' href='https://www.nba.com/draft/2020/prospects/jalen-smith#/'>Jalen Smith</a></b> - <i>PF - <a target='_blank' href='https://www.sports-reference.com/cbb/players/jalen-smith-1.html'>Maryland</a></b> </i></li> <ul style='list-style-type:none'> <li>Grade: Sophomore </li> <li>Age: 20.7 </li> <li>Height: 82 in </li> <li>Weight: 225 lbs </li> <li>Wingspan: 85.5 in </li> <li>Ape: +3.5 </li> <li>+: age, stretch shooting, pick and roll screening, motor </li> <li>-: interior scoring, horizontal athleticism, passing </li> </ul> <br> <li><b><a target='_blank' href='https://www.nba.com/draft/2020/prospects/obi-toppin#/'>Obi Toppin</a></b> - <i>PF - <a target='_blank' href='https://www.sports-reference.com/cbb/players/obadiah-toppin-1.html'>Dayton</a></b> </i></li> <ul style='list-style-type:none'> <li>Grade: Sophomore </li> <li>Age: 22.7 </li> <li>Height: 81 in </li> <li>Weight: 220 lbs </li> <li>Wingspan: 83 in </li> <li>Ape: +2 </li> <li>++: rim running, vertical athleticism </li> <li>+: ball handling/playmaking as a big </li> <li>-: wingspan, defense </li> <li>--: age, horizontal athleticism </li> </ul> <br>
A22: R.J. Hampton | B22: PG | C22: =IFERROR(INDEX(actual!A:A,MATCH(A22,actual!B:B,FALSE)), "") -> 24 | D22: =IFERROR(INDEX(actual!C:C,MATCH(A22,actual!B:B,FALSE)), "") -> DEN | E22: New Zealand Breakers (New Zealand) | G22: =YEARFRAC(W22, $G$1, 1) -> 19.778234 | H22: =IFERROR(LEFT(AC22,FIND("'",AC22)-1)*12+SUBSTITUTE(MID(AC22,FIND("'",AC22)+1,LEN(AC22)),"''",""), "") -> 77 | I22: =AD22 -> 188 | J22: =IFERROR(LEFT(AE22,FIND("'",AE22)-1)*12+SUBSTITUTE(MID(AE22,FIND("'",AE22)+1,LEN(AE22)),"''",""), "") -> 79 | K22: =IFERROR(LEFT(AF22,FIND("'",AF22)-1)*12+SUBSTITUTE(MID(AF22,FIND("'",AF22)+1,LEN(AF22)),"''",""), "") | L22: =IFERROR(IF(AND(J22-H22>= 0, J22 > 0), "+", ""),"") & IFERROR(IF(AND(J22-H22>= -5, J22 > 0), J22-H22, ""),"") -> +2 | M22: =IF(H22>0, IFERROR((J22-60)/(H22-60),""), "") -> 1.1176471 | O22: athleticism, frame | P22: shooting, raw | R22: 47 | S22: 21 | T22: =IF(R22=R21,T21, MAX(T$1:T21)+1) -> 5 | U22: https://www.basketball-reference.com/international/players/rj-hampton-1.html | V22: https://www.nba.com/draft/2020/prospects/rj-hampton#/ | W22: 36929 | X22: 5 | Y22: 21 | AA22: 7 | AB22: 14 | AC22: =IFERROR(INDEX('ringer measureables'!$A:$J,MATCH($A22,'ringer measureables'!$A:$A,FALSE),7), "") -> 6'5 | AD22: =IFERROR(INDEX('ringer measureables'!$A:$J,MATCH($A22,'ringer measureables'!$A:$A,FALSE),9), "") -> 188 | AE22: =IFERROR(INDEX('ringer measureables'!$A:$J,MATCH($A22,'ringer measureables'!$A:$A,FALSE),10), "") -> 6'7 | AF22: =IFERROR(INDEX('ringer measureables'!$A:$J,MATCH($A22,'ringer measureables'!$A:$A,FALSE),8), "") -> 0 | AG22: =AG21 & IF(T22=T21, "", IF(T22=1, " <!-- rankings --> ", " </ol> " ) & "<h2> Tier " & T22 & " (~" & IF(MOD(R22, 5)=0, R22, FLOOR(R22, 5) & "+") & " FV)</h2> <ol start='" & S22 & " '> " ) & " <li><b><a target='_blank' href='" & V22 & "'>" & A22 & "</a></b> - <i>" & B22 & " - <a target='_blank' href='" & U22 & "'>" & E22 & "</a></b> </i></li> <ul style='list-style-type:none'>" & IF(F22 <> "", " <li>Grade: " & F22 & " </li>", "") & IF(G22 <> "", " <li>Age: " & ROUND(G22,1) & " </li>", "") & IF(H22 <> "", " <li>Height: " & H22 & " in </li>", "") & IF(I22 <> "", " <li>Weight: " & I22 & " lbs </li>", "") & IF(J22 <> "", " <li>Wingspan: " & J22 & " in </li>", "") & IF(K22 <> "", " <li>Reach: " & K22 & " in </li>", "") & IF(L22 <> "", " <li>Ape: " & L22 & " </li>", "") & IF(N22 <> "", " <li>++: " & N22 & " </li>", "") & IF(O22 <> "", " <li>+: " & O22 & " </li>", "") & IF(P22 <> "", " <li>-: " & P22 & " </li>", "") & IF(Q22 <> "", " <li>--: " & Q22 & " </li>", "") & " </ul> <br>" & IF(T23="", " </ol> <!-- # end of rankings --> ", "") -> <!-- rankings --> <h2> Tier 1 (~55+ FV)</h2> <ol start='1 '> <li><b><a target='_blank' href='https://www.nba.com/draft/2020/prospects/onyeka-okongwu#/'>Onyeka Okongwu</a></b> - <i>PF - <a target='_blank' href='https://www.sports-reference.com/cbb/players/onyeka-okongwu-1.html'>USC</a></b> </i></li> <ul style='list-style-type:none'> <li>Grade: Freshman </li> <li>Age: 19.9 </li> <li>Height: 81 in </li> <li>Weight: 245 lbs </li> <li>Wingspan: 85 in </li> <li>Ape: +4 </li> <li>++: defensive versatility </li> <li>+: finishing, playmaking as a big, motor, shooting </li> <li>-: may not be quite big enough to hang with elite Centers </li> </ul> <br> <li><b><a target='_blank' href='https://www.nba.com/draft/2020/prospects/lamelo-ball#/'>LaMelo Ball</a></b> - <i>PG - <a target='_blank' href='https://www.basketball-reference.com/international/players/lamelo-ball-1.html'>Illawarra Hawks (Australia)</a></b> </i></li> <ul style='list-style-type:none'> <li>Age: 19.2 </li> <li>Height: 79 in </li> <li>Weight: 190 lbs </li> <li>Wingspan: 82 in </li> <li>Ape: +3 </li> <li>++: age, primary ball handling, passing </li> <li>+: size, rebounding </li> <li>-: effort, decision making </li> <li>--: finishing, shot selection </li> </ul> <br> <li><b><a target='_blank' href='https://www.nba.com/draft/2020/prospects/atnhony-edwards#/'>Anthony Edwards</a></b> - <i>SG - <a target='_blank' href='https://www.sports-reference.com/cbb/players/anthony-edwards-2.html'>Georgia</a></b> </i></li> <ul style='list-style-type:none'> <li>Grade: Freshman </li> <li>Age: 19.3 </li> <li>Height: 77 in </li> <li>Weight: 225 lbs </li> <li>Wingspan: 81 in </li> <li>Ape: +4 </li> <li>++: age, strength, athleticism, frame </li> <li>+: ape, shot creation </li> <li>-: playmaking, effort, basketball IQ </li> <li>--: shot selection </li> </ul> <br> <li><b><a target='_blank' href='https://www.nba.com/draft/2020/prospects/james-wiseman#/'>James Wiseman</a></b> - <i>C - <a target='_blank' href='https://www.sports-reference.com/cbb/players/james-wiseman-1.html'>Memphis</a></b> </i></li> <ul style='list-style-type:none'> <li>Grade: Freshman </li> <li>Age: 19.6 </li> <li>Height: 85 in </li> <li>Weight: 237 lbs </li> <li>Wingspan: 90 in </li> <li>Ape: +5 </li> <li>++: frame, athleticism </li> <li>+: age, rim running, rim protection </li> <li>-: shot selection, decision making </li> <li>--: lack of data, competition, defensive reps </li> </ul> <br> </ol> <h2> Tier 2 (~55 FV)</h2> <ol start='5 '> <li><b><a target='_blank' href='https://www.nba.com/draft/2020/prospects/patrick-williams#/'>Patrick Williams</a></b> - <i>SF - <a target='_blank' href='https://www.sports-reference.com/cbb/players/patrick-williams-2.html'>Florida State</a></b> </i></li> <ul style='list-style-type:none'> <li>Grade: Freshman </li> <li>Age: 19.3 </li> <li>Height: 80 in </li> <li>Weight: 225 lbs </li> <li>Wingspan: 83 in </li> <li>Ape: +3 </li> <li>++: age </li> <li>+: off ball defense, free throw shooting, off ball offense </li> <li>-: turnover prone, horizontal athleticism </li> </ul> <br> <li><b><a target='_blank' href='https://www.nba.com/draft/2020/prospects/devin-vassell#/'>Devin Vassell</a></b> - <i>SF - <a target='_blank' href='https://www.sports-reference.com/cbb/players/devin-vassell-1.html'>Florida State</a></b> </i></li> <ul style='list-style-type:none'> <li>Grade: Sophomore </li> <li>Age: 20.2 </li> <li>Height: 79 in </li> <li>Weight: 194 lbs </li> <li>Wingspan: 82 in </li> <li>Ape: +3 </li> <li>++: age </li> <li>+: defensive motor, on ball defense, shot selection </li> <li>-: finishing, strength </li> </ul> <br> </ol> <h2> Tier 3 (~50+ FV)</h2> <ol start='7 '> <li><b><a target='_blank' href='https://www.nba.com/draft/2020/prospects/killian-hayes#/'>Killian Hayes</a></b> - <i>PG - <a target='_blank' href='https://www.basketball-reference.com/international/players/killian-hayes-1.html'>Ratiopharm (Germany)</a></b> </i></li> <ul style='list-style-type:none'> <li>Age: 19.3 </li> <li>Height: 77 in </li> <li>Weight: 215 lbs </li> <li>Wingspan: 80.25 in </li> <li>Ape: +3.25 </li> <li>++: age </li> <li>+: size, shot creation/playmaking, shooting </li> <li>-: athleticism, driving, right hand dominance </li> </ul> <br> <li><b><a target='_blank' href='https://www.nba.com/draft/2020/prospects/kira-lewis#/'>Kira Lewis Jr.</a></b> - <i>PG - <a target='_blank' href='https://www.sports-reference.com/cbb/players/kira-lewisjr-1.html'>Alabama</a></b> </i></li> <ul style='list-style-type:none'> <li>Grade: Sophomore </li> <li>Age: 19.6 </li> <li>Height: 75 in </li> <li>Weight: 165 lbs </li> <li>Wingspan: 78 in </li> <li>Ape: +3 </li> <li>++: age </li> <li>+: shooting, shot creation, pick-and-roll ability </li> <li>-: defensive versatility, playmaking, frame </li> </ul> <br> <li><b><a target='_blank' href='https://www.nba.com/draft/2020/prospects/tyrese-haliburton#/'>Tyrese Haliburton</a></b> - <i>PG - <a target='_blank' href='https://www.sports-reference.com/cbb/players/tyrese-haliburton-1.html'>Iowa State</a></b> </i></li> <ul style='list-style-type:none'> <li>Grade: Sophomore </li> <li>Age: 20.7 </li> <li>Height: 77 in </li> <li>Weight: 175 lbs </li> <li>Wingspan: 80 in </li> <li>Ape: +3 </li> <li>+: basketball IQ, shot selection, playmaking </li> <li>-: athleticsm, shot creation, interior offense </li> </ul> <br> </ol> <h2> Tier 4 (~50 FV)</h2> <ol start='10 '> <li><b><a target='_blank' href='https://www.nba.com/draft/2020/prospects/aleksej-pokusevski#/'>Aleksej Pokusevski</a></b> - <i>PF - <a target='_blank' href='https://www.basketball-reference.com/international/players/aleksej-pokusevski-1.html'>Olympiacos B (Greece A2) </a></b> </i></li> <ul style='list-style-type:none'> <li>Age: 18.9 </li> <li>Height: 84 in </li> <li>Weight: 201 lbs </li> <li>Wingspan: 87 in </li> <li>Ape: +3 </li> <li>++: age </li> <li>+: height and fluidity allows for unicorn potential </li> <li>-: height and weight allows for bust potential, quality of competition </li> </ul> <br> <li><b><a target='_blank' href='https://www.nba.com/draft/2020/prospects/deni-avdija#/'>Deni Avdija</a></b> - <i>SF - <a target='_blank' href='https://www.basketball-reference.com/international/players/deni-avdija-1.html'>Maccabi Tel Aviv (Israel)</a></b> </i></li> <ul style='list-style-type:none'> <li>Age: 19.9 </li> <li>Height: 81 in </li> <li>Weight: 215 lbs </li> <li>Wingspan: 81 in </li> <li>Ape: +0 </li> <li>+: secondary ball handling/playmaking, basketball IQ </li> <li>-: athleticism </li> <li>--: shooting, wingspan </li> </ul> <br> <li><b><a target='_blank' href='https://www.nba.com/draft/2020/prospects/isaac-okoro#/'>Isaac Okoro</a></b> - <i>SF - <a target='_blank' href='https://www.sports-reference.com/cbb/players/isaac-okoro-1.html'>Auburn</a></b> </i></li> <ul style='list-style-type:none'> <li>Grade: Freshman </li> <li>Age: 19.8 </li> <li>Height: 78 in </li> <li>Weight: 225 lbs </li> <li>Wingspan: 81 in </li> <li>Ape: +3 </li> <li>++: wing defense </li> <li>+: secondary ball handling/playmaking, interior finishing/foul drawing </li> <li>--: shooting </li> </ul> <br> <li><b><a target='_blank' href='https://www.nba.com/draft/2020/prospects/tyrese-maxey#/'>Tyrese Maxey</a></b> - <i>PG - <a target='_blank' href='https://www.sports-reference.com/cbb/players/tyrese-maxey-1.html'>Kentucky</a></b> </i></li> <ul style='list-style-type:none'> <li>Grade: Freshman </li> <li>Age: 20 </li> <li>Height: 75 in </li> <li>Weight: 198 lbs </li> <li>Wingspan: 78 in </li> <li>Ape: +3 </li> <li>+: finishing, free throw shooting, defense </li> <li>-: shot creation </li> </ul> <br> <li><b><a target='_blank' href='https://www.nba.com/draft/2020/prospects/tyrell-terry#/'>Tyrell Terry</a></b> - <i>PG - <a target='_blank' href='https://www.sports-reference.com/cbb/players/tyrell-terry-1.html'>Stanford</a></b> </i></li> <ul style='list-style-type:none'> <li>Grade: Freshman </li> <li>Age: 20.1 </li> <li>Height: 74 in </li> <li>Weight: 174 lbs </li> <li>++: shooting </li> <li>+: off-ball movement, pick-and-roll ball handling </li> <li>-: playmaking, effort, basketball IQ </li> <li>--: size limits defensive ability </li> </ul> <br> <li><b><a target='_blank' href='https://www.nba.com/draft/2020/prospects/josh-green#/'>Josh Green</a></b> - <i>SG - <a target='_blank' href='https://www.sports-reference.com/cbb/players/josh-green-2.html'>Arizona</a></b> </i></li> <ul style='list-style-type:none'> <li>Grade: Freshman </li> <li>Age: 20 </li> <li>Height: 78 in </li> <li>Weight: 210 lbs </li> <li>Wingspan: 82.25 in </li> <li>Ape: +4.25 </li> <li>+: shooting, defense </li> <li>-: playmaking, finishing </li> </ul> <br> <li><b><a target='_blank' href='https://www.nba.com/draft/2020/prospects/saddiq-bey#/'>Saddiq Bey</a></b> - <i>SF - <a target='_blank' href='https://www.sports-reference.com/cbb/players/saddiq-bey-1.html'>Villanova</a></b> </i></li> <ul style='list-style-type:none'> <li>Grade: Sophomore </li> <li>Age: 21.6 </li> <li>Height: 80 in </li> <li>Weight: 216 lbs </li> <li>Wingspan: 82 in </li> <li>Ape: +2 </li> <li>+: improved shooting, defensive awareness and versatility </li> <li>-: wingspan athleticism, likely 4th or 5th option offensively </li> <li>--: age </li> </ul> <br> <li><b><a target='_blank' href='https://www.nba.com/draft/2020/prospects/aaron-nesmith#/'>Aaron Nesmith</a></b> - <i>SF - <a target='_blank' href='https://www.sports-reference.com/cbb/players/aaron-nesmith-1.html'>Vanderbilt</a></b> </i></li> <ul style='list-style-type:none'> <li>Grade: Sophomore </li> <li>Age: 21.1 </li> <li>Height: 78 in </li> <li>Weight: 213 lbs </li> <li>Wingspan: 82 in </li> <li>Ape: +4 </li> <li>++: shooting </li> <li>+: plays within role </li> <li>-: shot creation, playmaking, defense </li> </ul> <br> </ol> <h2> Tier 5 (~45+ FV)</h2> <ol start='18 '> <li><b><a target='_blank' href='https://www.nba.com/draft/2020/prospects/cole-anthony#/'>Cole Anthony</a></b> - <i>PG - <a target='_blank' href='https://www.sports-reference.com/cbb/players/cole-anthony-1.html'>North Carolina</a></b> </i></li> <ul style='list-style-type:none'> <li>Grade: Freshman </li> <li>Age: 20.5 </li> <li>Height: 75 in </li> <li>Weight: 190 lbs </li> <li>Wingspan: 76.5 in </li> <li>Ape: +1.5 </li> <li>+: scoring </li> <li>-: age, wingspan, shot selection </li> </ul> <br> <li><b><a target='_blank' href='https://www.nba.com/draft/2020/prospects/jalen-smith#/'>Jalen Smith</a></b> - <i>PF - <a target='_blank' href='https://www.sports-reference.com/cbb/players/jalen-smith-1.html'>Maryland</a></b> </i></li> <ul style='list-style-type:none'> <li>Grade: Sophomore </li> <li>Age: 20.7 </li> <li>Height: 82 in </li> <li>Weight: 225 lbs </li> <li>Wingspan: 85.5 in </li> <li>Ape: +3.5 </li> <li>+: age, stretch shooting, pick and roll screening, motor </li> <li>-: interior scoring, horizontal athleticism, passing </li> </ul> <br> <li><b><a target='_blank' href='https://www.nba.com/draft/2020/prospects/obi-toppin#/'>Obi Toppin</a></b> - <i>PF - <a target='_blank' href='https://www.sports-reference.com/cbb/players/obadiah-toppin-1.html'>Dayton</a></b> </i></li> <ul style='list-style-type:none'> <li>Grade: Sophomore </li> <li>Age: 22.7 </li> <li>Height: 81 in </li> <li>Weight: 220 lbs </li> <li>Wingspan: 83 in </li> <li>Ape: +2 </li> <li>++: rim running, vertical athleticism </li> <li>+: ball handling/playmaking as a big </li> <li>-: wingspan, defense </li> <li>--: age, horizontal athleticism </li> </ul> <br> <li><b><a target='_blank' href='https://www.nba.com/draft/2020/prospects/rj-hampton#/'>R.J. Hampton</a></b> - <i>PG - <a target='_blank' href='https://www.basketball-reference.com/international/players/rj-hampton-1.html'>New Zealand Breakers (New Zealand)</a></b> </i></li> <ul style='list-style-type:none'> <li>Age: 19.8 </li> <li>Height: 77 in </li> <li>Weight: 188 lbs </li> <li>Wingspan: 79 in </li> <li>Ape: +2 </li> <li>+: athleticism, frame </li> <li>-: shooting, raw </li> </ul> <br>
