Workbook

Sheet board
AE1: count | AF1: =COUNTA(AF6:AF981) -> 76 | AG1: =COUNTA(AG6:AG981) -> 76 | AH1: =COUNTA(AH6:AH981) -> 50 | AI1: =COUNTA(AI6:AI981) -> 29 | AJ1: =COUNTA(AJ6:AJ981) -> 93 | AK1: =COUNTA(AK6:AK981) -> 91 | AL1: =COUNTA(AL6:AL981) -> 37 | AM1: =COUNTA(AM6:AM981) -> 0 | ... AV1: =COUNTA(AV6:AV981) -> 37
AE2: max | AF2: =IF(AF5="rcsi", 25, MAX(AF6:AF981)) -> 76 | AG2: =IF(AG5="rcsi", 25, MAX(AG6:AG981)) -> 13 | AH2: =IF(AH5="rcsi", 25, MAX(AH6:AH981)) -> 50 | AI2: =IF(AI5="rcsi", 25, MAX(AI6:AI981)) -> 30 | AJ2: =IF(AJ5="rcsi", 25, MAX(AJ6:AJ981)) -> 101 | AK2: =IF(AK5="rcsi", 25, MAX(AK6:AK981)) -> 100 | AL2: =IF(AL5="rcsi", 25, MAX(AL6:AL981)) -> 40 | AM2: =IF(AM5="rcsi", 25, MAX(AM6:AM981)) -> 0 | ... AV2: =IF(AV5="rcsi", 25, MAX(AV6:AV981)) -> 25
AE3: weight | AF3: 2 | AG3: 3 | AH3: 4 | AI3: 2 | AJ3: 3 | AK3: 1 | AL3: 1 | AM3: 1 | AN3: 2 | AO3: 4 | AP3: 2 | AQ3: 3 | AR3: 2 | AS3: 1 | AT3: 2 | AU3: 1 | AV3: 1
AE4: type | AF4: scouting | AG4: scouting | AH4: model | AI4: model | AJ4: model | AK4: model | AL4: model | AM4: model | AN4: scouting | AO4: scouting | AP4: scouting | AQ4: scouting | AR4: scouting | AS4: scouting | AT4: scouting | AU4: scouting | AV4: scouting
A5: name | B5: position | C5: school | D5: Grade | E5: 44735 | F5: height (in) | G5: weight | H5: wingspan (in) | I5: reach (in) | J5: Ape | K5: Ape Formula | L5: ++ | M5: + | N5: - | O5: -- | P5: notes | Q5: grade | R5: me | T5: pick | U5: team | V5: ref_link | W5: nbadraft_link | X5: nba_link | Y5: birthday | Z5: agg_rank | AA5: scouting_agg_rnk | AB5: models_agg_rnk | AC5: agg | AD5: scouting | AE5: model | AF5: hollinger | AG5: hol_tier | AH5: tothemean | AI5: pelton | AJ5: David Sajdak | AK5: bigwafe | AL5: evidenceforZ | AM5: craftedNBA | AN5: Dean_rank | AO5: Dean_tier | AP5: zamir_rank | AQ5: zamir_tier | AR5: ringer | AS5: vec_rank | AT5: vec_tier | AU5: espn | AV5: rcsi | AW5: height | AX5: weight | AY5: wingspan | AZ5: reach
A6: Paolo Banchero | B6: PF | C6: Duke | D6: Freshman | E6: =YEARFRAC(Y6, $E$5, 1) -> 19.611864 | F6: =IFERROR(LEFT(AW6,FIND("'",AW6)-1)*12+SUBSTITUTE(MID(AW6,FIND("'",AW6)+1,LEN(AW6)),"''",""), "") -> 82 | G6: =AX6 -> 250 | H6: =IFERROR(LEFT(AY6,FIND("'",AY6)-1)*12+SUBSTITUTE(MID(AY6,FIND("'",AY6)+1,LEN(AY6)),"''",""), "") -> 85 | I6: =IFERROR(LEFT(AZ6,FIND("'",AZ6)-1)*12+SUBSTITUTE(MID(AZ6,FIND("'",AZ6)+1,LEN(AZ6)),"''",""), "") | J6: =IFERROR(IF(AND(H6-F6>= 0, H6 > 0), "+", ""),"") & IFERROR(IF(AND(H6-F6>= -5, H6 > 0), H6-F6, ""),"") -> +3 | K6: =IF(F6>0, IFERROR((H6-60)/(F6-60),""), "") -> 1.1363636 | L6: size, offensive creation, rim attacking | M6: passing | N6: defensive impact, shooting | P6: upside of a big wing who can be a primary offensive creator (arguably the most valuable archtype in the sport) | Q6: 60.9 | R6: =IF(Q6=-1, "", IF(Q6=0,"HM.",IF(Q6="","",RANK(Q6,Q$6:Q$980)))) -> 1 | S6: =IFERROR(IF(FLOOR(Q6,1)=FLOOR(Q5,1),S5, MAX(S$5:S5)+1),1) -> 1 | T6: =IFERROR(INDEX(actual!A:A,MATCH(A6,actual!B:B,FALSE)), "") -> 1 | U6: =IFERROR(INDEX(actual!C:C,MATCH(A6,actual!B:B,FALSE)), "") -> ORL | V6: =HYPERLINK(IF(D6="", "https://www.basketball-reference.com/international", "https://www.sports-reference.com/cbb") & "/players/" & LOWER(SUBSTITUTE(A6, " ", "-") & "-1.html")) -> https://www.sports-reference.com/cbb/players/paolo-banchero-1.html | W6: =HYPERLINK("https://www.nbadraft.net/players/" & LOWER(SUBSTITUTE(A6, " ", "-") & "")) -> https://www.nbadraft.net/players/paolo-banchero | X6: =HYPERLINK("https://www.nba.com/draft/2022/prospects/" & LOWER(SUBSTITUTE(A6, " ", "-") & "")) -> https://www.nba.com/draft/2022/prospects/paolo-banchero | Y6: 37572 | Z6: =RANK(AC6,AC:AC,1) -> 3 | AA6: =RANK(AD6,AD:AD,1) -> 2 | AB6: =RANK(AE6,AE:AE,1) -> 3 | AC6: =AD6+AE6 -> 103 | AD6: =IFERROR( IF($AF$4 = AD$5, ($AF$3 * IF($AF6>0, $AF6, $AF$2)), 0) + IF($AG$4 = AD$5, ($AG$3 * IF($AG6>0, $AG6, $AG$2)), 0) + IF($AH$4 = AD$5, ($AH$3 * IF($AH6>0, $AH6, $AH$2)), 0) + IF($AI$4 = AD$5, ($AI$3 * IF($AI6>0, $AI6, $AI$2)), 0) + IF($AJ$4 = AD$5, ($AJ$3 * IF($AJ6>0, $AJ6, $AJ$2)), 0) + IF($AK$4 = AD$5, ($AK$3 * IF($AK6>0, $AK6, $AK$2)), 0) + IF($AL$4 = AD$5, ($AL$3 * IF($AL6>0, $AL6, $AL$2)), 0) + IF($AM$4 = AD$5, ($AM$3 * IF($AM6>0, $AM6, $AM$2)), 0) + IF($AN$4 = AD$5, ($AN$3 * IF($AN6>0, $AN6, $AN$2)), 0) + IF($AO$4 = AD$5, ($AO$3 * IF($AO6>0, $AO6, $AO$2)), 0) + IF($AP$4 = AD$5, ($AP$3 * IF($AP6>0, $AP6, $AP$2)), 0) + IF($AQ$4 = AD$5, ($AQ$3 * IF($AQ6>0, $AQ6, $AQ$2)), 0) + IF($AR$4 = AD$5, ($AR$3 * IF($AR6>0, $AR6, $AR$2)), 0) + IF($AS$4 = AD$5, ($AS$3 * IF($AS6>0, $AS6, $AS$2)), 0) + IF($AT$4 = AD$5, ($AT$3 * IF($AT6>0, $AT6, $AT$2)), 0) + IF($AU$4 = AD$5, ($AU$3 * IF($AU6>0, $AU6, $AU$2)), 0) + IF($AV$4 = AD$5, ($AV$3 * IF($AV6>0, IF($AV6 > $AV$2, $AV$2, $AV6), $AV$2)), 0), -1) -> 39 | AE6: =IFERROR( IF($AF$4 = AE$5, ($AF$3 * IF($AF6>0, $AF6, $AF$2)), 0) + IF($AG$4 = AE$5, ($AG$3 * IF($AG6>0, $AG6, $AG$2)), 0) + IF($AH$4 = AE$5, ($AH$3 * IF($AH6>0, $AH6, $AH$2)), 0) + IF($AI$4 = AE$5, ($AI$3 * IF($AI6>0, $AI6, $AI$2)), 0) + IF($AJ$4 = AE$5, ($AJ$3 * IF($AJ6>0, $AJ6, $AJ$2)), 0) + IF($AK$4 = AE$5, ($AK$3 * IF($AK6>0, $AK6, $AK$2)), 0) + IF($AL$4 = AE$5, ($AL$3 * IF($AL6>0, $AL6, $AL$2)), 0) + IF($AM$4 = AE$5, ($AM$3 * IF($AM6>0, $AM6, $AM$2)), 0) + IF($AN$4 = AE$5, ($AN$3 * IF($AN6>0, $AN6, $AN$2)), 0) + IF($AO$4 = AE$5, ($AO$3 * IF($AO6>0, $AO6, $AO$2)), 0) + IF($AP$4 = AE$5, ($AP$3 * IF($AP6>0, $AP6, $AP$2)), 0) + IF($AQ$4 = AE$5, ($AQ$3 * IF($AQ6>0, $AQ6, $AQ$2)), 0) + IF($AR$4 = AE$5, ($AR$3 * IF($AR6>0, $AR6, $AR$2)), 0) + IF($AS$4 = AE$5, ($AS$3 * IF($AS6>0, $AS6, $AS$2)), 0) + IF($AT$4 = AE$5, ($AT$3 * IF($AT6>0, $AT6, $AT$2)), 0) + IF($AU$4 = AE$5, ($AU$3 * IF($AU6>0, $AU6, $AU$2)), 0) + IF($AV$4 = AE$5, ($AV$3 * IF($AV6>0, IF($AV6 > $AV$2, $AV$2, $AV6), $AV$2)), 0), -1) -> 64 | AF6: 2 | AG6: 1 | AH6: 4 | AI6: 11 | AJ6: 6 | AK6: 5 | AL6: 3 | AN6: 1 | AO6: 1 | AP6: 3 | AQ6: 2 | AR6: 1 | AS6: 3 | AT6: 2 | AU6: 3 | AV6: 2 | AW6: =IFERROR(INDEX(measureables!$A:$J,MATCH($A6,measureables!$A:$A,FALSE),7), "") -> 6' 10'' | AX6: =IFERROR(INDEX(measureables!$A:$J,MATCH($A6,measureables!$A:$A,FALSE),9), "") -> 250 | AY6: =IFERROR(INDEX(measureables!$A:$J,MATCH($A6,measureables!$A:$A,FALSE),10), "") -> 7' 1'' | AZ6: =IFERROR(INDEX(measureables!$A:$J,MATCH($A6,measureables!$A:$A,FALSE),8), "") -> 0 | BA6: =IF(R6="",A6, IF(S6=S5,"",IF(S6=1," <!-- rankings --> "," </ol> " ) & "<h2> Tier " &S6 &" (~" &IF(MOD(ROUND(Q6,0),5)=0,ROUND(Q6,0),FLOOR(ROUND(Q6,0),5)&"+") &" FV)</h2> <ol start='" &R6 &" '> " ) & " <li><b><a target='_blank' href='" &X6 &"'>" &A6 &"</a></b> - <i> <a target='_blank' href='" &W6 &"'>" &B6 &" </a></b> - <a target='_blank'href='" &V6 &"'>" &C6 &"</a></b> </i></li> <ul style='list-style-type:none'>" &IF(D6<>""," <li>Grade: "&D6&" </li>","") &IF(E6<>""," <li>Age: "&ROUND(E6,1)&" </li>","") &IF(F6<>""," <li>Height: "&F6&" in </li>","") &IF(G6<>""," <li>Weight: "&G6&" lbs </li>","") &IF(H6<>""," <li>Wingspan: "&H6&" in </li>","") &IF(I6<>""," <li>Reach: "&I6&" in </li>","") &IF(J6<>""," <li>Ape: "&J6&" </li>","") &IF(L6<>""," <li>++: "&L6&" </li>","") &IF(M6<>""," <li>+: "&M6&" </li>","") &IF(N6<>""," <li>-: "&N6&" </li>","") &IF(O6<>""," <li>--: "&O6&" </li>","") &IF(P6<>""," <li>Additional Notes: "&P6&" </li>","") &" </ul> <br>" &IF(AND(R6<>"",R7="")," </ol> <!-- # end of rankings --> ","") ) -> <!-- rankings --> <h2> Tier 1 (~60+ FV)</h2> <ol start='1 '> <li><b><a target='_blank' href='https://www.nba.com/draft/2022/prospects/paolo-banchero'>Paolo Banchero</a></b> - <i> <a target='_blank' href='https://www.nbadraft.net/players/paolo-banchero'>PF </a></b> - <a target='_blank'href='https://www.sports-reference.com/cbb/players/paolo-banchero-1.html'>Duke</a></b> </i></li> <ul style='list-style-type:none'> <li>Grade: Freshman </li> <li>Age: 19.6 </li> <li>Height: 82 in </li> <li>Weight: 250 lbs </li> <li>Wingspan: 85 in </li> <li>Ape: +3 </li> <li>++: size, offensive creation, rim attacking </li> <li>+: passing </li> <li>-: defensive impact, shooting </li> <li>Additional Notes: upside of a big wing who can be a primary offensive creator (arguably the most valuable archtype in the sport) </li> </ul> <br>
A7: Jabari Smith | B7: PF | C7: Auburn | D7: Freshman | E7: =YEARFRAC(Y7, $E$5, 1) -> 19.112936 | F7: =IFERROR(LEFT(AW7,FIND("'",AW7)-1)*12+SUBSTITUTE(MID(AW7,FIND("'",AW7)+1,LEN(AW7)),"''",""), "") -> 82 | G7: =AX7 -> 210 | H7: =IFERROR(LEFT(AY7,FIND("'",AY7)-1)*12+SUBSTITUTE(MID(AY7,FIND("'",AY7)+1,LEN(AY7)),"''",""), "") | I7: =IFERROR(LEFT(AZ7,FIND("'",AZ7)-1)*12+SUBSTITUTE(MID(AZ7,FIND("'",AZ7)+1,LEN(AZ7)),"''",""), "") | J7: =IFERROR(IF(AND(H7-F7>= 0, H7 > 0), "+", ""),"") & IFERROR(IF(AND(H7-F7>= -5, H7 > 0), H7-F7, ""),"") | K7: =IF(F7>0, IFERROR((H7-60)/(F7-60),""), "") | L7: shooting | M7: age, height, perimeter and on-ball defensive given size | N7: ball handling, passing, offensive creation, interior defense | P7: probably won't be a primary creator, but his size+shooting is a great combination for a secondary threat, with defensive upside to boot | Q7: 60.8 | R7: =IF(Q7=-1, "", IF(Q7=0,"HM.",IF(Q7="","",RANK(Q7,Q$6:Q$980)))) -> 2 | S7: =IFERROR(IF(FLOOR(Q7,1)=FLOOR(Q6,1),S6, MAX(S$5:S6)+1),1) -> 1 | T7: =IFERROR(INDEX(actual!A:A,MATCH(A7,actual!B:B,FALSE)), "") -> 3 | U7: =IFERROR(INDEX(actual!C:C,MATCH(A7,actual!B:B,FALSE)), "") -> HOU | V7: https://www.sports-reference.com/cbb/players/jabari-smith-2.html | W7: =HYPERLINK("https://www.nbadraft.net/players/" & LOWER(SUBSTITUTE(A7, " ", "-") & "")) -> https://www.nbadraft.net/players/jabari-smith | X7: =HYPERLINK("https://www.nba.com/draft/2022/prospects/" & LOWER(SUBSTITUTE(A7, " ", "-") & "")) -> https://www.nba.com/draft/2022/prospects/jabari-smith | Y7: 37754 | Z7: =RANK(AC7,AC:AC,1) -> 1 | AA7: =RANK(AD7,AD:AD,1) -> 1 | AB7: =RANK(AE7,AE:AE,1) -> 1 | AC7: =AD7+AE7 -> 57 | AD7: =IFERROR( IF($AF$4 = AD$5, ($AF$3 * IF($AF7>0, $AF7, $AF$2)), 0) + IF($AG$4 = AD$5, ($AG$3 * IF($AG7>0, $AG7, $AG$2)), 0) + IF($AH$4 = AD$5, ($AH$3 * IF($AH7>0, $AH7, $AH$2)), 0) + IF($AI$4 = AD$5, ($AI$3 * IF($AI7>0, $AI7, $AI$2)), 0) + IF($AJ$4 = AD$5, ($AJ$3 * IF($AJ7>0, $AJ7, $AJ$2)), 0) + IF($AK$4 = AD$5, ($AK$3 * IF($AK7>0, $AK7, $AK$2)), 0) + IF($AL$4 = AD$5, ($AL$3 * IF($AL7>0, $AL7, $AL$2)), 0) + IF($AM$4 = AD$5, ($AM$3 * IF($AM7>0, $AM7, $AM$2)), 0) + IF($AN$4 = AD$5, ($AN$3 * IF($AN7>0, $AN7, $AN$2)), 0) + IF($AO$4 = AD$5, ($AO$3 * IF($AO7>0, $AO7, $AO$2)), 0) + IF($AP$4 = AD$5, ($AP$3 * IF($AP7>0, $AP7, $AP$2)), 0) + IF($AQ$4 = AD$5, ($AQ$3 * IF($AQ7>0, $AQ7, $AQ$2)), 0) + IF($AR$4 = AD$5, ($AR$3 * IF($AR7>0, $AR7, $AR$2)), 0) + IF($AS$4 = AD$5, ($AS$3 * IF($AS7>0, $AS7, $AS$2)), 0) + IF($AT$4 = AD$5, ($AT$3 * IF($AT7>0, $AT7, $AT$2)), 0) + IF($AU$4 = AD$5, ($AU$3 * IF($AU7>0, $AU7, $AU$2)), 0) + IF($AV$4 = AD$5, ($AV$3 * IF($AV7>0, IF($AV7 > $AV$2, $AV$2, $AV7), $AV$2)), 0), -1) -> 34 | AE7: =IFERROR( IF($AF$4 = AE$5, ($AF$3 * IF($AF7>0, $AF7, $AF$2)), 0) + IF($AG$4 = AE$5, ($AG$3 * IF($AG7>0, $AG7, $AG$2)), 0) + IF($AH$4 = AE$5, ($AH$3 * IF($AH7>0, $AH7, $AH$2)), 0) + IF($AI$4 = AE$5, ($AI$3 * IF($AI7>0, $AI7, $AI$2)), 0) + IF($AJ$4 = AE$5, ($AJ$3 * IF($AJ7>0, $AJ7, $AJ$2)), 0) + IF($AK$4 = AE$5, ($AK$3 * IF($AK7>0, $AK7, $AK$2)), 0) + IF($AL$4 = AE$5, ($AL$3 * IF($AL7>0, $AL7, $AL$2)), 0) + IF($AM$4 = AE$5, ($AM$3 * IF($AM7>0, $AM7, $AM$2)), 0) + IF($AN$4 = AE$5, ($AN$3 * IF($AN7>0, $AN7, $AN$2)), 0) + IF($AO$4 = AE$5, ($AO$3 * IF($AO7>0, $AO7, $AO$2)), 0) + IF($AP$4 = AE$5, ($AP$3 * IF($AP7>0, $AP7, $AP$2)), 0) + IF($AQ$4 = AE$5, ($AQ$3 * IF($AQ7>0, $AQ7, $AQ$2)), 0) + IF($AR$4 = AE$5, ($AR$3 * IF($AR7>0, $AR7, $AR$2)), 0) + IF($AS$4 = AE$5, ($AS$3 * IF($AS7>0, $AS7, $AS$2)), 0) + IF($AT$4 = AE$5, ($AT$3 * IF($AT7>0, $AT7, $AT$2)), 0) + IF($AU$4 = AE$5, ($AU$3 * IF($AU7>0, $AU7, $AU$2)), 0) + IF($AV$4 = AE$5, ($AV$3 * IF($AV7>0, IF($AV7 > $AV$2, $AV$2, $AV7), $AV$2)), 0), -1) -> 23 | AF7: 1 | AG7: 1 | AH7: 1 | AI7: 2 | AJ7: 3 | AK7: 4 | AL7: 2 | AN7: 2 | AO7: 1 | AP7: 1 | AQ7: 1 | AR7: 2 | AS7: 2 | AT7: 2 | AU7: 2 | AV7: 4 | AW7: =IFERROR(INDEX(measureables!$A:$J,MATCH($A7,measureables!$A:$A,FALSE),7), "") -> 6' 10'' | AX7: =IFERROR(INDEX(measureables!$A:$J,MATCH($A7,measureables!$A:$A,FALSE),9), "") -> 210 | AY7: =IFERROR(INDEX(measureables!$A:$J,MATCH($A7,measureables!$A:$A,FALSE),10), "") -> 0 | AZ7: =IFERROR(INDEX(measureables!$A:$J,MATCH($A7,measureables!$A:$A,FALSE),8), "") -> 0 | BA7: =IF(R7="",A7, IF(S7=S6,"",IF(S7=1," <!-- rankings --> "," </ol> " ) & "<h2> Tier " &S7 &" (~" &IF(MOD(ROUND(Q7,0),5)=0,ROUND(Q7,0),FLOOR(ROUND(Q7,0),5)&"+") &" FV)</h2> <ol start='" &R7 &" '> " ) & " <li><b><a target='_blank' href='" &X7 &"'>" &A7 &"</a></b> - <i> <a target='_blank' href='" &W7 &"'>" &B7 &" </a></b> - <a target='_blank'href='" &V7 &"'>" &C7 &"</a></b> </i></li> <ul style='list-style-type:none'>" &IF(D7<>""," <li>Grade: "&D7&" </li>","") &IF(E7<>""," <li>Age: "&ROUND(E7,1)&" </li>","") &IF(F7<>""," <li>Height: "&F7&" in </li>","") &IF(G7<>""," <li>Weight: "&G7&" lbs </li>","") &IF(H7<>""," <li>Wingspan: "&H7&" in </li>","") &IF(I7<>""," <li>Reach: "&I7&" in </li>","") &IF(J7<>""," <li>Ape: "&J7&" </li>","") &IF(L7<>""," <li>++: "&L7&" </li>","") &IF(M7<>""," <li>+: "&M7&" </li>","") &IF(N7<>""," <li>-: "&N7&" </li>","") &IF(O7<>""," <li>--: "&O7&" </li>","") &IF(P7<>""," <li>Additional Notes: "&P7&" </li>","") &" </ul> <br>" &IF(AND(R7<>"",R8="")," </ol> <!-- # end of rankings --> ","") ) -> <li><b><a target='_blank' href='https://www.nba.com/draft/2022/prospects/jabari-smith'>Jabari Smith</a></b> - <i> <a target='_blank' href='https://www.nbadraft.net/players/jabari-smith'>PF </a></b> - <a target='_blank'href='https://www.sports-reference.com/cbb/players/jabari-smith-2.html'>Auburn</a></b> </i></li> <ul style='list-style-type:none'> <li>Grade: Freshman </li> <li>Age: 19.1 </li> <li>Height: 82 in </li> <li>Weight: 210 lbs </li> <li>++: shooting </li> <li>+: age, height, perimeter and on-ball defensive given size </li> <li>-: ball handling, passing, offensive creation, interior defense </li> <li>Additional Notes: probably won't be a primary creator, but his size+shooting is a great combination for a secondary threat, with defensive upside to boot </li> </ul> <br>
A8: Chet Holmgren | B8: PF | C8: Gonzaga | D8: Freshman | E8: =YEARFRAC(Y8, $E$5, 1) -> 20.145763 | F8: =IFERROR(LEFT(AW8,FIND("'",AW8)-1)*12+SUBSTITUTE(MID(AW8,FIND("'",AW8)+1,LEN(AW8)),"''",""), "") -> 84 | G8: =AX8 -> 195 | H8: =IFERROR(LEFT(AY8,FIND("'",AY8)-1)*12+SUBSTITUTE(MID(AY8,FIND("'",AY8)+1,LEN(AY8)),"''",""), "") -> 89 | I8: =IFERROR(LEFT(AZ8,FIND("'",AZ8)-1)*12+SUBSTITUTE(MID(AZ8,FIND("'",AZ8)+1,LEN(AZ8)),"''",""), "") | J8: =IFERROR(IF(AND(H8-F8>= 0, H8 > 0), "+", ""),"") & IFERROR(IF(AND(H8-F8>= -5, H8 > 0), H8-F8, ""),"") -> +5 | K8: =IF(F8>0, IFERROR((H8-60)/(F8-60),""), "") -> 1.2083333 | L8: rim protection, fluidity | M8: shooting, off-ball abilities (both sides) | N8: on-ball defense | O8: age, frame | P8: for a player with such obvious strengths and weaknesses, it's difficult to determine what type of impact Holmgren will have given his uniqueness | Q8: 60.7 | R8: =IF(Q8=-1, "", IF(Q8=0,"HM.",IF(Q8="","",RANK(Q8,Q$6:Q$980)))) -> 3 | S8: =IFERROR(IF(FLOOR(Q8,1)=FLOOR(Q7,1),S7, MAX(S$5:S7)+1),1) -> 1 | T8: =IFERROR(INDEX(actual!A:A,MATCH(A8,actual!B:B,FALSE)), "") -> 2 | U8: =IFERROR(INDEX(actual!C:C,MATCH(A8,actual!B:B,FALSE)), "") -> OKC | V8: =HYPERLINK(IF(D8="", "https://www.basketball-reference.com/international", "https://www.sports-reference.com/cbb") & "/players/" & LOWER(SUBSTITUTE(A8, " ", "-") & "-1.html")) -> https://www.sports-reference.com/cbb/players/chet-holmgren-1.html | W8: =HYPERLINK("https://www.nbadraft.net/players/" & LOWER(SUBSTITUTE(A8, " ", "-") & "")) -> https://www.nbadraft.net/players/chet-holmgren | X8: =HYPERLINK("https://www.nba.com/draft/2022/prospects/" & LOWER(SUBSTITUTE(A8, " ", "-") & "")) -> https://www.nba.com/draft/2022/prospects/chet-holmgren | Y8: 37377 | Z8: =RANK(AC8,AC:AC,1) -> 2 | AA8: =RANK(AD8,AD:AD,1) -> 3 | AB8: =RANK(AE8,AE:AE,1) -> 2 | AC8: =AD8+AE8 -> 78 | AD8: =IFERROR( IF($AF$4 = AD$5, ($AF$3 * IF($AF8>0, $AF8, $AF$2)), 0) + IF($AG$4 = AD$5, ($AG$3 * IF($AG8>0, $AG8, $AG$2)), 0) + IF($AH$4 = AD$5, ($AH$3 * IF($AH8>0, $AH8, $AH$2)), 0) + IF($AI$4 = AD$5, ($AI$3 * IF($AI8>0, $AI8, $AI$2)), 0) + IF($AJ$4 = AD$5, ($AJ$3 * IF($AJ8>0, $AJ8, $AJ$2)), 0) + IF($AK$4 = AD$5, ($AK$3 * IF($AK8>0, $AK8, $AK$2)), 0) + IF($AL$4 = AD$5, ($AL$3 * IF($AL8>0, $AL8, $AL$2)), 0) + IF($AM$4 = AD$5, ($AM$3 * IF($AM8>0, $AM8, $AM$2)), 0) + IF($AN$4 = AD$5, ($AN$3 * IF($AN8>0, $AN8, $AN$2)), 0) + IF($AO$4 = AD$5, ($AO$3 * IF($AO8>0, $AO8, $AO$2)), 0) + IF($AP$4 = AD$5, ($AP$3 * IF($AP8>0, $AP8, $AP$2)), 0) + IF($AQ$4 = AD$5, ($AQ$3 * IF($AQ8>0, $AQ8, $AQ$2)), 0) + IF($AR$4 = AD$5, ($AR$3 * IF($AR8>0, $AR8, $AR$2)), 0) + IF($AS$4 = AD$5, ($AS$3 * IF($AS8>0, $AS8, $AS$2)), 0) + IF($AT$4 = AD$5, ($AT$3 * IF($AT8>0, $AT8, $AT$2)), 0) + IF($AU$4 = AD$5, ($AU$3 * IF($AU8>0, $AU8, $AU$2)), 0) + IF($AV$4 = AD$5, ($AV$3 * IF($AV8>0, IF($AV8 > $AV$2, $AV$2, $AV8), $AV$2)), 0), -1) -> 47 | AE8: =IFERROR( IF($AF$4 = AE$5, ($AF$3 * IF($AF8>0, $AF8, $AF$2)), 0) + IF($AG$4 = AE$5, ($AG$3 * IF($AG8>0, $AG8, $AG$2)), 0) + IF($AH$4 = AE$5, ($AH$3 * IF($AH8>0, $AH8, $AH$2)), 0) + IF($AI$4 = AE$5, ($AI$3 * IF($AI8>0, $AI8, $AI$2)), 0) + IF($AJ$4 = AE$5, ($AJ$3 * IF($AJ8>0, $AJ8, $AJ$2)), 0) + IF($AK$4 = AE$5, ($AK$3 * IF($AK8>0, $AK8, $AK$2)), 0) + IF($AL$4 = AE$5, ($AL$3 * IF($AL8>0, $AL8, $AL$2)), 0) + IF($AM$4 = AE$5, ($AM$3 * IF($AM8>0, $AM8, $AM$2)), 0) + IF($AN$4 = AE$5, ($AN$3 * IF($AN8>0, $AN8, $AN$2)), 0) + IF($AO$4 = AE$5, ($AO$3 * IF($AO8>0, $AO8, $AO$2)), 0) + IF($AP$4 = AE$5, ($AP$3 * IF($AP8>0, $AP8, $AP$2)), 0) + IF($AQ$4 = AE$5, ($AQ$3 * IF($AQ8>0, $AQ8, $AQ$2)), 0) + IF($AR$4 = AE$5, ($AR$3 * IF($AR8>0, $AR8, $AR$2)), 0) + IF($AS$4 = AE$5, ($AS$3 * IF($AS8>0, $AS8, $AS$2)), 0) + IF($AT$4 = AE$5, ($AT$3 * IF($AT8>0, $AT8, $AT$2)), 0) + IF($AU$4 = AE$5, ($AU$3 * IF($AU8>0, $AU8, $AU$2)), 0) + IF($AV$4 = AE$5, ($AV$3 * IF($AV8>0, IF($AV8 > $AV$2, $AV$2, $AV8), $AV$2)), 0), -1) -> 31 | AF8: 4 | AG8: 2 | AH8: 6 | AI8: 1 | AJ8: 1 | AK8: 1 | AL8: 1 | AN8: 3 | AO8: 1 | AP8: 2 | AQ8: 2 | AR8: 3 | AS8: 1 | AT8: 2 | AU8: 1 | AV8: 1 | AW8: =IFERROR(INDEX(measureables!$A:$J,MATCH($A8,measureables!$A:$A,FALSE),7), "") -> 7' 0'' | AX8: =IFERROR(INDEX(measureables!$A:$J,MATCH($A8,measureables!$A:$A,FALSE),9), "") -> 195 | AY8: =IFERROR(INDEX(measureables!$A:$J,MATCH($A8,measureables!$A:$A,FALSE),10), "") -> 7' 5'' | AZ8: =IFERROR(INDEX(measureables!$A:$J,MATCH($A8,measureables!$A:$A,FALSE),8), "") -> 0 | BA8: =IF(R8="",A8, IF(S8=S7,"",IF(S8=1," <!-- rankings --> "," </ol> " ) & "<h2> Tier " &S8 &" (~" &IF(MOD(ROUND(Q8,0),5)=0,ROUND(Q8,0),FLOOR(ROUND(Q8,0),5)&"+") &" FV)</h2> <ol start='" &R8 &" '> " ) & " <li><b><a target='_blank' href='" &X8 &"'>" &A8 &"</a></b> - <i> <a target='_blank' href='" &W8 &"'>" &B8 &" </a></b> - <a target='_blank'href='" &V8 &"'>" &C8 &"</a></b> </i></li> <ul style='list-style-type:none'>" &IF(D8<>""," <li>Grade: "&D8&" </li>","") &IF(E8<>""," <li>Age: "&ROUND(E8,1)&" </li>","") &IF(F8<>""," <li>Height: "&F8&" in </li>","") &IF(G8<>""," <li>Weight: "&G8&" lbs </li>","") &IF(H8<>""," <li>Wingspan: "&H8&" in </li>","") &IF(I8<>""," <li>Reach: "&I8&" in </li>","") &IF(J8<>""," <li>Ape: "&J8&" </li>","") &IF(L8<>""," <li>++: "&L8&" </li>","") &IF(M8<>""," <li>+: "&M8&" </li>","") &IF(N8<>""," <li>-: "&N8&" </li>","") &IF(O8<>""," <li>--: "&O8&" </li>","") &IF(P8<>""," <li>Additional Notes: "&P8&" </li>","") &" </ul> <br>" &IF(AND(R8<>"",R9="")," </ol> <!-- # end of rankings --> ","") ) -> <li><b><a target='_blank' href='https://www.nba.com/draft/2022/prospects/chet-holmgren'>Chet Holmgren</a></b> - <i> <a target='_blank' href='https://www.nbadraft.net/players/chet-holmgren'>PF </a></b> - <a target='_blank'href='https://www.sports-reference.com/cbb/players/chet-holmgren-1.html'>Gonzaga</a></b> </i></li> <ul style='list-style-type:none'> <li>Grade: Freshman </li> <li>Age: 20.1 </li> <li>Height: 84 in </li> <li>Weight: 195 lbs </li> <li>Wingspan: 89 in </li> <li>Ape: +5 </li> <li>++: rim protection, fluidity </li> <li>+: shooting, off-ball abilities (both sides) </li> <li>-: on-ball defense </li> <li>--: age, frame </li> <li>Additional Notes: for a player with such obvious strengths and weaknesses, it's difficult to determine what type of impact Holmgren will have given his uniqueness </li> </ul> <br>
A9: Dyson Daniels | B9: SG | C9: G League Ignite | E9: =YEARFRAC(Y9, $E$5, 1) -> 19.268994 | F9: =IFERROR(LEFT(AW9,FIND("'",AW9)-1)*12+SUBSTITUTE(MID(AW9,FIND("'",AW9)+1,LEN(AW9)),"''",""), "") -> 79.5 | G9: =AX9 -> 195.2 | H9: =IFERROR(LEFT(AY9,FIND("'",AY9)-1)*12+SUBSTITUTE(MID(AY9,FIND("'",AY9)+1,LEN(AY9)),"''",""), "") -> 82.5 | I9: =IFERROR(LEFT(AZ9,FIND("'",AZ9)-1)*12+SUBSTITUTE(MID(AZ9,FIND("'",AZ9)+1,LEN(AZ9)),"''",""), "") -> 105 | J9: =IFERROR(IF(AND(H9-F9>= 0, H9 > 0), "+", ""),"") & IFERROR(IF(AND(H9-F9>= -5, H9 > 0), H9-F9, ""),"") -> +3 | K9: =IF(F9>0, IFERROR((H9-60)/(F9-60),""), "") -> 1.1538462 | L9: basketball IQ, on-ball defense | M9: ball-handling, passing | N9: shooting, athleticism | P9: high floor player based on passing, defense, and feel for the game, but still has untapped upside if the shooting improves | Q9: 52.9 | R9: =IF(Q9=-1, "", IF(Q9=0,"HM.",IF(Q9="","",RANK(Q9,Q$6:Q$980)))) -> 4 | S9: =IFERROR(IF(FLOOR(Q9,1)=FLOOR(Q8,1),S8, MAX(S$5:S8)+1),1) -> 2 | T9: =IFERROR(INDEX(actual!A:A,MATCH(A9,actual!B:B,FALSE)), "") -> 8 | U9: =IFERROR(INDEX(actual!C:C,MATCH(A9,actual!B:B,FALSE)), "") -> NOP | V9: https://www.basketball-reference.com/players/d/daniedy01.html | W9: =HYPERLINK("https://www.nbadraft.net/players/" & LOWER(SUBSTITUTE(A9, " ", "-") & "")) -> https://www.nbadraft.net/players/dyson-daniels | X9: =HYPERLINK("https://www.nba.com/draft/2022/prospects/" & LOWER(SUBSTITUTE(A9, " ", "-") & "")) -> https://www.nba.com/draft/2022/prospects/dyson-daniels | Y9: 37697 | Z9: =RANK(AC9,AC:AC,1) -> 4 | AA9: =RANK(AD9,AD:AD,1) -> 8 | AB9: =RANK(AE9,AE:AE,1) -> 4 | AC9: =AD9+AE9 -> 214 | AD9: =IFERROR( IF($AF$4 = AD$5, ($AF$3 * IF($AF9>0, $AF9, $AF$2)), 0) + IF($AG$4 = AD$5, ($AG$3 * IF($AG9>0, $AG9, $AG$2)), 0) + IF($AH$4 = AD$5, ($AH$3 * IF($AH9>0, $AH9, $AH$2)), 0) + IF($AI$4 = AD$5, ($AI$3 * IF($AI9>0, $AI9, $AI$2)), 0) + IF($AJ$4 = AD$5, ($AJ$3 * IF($AJ9>0, $AJ9, $AJ$2)), 0) + IF($AK$4 = AD$5, ($AK$3 * IF($AK9>0, $AK9, $AK$2)), 0) + IF($AL$4 = AD$5, ($AL$3 * IF($AL9>0, $AL9, $AL$2)), 0) + IF($AM$4 = AD$5, ($AM$3 * IF($AM9>0, $AM9, $AM$2)), 0) + IF($AN$4 = AD$5, ($AN$3 * IF($AN9>0, $AN9, $AN$2)), 0) + IF($AO$4 = AD$5, ($AO$3 * IF($AO9>0, $AO9, $AO$2)), 0) + IF($AP$4 = AD$5, ($AP$3 * IF($AP9>0, $AP9, $AP$2)), 0) + IF($AQ$4 = AD$5, ($AQ$3 * IF($AQ9>0, $AQ9, $AQ$2)), 0) + IF($AR$4 = AD$5, ($AR$3 * IF($AR9>0, $AR9, $AR$2)), 0) + IF($AS$4 = AD$5, ($AS$3 * IF($AS9>0, $AS9, $AS$2)), 0) + IF($AT$4 = AD$5, ($AT$3 * IF($AT9>0, $AT9, $AT$2)), 0) + IF($AU$4 = AD$5, ($AU$3 * IF($AU9>0, $AU9, $AU$2)), 0) + IF($AV$4 = AD$5, ($AV$3 * IF($AV9>0, IF($AV9 > $AV$2, $AV$2, $AV9), $AV$2)), 0), -1) -> 135 | AE9: =IFERROR( IF($AF$4 = AE$5, ($AF$3 * IF($AF9>0, $AF9, $AF$2)), 0) + IF($AG$4 = AE$5, ($AG$3 * IF($AG9>0, $AG9, $AG$2)), 0) + IF($AH$4 = AE$5, ($AH$3 * IF($AH9>0, $AH9, $AH$2)), 0) + IF($AI$4 = AE$5, ($AI$3 * IF($AI9>0, $AI9, $AI$2)), 0) + IF($AJ$4 = AE$5, ($AJ$3 * IF($AJ9>0, $AJ9, $AJ$2)), 0) + IF($AK$4 = AE$5, ($AK$3 * IF($AK9>0, $AK9, $AK$2)), 0) + IF($AL$4 = AE$5, ($AL$3 * IF($AL9>0, $AL9, $AL$2)), 0) + IF($AM$4 = AE$5, ($AM$3 * IF($AM9>0, $AM9, $AM$2)), 0) + IF($AN$4 = AE$5, ($AN$3 * IF($AN9>0, $AN9, $AN$2)), 0) + IF($AO$4 = AE$5, ($AO$3 * IF($AO9>0, $AO9, $AO$2)), 0) + IF($AP$4 = AE$5, ($AP$3 * IF($AP9>0, $AP9, $AP$2)), 0) + IF($AQ$4 = AE$5, ($AQ$3 * IF($AQ9>0, $AQ9, $AQ$2)), 0) + IF($AR$4 = AE$5, ($AR$3 * IF($AR9>0, $AR9, $AR$2)), 0) + IF($AS$4 = AE$5, ($AS$3 * IF($AS9>0, $AS9, $AS$2)), 0) + IF($AT$4 = AE$5, ($AT$3 * IF($AT9>0, $AT9, $AT$2)), 0) + IF($AU$4 = AE$5, ($AU$3 * IF($AU9>0, $AU9, $AU$2)), 0) + IF($AV$4 = AE$5, ($AV$3 * IF($AV9>0, IF($AV9 > $AV$2, $AV$2, $AV9), $AV$2)), 0), -1) -> 79 | AF9: 9 | AG9: 4 | AH9: 12 | AI9: 5 | AJ9: 2 | AK9: 8 | AL9: 7 | AN9: 4 | AO9: 2 | AP9: 11 | AQ9: 3 | AR9: 7 | AS9: 7 | AT9: 3 | AU9: 6 | AW9: =IFERROR(INDEX(measureables!$A:$J,MATCH($A9,measureables!$A:$A,FALSE),7), "") -> 6' 7.50'' | AX9: =IFERROR(INDEX(measureables!$A:$J,MATCH($A9,measureables!$A:$A,FALSE),9), "") -> 195.2 | AY9: =IFERROR(INDEX(measureables!$A:$J,MATCH($A9,measureables!$A:$A,FALSE),10), "") -> 6' 10.50'' | AZ9: =IFERROR(INDEX(measureables!$A:$J,MATCH($A9,measureables!$A:$A,FALSE),8), "") -> 8' 9.00'' | BA9: =IF(R9="",A9, IF(S9=S8,"",IF(S9=1," <!-- rankings --> "," </ol> " ) & "<h2> Tier " &S9 &" (~" &IF(MOD(ROUND(Q9,0),5)=0,ROUND(Q9,0),FLOOR(ROUND(Q9,0),5)&"+") &" FV)</h2> <ol start='" &R9 &" '> " ) & " <li><b><a target='_blank' href='" &X9 &"'>" &A9 &"</a></b> - <i> <a target='_blank' href='" &W9 &"'>" &B9 &" </a></b> - <a target='_blank'href='" &V9 &"'>" &C9 &"</a></b> </i></li> <ul style='list-style-type:none'>" &IF(D9<>""," <li>Grade: "&D9&" </li>","") &IF(E9<>""," <li>Age: "&ROUND(E9,1)&" </li>","") &IF(F9<>""," <li>Height: "&F9&" in </li>","") &IF(G9<>""," <li>Weight: "&G9&" lbs </li>","") &IF(H9<>""," <li>Wingspan: "&H9&" in </li>","") &IF(I9<>""," <li>Reach: "&I9&" in </li>","") &IF(J9<>""," <li>Ape: "&J9&" </li>","") &IF(L9<>""," <li>++: "&L9&" </li>","") &IF(M9<>""," <li>+: "&M9&" </li>","") &IF(N9<>""," <li>-: "&N9&" </li>","") &IF(O9<>""," <li>--: "&O9&" </li>","") &IF(P9<>""," <li>Additional Notes: "&P9&" </li>","") &" </ul> <br>" &IF(AND(R9<>"",R10="")," </ol> <!-- # end of rankings --> ","") ) -> </ol> <h2> Tier 2 (~50+ FV)</h2> <ol start='4 '> <li><b><a target='_blank' href='https://www.nba.com/draft/2022/prospects/dyson-daniels'>Dyson Daniels</a></b> - <i> <a target='_blank' href='https://www.nbadraft.net/players/dyson-daniels'>SG </a></b> - <a target='_blank'href='https://www.basketball-reference.com/players/d/daniedy01.html'>G League Ignite</a></b> </i></li> <ul style='list-style-type:none'> <li>Age: 19.3 </li> <li>Height: 79.5 in </li> <li>Weight: 195.2 lbs </li> <li>Wingspan: 82.5 in </li> <li>Reach: 105 in </li> <li>Ape: +3 </li> <li>++: basketball IQ, on-ball defense </li> <li>+: ball-handling, passing </li> <li>-: shooting, athleticism </li> <li>Additional Notes: high floor player based on passing, defense, and feel for the game, but still has untapped upside if the shooting improves </li> </ul> <br>
A10: Jeremy Sochan | B10: PF | C10: Baylor | D10: Freshman | E10: =YEARFRAC(Y10, $E$5, 1) -> 19.093771 | F10: =IFERROR(LEFT(AW10,FIND("'",AW10)-1)*12+SUBSTITUTE(MID(AW10,FIND("'",AW10)+1,LEN(AW10)),"''",""), "") -> 81 | G10: =AX10 -> 230 | H10: =IFERROR(LEFT(AY10,FIND("'",AY10)-1)*12+SUBSTITUTE(MID(AY10,FIND("'",AY10)+1,LEN(AY10)),"''",""), "") | I10: =IFERROR(LEFT(AZ10,FIND("'",AZ10)-1)*12+SUBSTITUTE(MID(AZ10,FIND("'",AZ10)+1,LEN(AZ10)),"''",""), "") | J10: =IFERROR(IF(AND(H10-F10>= 0, H10 > 0), "+", ""),"") & IFERROR(IF(AND(H10-F10>= -5, H10 > 0), H10-F10, ""),"") | K10: =IF(F10>0, IFERROR((H10-60)/(F10-60),""), "") | L10: defensive versatility | M10: age, size, motor | N10: playmaking | O10: shooting | P10: best defensive wing in the draft, but a dicey offensive projection | Q10: 52.8 | R10: =IF(Q10=-1, "", IF(Q10=0,"HM.",IF(Q10="","",RANK(Q10,Q$6:Q$980)))) -> 5 | S10: =IFERROR(IF(FLOOR(Q10,1)=FLOOR(Q9,1),S9, MAX(S$5:S9)+1),1) -> 2 | T10: =IFERROR(INDEX(actual!A:A,MATCH(A10,actual!B:B,FALSE)), "") -> 9 | U10: =IFERROR(INDEX(actual!C:C,MATCH(A10,actual!B:B,FALSE)), "") -> SAS | V10: =HYPERLINK(IF(D10="", "https://www.basketball-reference.com/international", "https://www.sports-reference.com/cbb") & "/players/" & LOWER(SUBSTITUTE(A10, " ", "-") & "-1.html")) -> https://www.sports-reference.com/cbb/players/jeremy-sochan-1.html | W10: =HYPERLINK("https://www.nbadraft.net/players/" & LOWER(SUBSTITUTE(A10, " ", "-") & "")) -> https://www.nbadraft.net/players/jeremy-sochan | X10: =HYPERLINK("https://www.nba.com/draft/2022/prospects/" & LOWER(SUBSTITUTE(A10, " ", "-") & "")) -> https://www.nba.com/draft/2022/prospects/jeremy-sochan | Y10: 37761 | Z10: =RANK(AC10,AC:AC,1) -> 7 | AA10: =RANK(AD10,AD:AD,1) -> 10 | AB10: =RANK(AE10,AE:AE,1) -> 6 | AC10: =AD10+AE10 -> 268 | AD10: =IFERROR( IF($AF$4 = AD$5, ($AF$3 * IF($AF10>0, $AF10, $AF$2)), 0) + IF($AG$4 = AD$5, ($AG$3 * IF($AG10>0, $AG10, $AG$2)), 0) + IF($AH$4 = AD$5, ($AH$3 * IF($AH10>0, $AH10, $AH$2)), 0) + IF($AI$4 = AD$5, ($AI$3 * IF($AI10>0, $AI10, $AI$2)), 0) + IF($AJ$4 = AD$5, ($AJ$3 * IF($AJ10>0, $AJ10, $AJ$2)), 0) + IF($AK$4 = AD$5, ($AK$3 * IF($AK10>0, $AK10, $AK$2)), 0) + IF($AL$4 = AD$5, ($AL$3 * IF($AL10>0, $AL10, $AL$2)), 0) + IF($AM$4 = AD$5, ($AM$3 * IF($AM10>0, $AM10, $AM$2)), 0) + IF($AN$4 = AD$5, ($AN$3 * IF($AN10>0, $AN10, $AN$2)), 0) + IF($AO$4 = AD$5, ($AO$3 * IF($AO10>0, $AO10, $AO$2)), 0) + IF($AP$4 = AD$5, ($AP$3 * IF($AP10>0, $AP10, $AP$2)), 0) + IF($AQ$4 = AD$5, ($AQ$3 * IF($AQ10>0, $AQ10, $AQ$2)), 0) + IF($AR$4 = AD$5, ($AR$3 * IF($AR10>0, $AR10, $AR$2)), 0) + IF($AS$4 = AD$5, ($AS$3 * IF($AS10>0, $AS10, $AS$2)), 0) + IF($AT$4 = AD$5, ($AT$3 * IF($AT10>0, $AT10, $AT$2)), 0) + IF($AU$4 = AD$5, ($AU$3 * IF($AU10>0, $AU10, $AU$2)), 0) + IF($AV$4 = AD$5, ($AV$3 * IF($AV10>0, IF($AV10 > $AV$2, $AV$2, $AV10), $AV$2)), 0), -1) -> 157 | AE10: =IFERROR( IF($AF$4 = AE$5, ($AF$3 * IF($AF10>0, $AF10, $AF$2)), 0) + IF($AG$4 = AE$5, ($AG$3 * IF($AG10>0, $AG10, $AG$2)), 0) + IF($AH$4 = AE$5, ($AH$3 * IF($AH10>0, $AH10, $AH$2)), 0) + IF($AI$4 = AE$5, ($AI$3 * IF($AI10>0, $AI10, $AI$2)), 0) + IF($AJ$4 = AE$5, ($AJ$3 * IF($AJ10>0, $AJ10, $AJ$2)), 0) + IF($AK$4 = AE$5, ($AK$3 * IF($AK10>0, $AK10, $AK$2)), 0) + IF($AL$4 = AE$5, ($AL$3 * IF($AL10>0, $AL10, $AL$2)), 0) + IF($AM$4 = AE$5, ($AM$3 * IF($AM10>0, $AM10, $AM$2)), 0) + IF($AN$4 = AE$5, ($AN$3 * IF($AN10>0, $AN10, $AN$2)), 0) + IF($AO$4 = AE$5, ($AO$3 * IF($AO10>0, $AO10, $AO$2)), 0) + IF($AP$4 = AE$5, ($AP$3 * IF($AP10>0, $AP10, $AP$2)), 0) + IF($AQ$4 = AE$5, ($AQ$3 * IF($AQ10>0, $AQ10, $AQ$2)), 0) + IF($AR$4 = AE$5, ($AR$3 * IF($AR10>0, $AR10, $AR$2)), 0) + IF($AS$4 = AE$5, ($AS$3 * IF($AS10>0, $AS10, $AS$2)), 0) + IF($AT$4 = AE$5, ($AT$3 * IF($AT10>0, $AT10, $AT$2)), 0) + IF($AU$4 = AE$5, ($AU$3 * IF($AU10>0, $AU10, $AU$2)), 0) + IF($AV$4 = AE$5, ($AV$3 * IF($AV10>0, IF($AV10 > $AV$2, $AV$2, $AV10), $AV$2)), 0), -1) -> 111 | AF10: 8 | AG10: 4 | AH10: 2 | AI10: 9 | AJ10: 12 | AK10: 9 | AN10: 5 | AO10: 2 | AP10: 12 | AQ10: 3 | AR10: 13 | AS10: 6 | AT10: 3 | AU10: 15 | AV10: 90 | AW10: =IFERROR(INDEX(measureables!$A:$J,MATCH($A10,measureables!$A:$A,FALSE),7), "") -> 6' 9'' | AX10: =IFERROR(INDEX(measureables!$A:$J,MATCH($A10,measureables!$A:$A,FALSE),9), "") -> 230 | AY10: =IFERROR(INDEX(measureables!$A:$J,MATCH($A10,measureables!$A:$A,FALSE),10), "") -> 0 | AZ10: =IFERROR(INDEX(measureables!$A:$J,MATCH($A10,measureables!$A:$A,FALSE),8), "") -> 0 | BA10: =IF(R10="",A10, IF(S10=S9,"",IF(S10=1," <!-- rankings --> "," </ol> " ) & "<h2> Tier " &S10 &" (~" &IF(MOD(ROUND(Q10,0),5)=0,ROUND(Q10,0),FLOOR(ROUND(Q10,0),5)&"+") &" FV)</h2> <ol start='" &R10 &" '> " ) & " <li><b><a target='_blank' href='" &X10 &"'>" &A10 &"</a></b> - <i> <a target='_blank' href='" &W10 &"'>" &B10 &" </a></b> - <a target='_blank'href='" &V10 &"'>" &C10 &"</a></b> </i></li> <ul style='list-style-type:none'>" &IF(D10<>""," <li>Grade: "&D10&" </li>","") &IF(E10<>""," <li>Age: "&ROUND(E10,1)&" </li>","") &IF(F10<>""," <li>Height: "&F10&" in </li>","") &IF(G10<>""," <li>Weight: "&G10&" lbs </li>","") &IF(H10<>""," <li>Wingspan: "&H10&" in </li>","") &IF(I10<>""," <li>Reach: "&I10&" in </li>","") &IF(J10<>""," <li>Ape: "&J10&" </li>","") &IF(L10<>""," <li>++: "&L10&" </li>","") &IF(M10<>""," <li>+: "&M10&" </li>","") &IF(N10<>""," <li>-: "&N10&" </li>","") &IF(O10<>""," <li>--: "&O10&" </li>","") &IF(P10<>""," <li>Additional Notes: "&P10&" </li>","") &" </ul> <br>" &IF(AND(R10<>"",R11="")," </ol> <!-- # end of rankings --> ","") ) -> <li><b><a target='_blank' href='https://www.nba.com/draft/2022/prospects/jeremy-sochan'>Jeremy Sochan</a></b> - <i> <a target='_blank' href='https://www.nbadraft.net/players/jeremy-sochan'>PF </a></b> - <a target='_blank'href='https://www.sports-reference.com/cbb/players/jeremy-sochan-1.html'>Baylor</a></b> </i></li> <ul style='list-style-type:none'> <li>Grade: Freshman </li> <li>Age: 19.1 </li> <li>Height: 81 in </li> <li>Weight: 230 lbs </li> <li>++: defensive versatility </li> <li>+: age, size, motor </li> <li>-: playmaking </li> <li>--: shooting </li> <li>Additional Notes: best defensive wing in the draft, but a dicey offensive projection </li> </ul> <br>
A11: Bennedict Mathurin | B11: SG | C11: Arizona | D11: Sophomore | E11: =YEARFRAC(Y11, $E$5, 1) -> 20.011604 | F11: =IFERROR(LEFT(AW11,FIND("'",AW11)-1)*12+SUBSTITUTE(MID(AW11,FIND("'",AW11)+1,LEN(AW11)),"''",""), "") -> 78 | G11: =AX11 -> 204.6 | H11: =IFERROR(LEFT(AY11,FIND("'",AY11)-1)*12+SUBSTITUTE(MID(AY11,FIND("'",AY11)+1,LEN(AY11)),"''",""), "") -> 81 | I11: =IFERROR(LEFT(AZ11,FIND("'",AZ11)-1)*12+SUBSTITUTE(MID(AZ11,FIND("'",AZ11)+1,LEN(AZ11)),"''",""), "") -> 104 | J11: =IFERROR(IF(AND(H11-F11>= 0, H11 > 0), "+", ""),"") & IFERROR(IF(AND(H11-F11>= -5, H11 > 0), H11-F11, ""),"") -> +3 | K11: =IF(F11>0, IFERROR((H11-60)/(F11-60),""), "") -> 1.1666667 | M11: age, shooting, size, athleticism | N11: defensive (not a true negative, but not enough of a positive to be an ideal 3+D guy), offensive creation | P11: safe bet to be an NBA contributor, but may fit better as a secondary wing on both sides of the ball | Q11: 52.7 | R11: =IF(Q11=-1, "", IF(Q11=0,"HM.",IF(Q11="","",RANK(Q11,Q$6:Q$980)))) -> 6 | S11: =IFERROR(IF(FLOOR(Q11,1)=FLOOR(Q10,1),S10, MAX(S$5:S10)+1),1) -> 2 | T11: =IFERROR(INDEX(actual!A:A,MATCH(A11,actual!B:B,FALSE)), "") -> 6 | U11: =IFERROR(INDEX(actual!C:C,MATCH(A11,actual!B:B,FALSE)), "") -> IND | V11: =HYPERLINK(IF(D11="", "https://www.basketball-reference.com/international", "https://www.sports-reference.com/cbb") & "/players/" & LOWER(SUBSTITUTE(A11, " ", "-") & "-1.html")) -> https://www.sports-reference.com/cbb/players/bennedict-mathurin-1.html | W11: =HYPERLINK("https://www.nbadraft.net/players/" & LOWER(SUBSTITUTE(A11, " ", "-") & "")) -> https://www.nbadraft.net/players/bennedict-mathurin | X11: =HYPERLINK("https://www.nba.com/draft/2022/prospects/" & LOWER(SUBSTITUTE(A11, " ", "-") & "")) -> https://www.nba.com/draft/2022/prospects/bennedict-mathurin | Y11: 37426 | Z11: =RANK(AC11,AC:AC,1) -> 5 | AA11: =RANK(AD11,AD:AD,1) -> 6 | AB11: =RANK(AE11,AE:AE,1) -> 5 | AC11: =AD11+AE11 -> 221 | AD11: =IFERROR( IF($AF$4 = AD$5, ($AF$3 * IF($AF11>0, $AF11, $AF$2)), 0) + IF($AG$4 = AD$5, ($AG$3 * IF($AG11>0, $AG11, $AG$2)), 0) + IF($AH$4 = AD$5, ($AH$3 * IF($AH11>0, $AH11, $AH$2)), 0) + IF($AI$4 = AD$5, ($AI$3 * IF($AI11>0, $AI11, $AI$2)), 0) + IF($AJ$4 = AD$5, ($AJ$3 * IF($AJ11>0, $AJ11, $AJ$2)), 0) + IF($AK$4 = AD$5, ($AK$3 * IF($AK11>0, $AK11, $AK$2)), 0) + IF($AL$4 = AD$5, ($AL$3 * IF($AL11>0, $AL11, $AL$2)), 0) + IF($AM$4 = AD$5, ($AM$3 * IF($AM11>0, $AM11, $AM$2)), 0) + IF($AN$4 = AD$5, ($AN$3 * IF($AN11>0, $AN11, $AN$2)), 0) + IF($AO$4 = AD$5, ($AO$3 * IF($AO11>0, $AO11, $AO$2)), 0) + IF($AP$4 = AD$5, ($AP$3 * IF($AP11>0, $AP11, $AP$2)), 0) + IF($AQ$4 = AD$5, ($AQ$3 * IF($AQ11>0, $AQ11, $AQ$2)), 0) + IF($AR$4 = AD$5, ($AR$3 * IF($AR11>0, $AR11, $AR$2)), 0) + IF($AS$4 = AD$5, ($AS$3 * IF($AS11>0, $AS11, $AS$2)), 0) + IF($AT$4 = AD$5, ($AT$3 * IF($AT11>0, $AT11, $AT$2)), 0) + IF($AU$4 = AD$5, ($AU$3 * IF($AU11>0, $AU11, $AU$2)), 0) + IF($AV$4 = AD$5, ($AV$3 * IF($AV11>0, IF($AV11 > $AV$2, $AV$2, $AV11), $AV$2)), 0), -1) -> 122 | AE11: =IFERROR( IF($AF$4 = AE$5, ($AF$3 * IF($AF11>0, $AF11, $AF$2)), 0) + IF($AG$4 = AE$5, ($AG$3 * IF($AG11>0, $AG11, $AG$2)), 0) + IF($AH$4 = AE$5, ($AH$3 * IF($AH11>0, $AH11, $AH$2)), 0) + IF($AI$4 = AE$5, ($AI$3 * IF($AI11>0, $AI11, $AI$2)), 0) + IF($AJ$4 = AE$5, ($AJ$3 * IF($AJ11>0, $AJ11, $AJ$2)), 0) + IF($AK$4 = AE$5, ($AK$3 * IF($AK11>0, $AK11, $AK$2)), 0) + IF($AL$4 = AE$5, ($AL$3 * IF($AL11>0, $AL11, $AL$2)), 0) + IF($AM$4 = AE$5, ($AM$3 * IF($AM11>0, $AM11, $AM$2)), 0) + IF($AN$4 = AE$5, ($AN$3 * IF($AN11>0, $AN11, $AN$2)), 0) + IF($AO$4 = AE$5, ($AO$3 * IF($AO11>0, $AO11, $AO$2)), 0) + IF($AP$4 = AE$5, ($AP$3 * IF($AP11>0, $AP11, $AP$2)), 0) + IF($AQ$4 = AE$5, ($AQ$3 * IF($AQ11>0, $AQ11, $AQ$2)), 0) + IF($AR$4 = AE$5, ($AR$3 * IF($AR11>0, $AR11, $AR$2)), 0) + IF($AS$4 = AE$5, ($AS$3 * IF($AS11>0, $AS11, $AS$2)), 0) + IF($AT$4 = AE$5, ($AT$3 * IF($AT11>0, $AT11, $AT$2)), 0) + IF($AU$4 = AE$5, ($AU$3 * IF($AU11>0, $AU11, $AU$2)), 0) + IF($AV$4 = AE$5, ($AV$3 * IF($AV11>0, IF($AV11 > $AV$2, $AV$2, $AV11), $AV$2)), 0), -1) -> 99 | AF11: 5 | AG11: 3 | AH11: 9 | AI11: 7 | AJ11: 7 | AK11: 14 | AL11: 14 | AN11: 7 | AO11: 2 | AP11: 6 | AQ11: 3 | AR11: 8 | AS11: 5 | AT11: 3 | AU11: 8 | AV11: 91 | AW11: =IFERROR(INDEX(measureables!$A:$J,MATCH($A11,measureables!$A:$A,FALSE),7), "") -> 6' 6.00'' | AX11: =IFERROR(INDEX(measureables!$A:$J,MATCH($A11,measureables!$A:$A,FALSE),9), "") -> 204.6 | AY11: =IFERROR(INDEX(measureables!$A:$J,MATCH($A11,measureables!$A:$A,FALSE),10), "") -> 6' 9.00'' | AZ11: =IFERROR(INDEX(measureables!$A:$J,MATCH($A11,measureables!$A:$A,FALSE),8), "") -> 8' 8.00'' | BA11: =IF(R11="",A11, IF(S11=S10,"",IF(S11=1," <!-- rankings --> "," </ol> " ) & "<h2> Tier " &S11 &" (~" &IF(MOD(ROUND(Q11,0),5)=0,ROUND(Q11,0),FLOOR(ROUND(Q11,0),5)&"+") &" FV)</h2> <ol start='" &R11 &" '> " ) & " <li><b><a target='_blank' href='" &X11 &"'>" &A11 &"</a></b> - <i> <a target='_blank' href='" &W11 &"'>" &B11 &" </a></b> - <a target='_blank'href='" &V11 &"'>" &C11 &"</a></b> </i></li> <ul style='list-style-type:none'>" &IF(D11<>""," <li>Grade: "&D11&" </li>","") &IF(E11<>""," <li>Age: "&ROUND(E11,1)&" </li>","") &IF(F11<>""," <li>Height: "&F11&" in </li>","") &IF(G11<>""," <li>Weight: "&G11&" lbs </li>","") &IF(H11<>""," <li>Wingspan: "&H11&" in </li>","") &IF(I11<>""," <li>Reach: "&I11&" in </li>","") &IF(J11<>""," <li>Ape: "&J11&" </li>","") &IF(L11<>""," <li>++: "&L11&" </li>","") &IF(M11<>""," <li>+: "&M11&" </li>","") &IF(N11<>""," <li>-: "&N11&" </li>","") &IF(O11<>""," <li>--: "&O11&" </li>","") &IF(P11<>""," <li>Additional Notes: "&P11&" </li>","") &" </ul> <br>" &IF(AND(R11<>"",R12="")," </ol> <!-- # end of rankings --> ","") ) -> <li><b><a target='_blank' href='https://www.nba.com/draft/2022/prospects/bennedict-mathurin'>Bennedict Mathurin</a></b> - <i> <a target='_blank' href='https://www.nbadraft.net/players/bennedict-mathurin'>SG </a></b> - <a target='_blank'href='https://www.sports-reference.com/cbb/players/bennedict-mathurin-1.html'>Arizona</a></b> </i></li> <ul style='list-style-type:none'> <li>Grade: Sophomore </li> <li>Age: 20 </li> <li>Height: 78 in </li> <li>Weight: 204.6 lbs </li> <li>Wingspan: 81 in </li> <li>Reach: 104 in </li> <li>Ape: +3 </li> <li>+: age, shooting, size, athleticism </li> <li>-: defensive (not a true negative, but not enough of a positive to be an ideal 3+D guy), offensive creation </li> <li>Additional Notes: safe bet to be an NBA contributor, but may fit better as a secondary wing on both sides of the ball </li> </ul> <br>
A12: Jaden Ivey | B12: PG | C12: Purdue | D12: Sophomore | E12: =YEARFRAC(Y12, $E$5, 1) -> 20.356584 | F12: =IFERROR(LEFT(AW12,FIND("'",AW12)-1)*12+SUBSTITUTE(MID(AW12,FIND("'",AW12)+1,LEN(AW12)),"''",""), "") -> 76 | G12: =AX12 -> 195 | H12: =IFERROR(LEFT(AY12,FIND("'",AY12)-1)*12+SUBSTITUTE(MID(AY12,FIND("'",AY12)+1,LEN(AY12)),"''",""), "") | I12: =IFERROR(LEFT(AZ12,FIND("'",AZ12)-1)*12+SUBSTITUTE(MID(AZ12,FIND("'",AZ12)+1,LEN(AZ12)),"''",""), "") | J12: =IFERROR(IF(AND(H12-F12>= 0, H12 > 0), "+", ""),"") & IFERROR(IF(AND(H12-F12>= -5, H12 > 0), H12-F12, ""),"") | K12: =IF(F12>0, IFERROR((H12-60)/(F12-60),""), "") | L12: athleticism, shot creation | M12: dribble penetration | N12: decision making, defensive motor, offensive creation | P12: phreak athlete, but best role is likely a volume scoring 6th man, which isn't a great archtype to chase. That said, his 99th percentile upside of a primary offensive engine is one of the highest in the draft | Q12: 52.6 | R12: =IF(Q12=-1, "", IF(Q12=0,"HM.",IF(Q12="","",RANK(Q12,Q$6:Q$980)))) -> 7 | S12: =IFERROR(IF(FLOOR(Q12,1)=FLOOR(Q11,1),S11, MAX(S$5:S11)+1),1) -> 2 | T12: =IFERROR(INDEX(actual!A:A,MATCH(A12,actual!B:B,FALSE)), "") -> 5 | U12: =IFERROR(INDEX(actual!C:C,MATCH(A12,actual!B:B,FALSE)), "") -> DET | V12: =HYPERLINK(IF(D12="", "https://www.basketball-reference.com/international", "https://www.sports-reference.com/cbb") & "/players/" & LOWER(SUBSTITUTE(A12, " ", "-") & "-1.html")) -> https://www.sports-reference.com/cbb/players/jaden-ivey-1.html | W12: =HYPERLINK("https://www.nbadraft.net/players/" & LOWER(SUBSTITUTE(A12, " ", "-") & "")) -> https://www.nbadraft.net/players/jaden-ivey | X12: =HYPERLINK("https://www.nba.com/draft/2022/prospects/" & LOWER(SUBSTITUTE(A12, " ", "-") & "")) -> https://www.nba.com/draft/2022/prospects/jaden-ivey | Y12: 37300 | Z12: =RANK(AC12,AC:AC,1) -> 11 | AA12: =RANK(AD12,AD:AD,1) -> 4 | AB12: =RANK(AE12,AE:AE,1) -> 23 | AC12: =AD12+AE12 -> 392 | AD12: =IFERROR( IF($AF$4 = AD$5, ($AF$3 * IF($AF12>0, $AF12, $AF$2)), 0) + IF($AG$4 = AD$5, ($AG$3 * IF($AG12>0, $AG12, $AG$2)), 0) + IF($AH$4 = AD$5, ($AH$3 * IF($AH12>0, $AH12, $AH$2)), 0) + IF($AI$4 = AD$5, ($AI$3 * IF($AI12>0, $AI12, $AI$2)), 0) + IF($AJ$4 = AD$5, ($AJ$3 * IF($AJ12>0, $AJ12, $AJ$2)), 0) + IF($AK$4 = AD$5, ($AK$3 * IF($AK12>0, $AK12, $AK$2)), 0) + IF($AL$4 = AD$5, ($AL$3 * IF($AL12>0, $AL12, $AL$2)), 0) + IF($AM$4 = AD$5, ($AM$3 * IF($AM12>0, $AM12, $AM$2)), 0) + IF($AN$4 = AD$5, ($AN$3 * IF($AN12>0, $AN12, $AN$2)), 0) + IF($AO$4 = AD$5, ($AO$3 * IF($AO12>0, $AO12, $AO$2)), 0) + IF($AP$4 = AD$5, ($AP$3 * IF($AP12>0, $AP12, $AP$2)), 0) + IF($AQ$4 = AD$5, ($AQ$3 * IF($AQ12>0, $AQ12, $AQ$2)), 0) + IF($AR$4 = AD$5, ($AR$3 * IF($AR12>0, $AR12, $AR$2)), 0) + IF($AS$4 = AD$5, ($AS$3 * IF($AS12>0, $AS12, $AS$2)), 0) + IF($AT$4 = AD$5, ($AT$3 * IF($AT12>0, $AT12, $AT$2)), 0) + IF($AU$4 = AD$5, ($AU$3 * IF($AU12>0, $AU12, $AU$2)), 0) + IF($AV$4 = AD$5, ($AV$3 * IF($AV12>0, IF($AV12 > $AV$2, $AV$2, $AV12), $AV$2)), 0), -1) -> 97 | AE12: =IFERROR( IF($AF$4 = AE$5, ($AF$3 * IF($AF12>0, $AF12, $AF$2)), 0) + IF($AG$4 = AE$5, ($AG$3 * IF($AG12>0, $AG12, $AG$2)), 0) + IF($AH$4 = AE$5, ($AH$3 * IF($AH12>0, $AH12, $AH$2)), 0) + IF($AI$4 = AE$5, ($AI$3 * IF($AI12>0, $AI12, $AI$2)), 0) + IF($AJ$4 = AE$5, ($AJ$3 * IF($AJ12>0, $AJ12, $AJ$2)), 0) + IF($AK$4 = AE$5, ($AK$3 * IF($AK12>0, $AK12, $AK$2)), 0) + IF($AL$4 = AE$5, ($AL$3 * IF($AL12>0, $AL12, $AL$2)), 0) + IF($AM$4 = AE$5, ($AM$3 * IF($AM12>0, $AM12, $AM$2)), 0) + IF($AN$4 = AE$5, ($AN$3 * IF($AN12>0, $AN12, $AN$2)), 0) + IF($AO$4 = AE$5, ($AO$3 * IF($AO12>0, $AO12, $AO$2)), 0) + IF($AP$4 = AE$5, ($AP$3 * IF($AP12>0, $AP12, $AP$2)), 0) + IF($AQ$4 = AE$5, ($AQ$3 * IF($AQ12>0, $AQ12, $AQ$2)), 0) + IF($AR$4 = AE$5, ($AR$3 * IF($AR12>0, $AR12, $AR$2)), 0) + IF($AS$4 = AE$5, ($AS$3 * IF($AS12>0, $AS12, $AS$2)), 0) + IF($AT$4 = AE$5, ($AT$3 * IF($AT12>0, $AT12, $AT$2)), 0) + IF($AU$4 = AE$5, ($AU$3 * IF($AU12>0, $AU12, $AU$2)), 0) + IF($AV$4 = AE$5, ($AV$3 * IF($AV12>0, IF($AV12 > $AV$2, $AV$2, $AV12), $AV$2)), 0), -1) -> 295 | AF12: 3 | AG12: 2 | AH12: 46 | AI12: 12 | AJ12: 13 | AK12: 15 | AL12: 33 | AN12: 8 | AO12: 2 | AP12: 4 | AQ12: 2 | AR12: 5 | AS12: 4 | AT12: 2 | AU12: 4 | AV12: 87 | AW12: =IFERROR(INDEX(measureables!$A:$J,MATCH($A12,measureables!$A:$A,FALSE),7), "") -> 6' 4'' | AX12: =IFERROR(INDEX(measureables!$A:$J,MATCH($A12,measureables!$A:$A,FALSE),9), "") -> 195 | AY12: =IFERROR(INDEX(measureables!$A:$J,MATCH($A12,measureables!$A:$A,FALSE),10), "") -> 0 | AZ12: =IFERROR(INDEX(measureables!$A:$J,MATCH($A12,measureables!$A:$A,FALSE),8), "") -> 0 | BA12: =IF(R12="",A12, IF(S12=S11,"",IF(S12=1," <!-- rankings --> "," </ol> " ) & "<h2> Tier " &S12 &" (~" &IF(MOD(ROUND(Q12,0),5)=0,ROUND(Q12,0),FLOOR(ROUND(Q12,0),5)&"+") &" FV)</h2> <ol start='" &R12 &" '> " ) & " <li><b><a target='_blank' href='" &X12 &"'>" &A12 &"</a></b> - <i> <a target='_blank' href='" &W12 &"'>" &B12 &" </a></b> - <a target='_blank'href='" &V12 &"'>" &C12 &"</a></b> </i></li> <ul style='list-style-type:none'>" &IF(D12<>""," <li>Grade: "&D12&" </li>","") &IF(E12<>""," <li>Age: "&ROUND(E12,1)&" </li>","") &IF(F12<>""," <li>Height: "&F12&" in </li>","") &IF(G12<>""," <li>Weight: "&G12&" lbs </li>","") &IF(H12<>""," <li>Wingspan: "&H12&" in </li>","") &IF(I12<>""," <li>Reach: "&I12&" in </li>","") &IF(J12<>""," <li>Ape: "&J12&" </li>","") &IF(L12<>""," <li>++: "&L12&" </li>","") &IF(M12<>""," <li>+: "&M12&" </li>","") &IF(N12<>""," <li>-: "&N12&" </li>","") &IF(O12<>""," <li>--: "&O12&" </li>","") &IF(P12<>""," <li>Additional Notes: "&P12&" </li>","") &" </ul> <br>" &IF(AND(R12<>"",R13="")," </ol> <!-- # end of rankings --> ","") ) -> <li><b><a target='_blank' href='https://www.nba.com/draft/2022/prospects/jaden-ivey'>Jaden Ivey</a></b> - <i> <a target='_blank' href='https://www.nbadraft.net/players/jaden-ivey'>PG </a></b> - <a target='_blank'href='https://www.sports-reference.com/cbb/players/jaden-ivey-1.html'>Purdue</a></b> </i></li> <ul style='list-style-type:none'> <li>Grade: Sophomore </li> <li>Age: 20.4 </li> <li>Height: 76 in </li> <li>Weight: 195 lbs </li> <li>++: athleticism, shot creation </li> <li>+: dribble penetration </li> <li>-: decision making, defensive motor, offensive creation </li> <li>Additional Notes: phreak athlete, but best role is likely a volume scoring 6th man, which isn't a great archtype to chase. That said, his 99th percentile upside of a primary offensive engine is one of the highest in the draft </li> </ul> <br>
A13: Keegan Murray | B13: PF | C13: Iowa | D13: Sophomore | E13: =YEARFRAC(Y13, $E$5, 1) -> 21.841924 | F13: =IFERROR(LEFT(AW13,FIND("'",AW13)-1)*12+SUBSTITUTE(MID(AW13,FIND("'",AW13)+1,LEN(AW13)),"''",""), "") -> 80 | G13: =AX13 -> 215 | H13: =IFERROR(LEFT(AY13,FIND("'",AY13)-1)*12+SUBSTITUTE(MID(AY13,FIND("'",AY13)+1,LEN(AY13)),"''",""), "") -> 83 | I13: =IFERROR(LEFT(AZ13,FIND("'",AZ13)-1)*12+SUBSTITUTE(MID(AZ13,FIND("'",AZ13)+1,LEN(AZ13)),"''",""), "") | J13: =IFERROR(IF(AND(H13-F13>= 0, H13 > 0), "+", ""),"") & IFERROR(IF(AND(H13-F13>= -5, H13 > 0), H13-F13, ""),"") -> +3 | K13: =IF(F13>0, IFERROR((H13-60)/(F13-60),""), "") -> 1.15 | L13: offensive production | M13: motor, positioning | N13: athleticism | O13: age | P13: high level scorer against non-elite competition. High floor as rotational player who should be able to score against second units at the very least. Also he looks a lot like Brandon Clarke, and maybe plays a little like him | Q13: 52.5 | R13: =IF(Q13=-1, "", IF(Q13=0,"HM.",IF(Q13="","",RANK(Q13,Q$6:Q$980)))) -> 8 | S13: =IFERROR(IF(FLOOR(Q13,1)=FLOOR(Q12,1),S12, MAX(S$5:S12)+1),1) -> 2 | T13: =IFERROR(INDEX(actual!A:A,MATCH(A13,actual!B:B,FALSE)), "") -> 4 | U13: =IFERROR(INDEX(actual!C:C,MATCH(A13,actual!B:B,FALSE)), "") -> SAC | V13: =HYPERLINK(IF(D13="", "https://www.basketball-reference.com/international", "https://www.sports-reference.com/cbb") & "/players/" & LOWER(SUBSTITUTE(A13, " ", "-") & "-1.html")) -> https://www.sports-reference.com/cbb/players/keegan-murray-1.html | W13: =HYPERLINK("https://www.nbadraft.net/players/" & LOWER(SUBSTITUTE(A13, " ", "-") & "")) -> https://www.nbadraft.net/players/keegan-murray | X13: =HYPERLINK("https://www.nba.com/draft/2022/prospects/" & LOWER(SUBSTITUTE(A13, " ", "-") & "")) -> https://www.nba.com/draft/2022/prospects/keegan-murray | Y13: 36757 | Z13: =RANK(AC13,AC:AC,1) -> 8 | AA13: =RANK(AD13,AD:AD,1) -> 9 | AB13: =RANK(AE13,AE:AE,1) -> 9 | AC13: =AD13+AE13 -> 290 | AD13: =IFERROR( IF($AF$4 = AD$5, ($AF$3 * IF($AF13>0, $AF13, $AF$2)), 0) + IF($AG$4 = AD$5, ($AG$3 * IF($AG13>0, $AG13, $AG$2)), 0) + IF($AH$4 = AD$5, ($AH$3 * IF($AH13>0, $AH13, $AH$2)), 0) + IF($AI$4 = AD$5, ($AI$3 * IF($AI13>0, $AI13, $AI$2)), 0) + IF($AJ$4 = AD$5, ($AJ$3 * IF($AJ13>0, $AJ13, $AJ$2)), 0) + IF($AK$4 = AD$5, ($AK$3 * IF($AK13>0, $AK13, $AK$2)), 0) + IF($AL$4 = AD$5, ($AL$3 * IF($AL13>0, $AL13, $AL$2)), 0) + IF($AM$4 = AD$5, ($AM$3 * IF($AM13>0, $AM13, $AM$2)), 0) + IF($AN$4 = AD$5, ($AN$3 * IF($AN13>0, $AN13, $AN$2)), 0) + IF($AO$4 = AD$5, ($AO$3 * IF($AO13>0, $AO13, $AO$2)), 0) + IF($AP$4 = AD$5, ($AP$3 * IF($AP13>0, $AP13, $AP$2)), 0) + IF($AQ$4 = AD$5, ($AQ$3 * IF($AQ13>0, $AQ13, $AQ$2)), 0) + IF($AR$4 = AD$5, ($AR$3 * IF($AR13>0, $AR13, $AR$2)), 0) + IF($AS$4 = AD$5, ($AS$3 * IF($AS13>0, $AS13, $AS$2)), 0) + IF($AT$4 = AD$5, ($AT$3 * IF($AT13>0, $AT13, $AT$2)), 0) + IF($AU$4 = AD$5, ($AU$3 * IF($AU13>0, $AU13, $AU$2)), 0) + IF($AV$4 = AD$5, ($AV$3 * IF($AV13>0, IF($AV13 > $AV$2, $AV$2, $AV13), $AV$2)), 0), -1) -> 138 | AE13: =IFERROR( IF($AF$4 = AE$5, ($AF$3 * IF($AF13>0, $AF13, $AF$2)), 0) + IF($AG$4 = AE$5, ($AG$3 * IF($AG13>0, $AG13, $AG$2)), 0) + IF($AH$4 = AE$5, ($AH$3 * IF($AH13>0, $AH13, $AH$2)), 0) + IF($AI$4 = AE$5, ($AI$3 * IF($AI13>0, $AI13, $AI$2)), 0) + IF($AJ$4 = AE$5, ($AJ$3 * IF($AJ13>0, $AJ13, $AJ$2)), 0) + IF($AK$4 = AE$5, ($AK$3 * IF($AK13>0, $AK13, $AK$2)), 0) + IF($AL$4 = AE$5, ($AL$3 * IF($AL13>0, $AL13, $AL$2)), 0) + IF($AM$4 = AE$5, ($AM$3 * IF($AM13>0, $AM13, $AM$2)), 0) + IF($AN$4 = AE$5, ($AN$3 * IF($AN13>0, $AN13, $AN$2)), 0) + IF($AO$4 = AE$5, ($AO$3 * IF($AO13>0, $AO13, $AO$2)), 0) + IF($AP$4 = AE$5, ($AP$3 * IF($AP13>0, $AP13, $AP$2)), 0) + IF($AQ$4 = AE$5, ($AQ$3 * IF($AQ13>0, $AQ13, $AQ$2)), 0) + IF($AR$4 = AE$5, ($AR$3 * IF($AR13>0, $AR13, $AR$2)), 0) + IF($AS$4 = AE$5, ($AS$3 * IF($AS13>0, $AS13, $AS$2)), 0) + IF($AT$4 = AE$5, ($AT$3 * IF($AT13>0, $AT13, $AT$2)), 0) + IF($AU$4 = AE$5, ($AU$3 * IF($AU13>0, $AU13, $AU$2)), 0) + IF($AV$4 = AE$5, ($AV$3 * IF($AV13>0, IF($AV13 > $AV$2, $AV$2, $AV13), $AV$2)), 0), -1) -> 152 | AF13: 7 | AG13: 3 | AH13: 13 | AI13: 3 | AJ13: 28 | AK13: 6 | AL13: 4 | AN13: 12 | AO13: 2 | AP13: 9 | AQ13: 3 | AR13: 6 | AS13: 8 | AT13: 3 | AU13: 5 | AW13: =IFERROR(INDEX(measureables!$A:$J,MATCH($A13,measureables!$A:$A,FALSE),7), "") -> 6' 8'' | AX13: =IFERROR(INDEX(measureables!$A:$J,MATCH($A13,measureables!$A:$A,FALSE),9), "") -> 215 | AY13: =IFERROR(INDEX(measureables!$A:$J,MATCH($A13,measureables!$A:$A,FALSE),10), "") -> 6' 11'' | AZ13: =IFERROR(INDEX(measureables!$A:$J,MATCH($A13,measureables!$A:$A,FALSE),8), "") -> 0 | BA13: =IF(R13="",A13, IF(S13=S12,"",IF(S13=1," <!-- rankings --> "," </ol> " ) & "<h2> Tier " &S13 &" (~" &IF(MOD(ROUND(Q13,0),5)=0,ROUND(Q13,0),FLOOR(ROUND(Q13,0),5)&"+") &" FV)</h2> <ol start='" &R13 &" '> " ) & " <li><b><a target='_blank' href='" &X13 &"'>" &A13 &"</a></b> - <i> <a target='_blank' href='" &W13 &"'>" &B13 &" </a></b> - <a target='_blank'href='" &V13 &"'>" &C13 &"</a></b> </i></li> <ul style='list-style-type:none'>" &IF(D13<>""," <li>Grade: "&D13&" </li>","") &IF(E13<>""," <li>Age: "&ROUND(E13,1)&" </li>","") &IF(F13<>""," <li>Height: "&F13&" in </li>","") &IF(G13<>""," <li>Weight: "&G13&" lbs </li>","") &IF(H13<>""," <li>Wingspan: "&H13&" in </li>","") &IF(I13<>""," <li>Reach: "&I13&" in </li>","") &IF(J13<>""," <li>Ape: "&J13&" </li>","") &IF(L13<>""," <li>++: "&L13&" </li>","") &IF(M13<>""," <li>+: "&M13&" </li>","") &IF(N13<>""," <li>-: "&N13&" </li>","") &IF(O13<>""," <li>--: "&O13&" </li>","") &IF(P13<>""," <li>Additional Notes: "&P13&" </li>","") &" </ul> <br>" &IF(AND(R13<>"",R14="")," </ol> <!-- # end of rankings --> ","") ) -> <li><b><a target='_blank' href='https://www.nba.com/draft/2022/prospects/keegan-murray'>Keegan Murray</a></b> - <i> <a target='_blank' href='https://www.nbadraft.net/players/keegan-murray'>PF </a></b> - <a target='_blank'href='https://www.sports-reference.com/cbb/players/keegan-murray-1.html'>Iowa</a></b> </i></li> <ul style='list-style-type:none'> <li>Grade: Sophomore </li> <li>Age: 21.8 </li> <li>Height: 80 in </li> <li>Weight: 215 lbs </li> <li>Wingspan: 83 in </li> <li>Ape: +3 </li> <li>++: offensive production </li> <li>+: motor, positioning </li> <li>-: athleticism </li> <li>--: age </li> <li>Additional Notes: high level scorer against non-elite competition. High floor as rotational player who should be able to score against second units at the very least. Also he looks a lot like Brandon Clarke, and maybe plays a little like him </li> </ul> <br>
A14: Tari Eason | B14: PF | C14: LSU | D14: Sophomore | E14: =YEARFRAC(Y14, $E$5, 1) -> 21.121095 | F14: =IFERROR(LEFT(AW14,FIND("'",AW14)-1)*12+SUBSTITUTE(MID(AW14,FIND("'",AW14)+1,LEN(AW14)),"''",""), "") -> 80 | G14: =AX14 -> 217.4 | H14: =IFERROR(LEFT(AY14,FIND("'",AY14)-1)*12+SUBSTITUTE(MID(AY14,FIND("'",AY14)+1,LEN(AY14)),"''",""), "") -> 86 | I14: =IFERROR(LEFT(AZ14,FIND("'",AZ14)-1)*12+SUBSTITUTE(MID(AZ14,FIND("'",AZ14)+1,LEN(AZ14)),"''",""), "") -> 107.5 | J14: =IFERROR(IF(AND(H14-F14>= 0, H14 > 0), "+", ""),"") & IFERROR(IF(AND(H14-F14>= -5, H14 > 0), H14-F14, ""),"") -> +6 | K14: =IF(F14>0, IFERROR((H14-60)/(F14-60),""), "") -> 1.3 | L14: enegy, defense | M14: rim attacking | N14: wildness, fouling, shooting, age | P14: high energy wing with a defense first mindset, but plays a little out of control and is older than the other wings in this tier | Q14: 52.4 | R14: =IF(Q14=-1, "", IF(Q14=0,"HM.",IF(Q14="","",RANK(Q14,Q$6:Q$980)))) -> 9 | S14: =IFERROR(IF(FLOOR(Q14,1)=FLOOR(Q13,1),S13, MAX(S$5:S13)+1),1) -> 2 | T14: =IFERROR(INDEX(actual!A:A,MATCH(A14,actual!B:B,FALSE)), "") -> 17 | U14: =IFERROR(INDEX(actual!C:C,MATCH(A14,actual!B:B,FALSE)), "") -> HOU | V14: =HYPERLINK(IF(D14="", "https://www.basketball-reference.com/international", "https://www.sports-reference.com/cbb") & "/players/" & LOWER(SUBSTITUTE(A14, " ", "-") & "-1.html")) -> https://www.sports-reference.com/cbb/players/tari-eason-1.html | W14: =HYPERLINK("https://www.nbadraft.net/players/" & LOWER(SUBSTITUTE(A14, " ", "-") & "")) -> https://www.nbadraft.net/players/tari-eason | X14: =HYPERLINK("https://www.nba.com/draft/2022/prospects/" & LOWER(SUBSTITUTE(A14, " ", "-") & "")) -> https://www.nba.com/draft/2022/prospects/tari-eason | Y14: 37021 | Z14: =RANK(AC14,AC:AC,1) -> 12 | AA14: =RANK(AD14,AD:AD,1) -> 12 | AB14: =RANK(AE14,AE:AE,1) -> 15 | AC14: =AD14+AE14 -> 415 | AD14: =IFERROR( IF($AF$4 = AD$5, ($AF$3 * IF($AF14>0, $AF14, $AF$2)), 0) + IF($AG$4 = AD$5, ($AG$3 * IF($AG14>0, $AG14, $AG$2)), 0) + IF($AH$4 = AD$5, ($AH$3 * IF($AH14>0, $AH14, $AH$2)), 0) + IF($AI$4 = AD$5, ($AI$3 * IF($AI14>0, $AI14, $AI$2)), 0) + IF($AJ$4 = AD$5, ($AJ$3 * IF($AJ14>0, $AJ14, $AJ$2)), 0) + IF($AK$4 = AD$5, ($AK$3 * IF($AK14>0, $AK14, $AK$2)), 0) + IF($AL$4 = AD$5, ($AL$3 * IF($AL14>0, $AL14, $AL$2)), 0) + IF($AM$4 = AD$5, ($AM$3 * IF($AM14>0, $AM14, $AM$2)), 0) + IF($AN$4 = AD$5, ($AN$3 * IF($AN14>0, $AN14, $AN$2)), 0) + IF($AO$4 = AD$5, ($AO$3 * IF($AO14>0, $AO14, $AO$2)), 0) + IF($AP$4 = AD$5, ($AP$3 * IF($AP14>0, $AP14, $AP$2)), 0) + IF($AQ$4 = AD$5, ($AQ$3 * IF($AQ14>0, $AQ14, $AQ$2)), 0) + IF($AR$4 = AD$5, ($AR$3 * IF($AR14>0, $AR14, $AR$2)), 0) + IF($AS$4 = AD$5, ($AS$3 * IF($AS14>0, $AS14, $AS$2)), 0) + IF($AT$4 = AD$5, ($AT$3 * IF($AT14>0, $AT14, $AT$2)), 0) + IF($AU$4 = AD$5, ($AU$3 * IF($AU14>0, $AU14, $AU$2)), 0) + IF($AV$4 = AD$5, ($AV$3 * IF($AV14>0, IF($AV14 > $AV$2, $AV$2, $AV14), $AV$2)), 0), -1) -> 197 | AE14: =IFERROR( IF($AF$4 = AE$5, ($AF$3 * IF($AF14>0, $AF14, $AF$2)), 0) + IF($AG$4 = AE$5, ($AG$3 * IF($AG14>0, $AG14, $AG$2)), 0) + IF($AH$4 = AE$5, ($AH$3 * IF($AH14>0, $AH14, $AH$2)), 0) + IF($AI$4 = AE$5, ($AI$3 * IF($AI14>0, $AI14, $AI$2)), 0) + IF($AJ$4 = AE$5, ($AJ$3 * IF($AJ14>0, $AJ14, $AJ$2)), 0) + IF($AK$4 = AE$5, ($AK$3 * IF($AK14>0, $AK14, $AK$2)), 0) + IF($AL$4 = AE$5, ($AL$3 * IF($AL14>0, $AL14, $AL$2)), 0) + IF($AM$4 = AE$5, ($AM$3 * IF($AM14>0, $AM14, $AM$2)), 0) + IF($AN$4 = AE$5, ($AN$3 * IF($AN14>0, $AN14, $AN$2)), 0) + IF($AO$4 = AE$5, ($AO$3 * IF($AO14>0, $AO14, $AO$2)), 0) + IF($AP$4 = AE$5, ($AP$3 * IF($AP14>0, $AP14, $AP$2)), 0) + IF($AQ$4 = AE$5, ($AQ$3 * IF($AQ14>0, $AQ14, $AQ$2)), 0) + IF($AR$4 = AE$5, ($AR$3 * IF($AR14>0, $AR14, $AR$2)), 0) + IF($AS$4 = AE$5, ($AS$3 * IF($AS14>0, $AS14, $AS$2)), 0) + IF($AT$4 = AE$5, ($AT$3 * IF($AT14>0, $AT14, $AT$2)), 0) + IF($AU$4 = AE$5, ($AU$3 * IF($AU14>0, $AU14, $AU$2)), 0) + IF($AV$4 = AE$5, ($AV$3 * IF($AV14>0, IF($AV14 > $AV$2, $AV$2, $AV14), $AV$2)), 0), -1) -> 218 | AF14: 16 | AG14: 5 | AH14: 7 | AI14: 8 | AJ14: 41 | AK14: 11 | AL14: 40 | AN14: 9 | AO14: 2 | AP14: 10 | AQ14: 3 | AR14: 16 | AS14: 13 | AT14: 4 | AU14: 17 | AV14: 93 | AW14: =IFERROR(INDEX(measureables!$A:$J,MATCH($A14,measureables!$A:$A,FALSE),7), "") -> 6' 8.00'' | AX14: =IFERROR(INDEX(measureables!$A:$J,MATCH($A14,measureables!$A:$A,FALSE),9), "") -> 217.4 | AY14: =IFERROR(INDEX(measureables!$A:$J,MATCH($A14,measureables!$A:$A,FALSE),10), "") -> 7' 2.00'' | AZ14: =IFERROR(INDEX(measureables!$A:$J,MATCH($A14,measureables!$A:$A,FALSE),8), "") -> 8' 11.50'' | BA14: =IF(R14="",A14, IF(S14=S13,"",IF(S14=1," <!-- rankings --> "," </ol> " ) & "<h2> Tier " &S14 &" (~" &IF(MOD(ROUND(Q14,0),5)=0,ROUND(Q14,0),FLOOR(ROUND(Q14,0),5)&"+") &" FV)</h2> <ol start='" &R14 &" '> " ) & " <li><b><a target='_blank' href='" &X14 &"'>" &A14 &"</a></b> - <i> <a target='_blank' href='" &W14 &"'>" &B14 &" </a></b> - <a target='_blank'href='" &V14 &"'>" &C14 &"</a></b> </i></li> <ul style='list-style-type:none'>" &IF(D14<>""," <li>Grade: "&D14&" </li>","") &IF(E14<>""," <li>Age: "&ROUND(E14,1)&" </li>","") &IF(F14<>""," <li>Height: "&F14&" in </li>","") &IF(G14<>""," <li>Weight: "&G14&" lbs </li>","") &IF(H14<>""," <li>Wingspan: "&H14&" in </li>","") &IF(I14<>""," <li>Reach: "&I14&" in </li>","") &IF(J14<>""," <li>Ape: "&J14&" </li>","") &IF(L14<>""," <li>++: "&L14&" </li>","") &IF(M14<>""," <li>+: "&M14&" </li>","") &IF(N14<>""," <li>-: "&N14&" </li>","") &IF(O14<>""," <li>--: "&O14&" </li>","") &IF(P14<>""," <li>Additional Notes: "&P14&" </li>","") &" </ul> <br>" &IF(AND(R14<>"",R15="")," </ol> <!-- # end of rankings --> ","") ) -> <li><b><a target='_blank' href='https://www.nba.com/draft/2022/prospects/tari-eason'>Tari Eason</a></b> - <i> <a target='_blank' href='https://www.nbadraft.net/players/tari-eason'>PF </a></b> - <a target='_blank'href='https://www.sports-reference.com/cbb/players/tari-eason-1.html'>LSU</a></b> </i></li> <ul style='list-style-type:none'> <li>Grade: Sophomore </li> <li>Age: 21.1 </li> <li>Height: 80 in </li> <li>Weight: 217.4 lbs </li> <li>Wingspan: 86 in </li> <li>Reach: 107.5 in </li> <li>Ape: +6 </li> <li>++: enegy, defense </li> <li>+: rim attacking </li> <li>-: wildness, fouling, shooting, age </li> <li>Additional Notes: high energy wing with a defense first mindset, but plays a little out of control and is older than the other wings in this tier </li> </ul> <br>
A15: AJ Griffin | B15: SF | C15: Duke | D15: Freshman | E15: =YEARFRAC(Y15, $E$5, 1) -> 18.8282 | F15: =IFERROR(LEFT(AW15,FIND("'",AW15)-1)*12+SUBSTITUTE(MID(AW15,FIND("'",AW15)+1,LEN(AW15)),"''",""), "") -> 78 | G15: =AX15 -> 222 | H15: =IFERROR(LEFT(AY15,FIND("'",AY15)-1)*12+SUBSTITUTE(MID(AY15,FIND("'",AY15)+1,LEN(AY15)),"''",""), "") -> 83 | I15: =IFERROR(LEFT(AZ15,FIND("'",AZ15)-1)*12+SUBSTITUTE(MID(AZ15,FIND("'",AZ15)+1,LEN(AZ15)),"''",""), "") | J15: =IFERROR(IF(AND(H15-F15>= 0, H15 > 0), "+", ""),"") & IFERROR(IF(AND(H15-F15>= -5, H15 > 0), H15-F15, ""),"") -> +5 | K15: =IF(F15>0, IFERROR((H15-60)/(F15-60),""), "") -> 1.2777778 | L15: age | M15: size, shooting | N15: injury concerns, defense | P15: has the dimensions of a good defender but has yet to play like it; has performed well offensively, but shot doesn't fill the eye test that well | Q15: 52.3 | R15: =IF(Q15=-1, "", IF(Q15=0,"HM.",IF(Q15="","",RANK(Q15,Q$6:Q$980)))) -> 10 | S15: =IFERROR(IF(FLOOR(Q15,1)=FLOOR(Q14,1),S14, MAX(S$5:S14)+1),1) -> 2 | T15: =IFERROR(INDEX(actual!A:A,MATCH(A15,actual!B:B,FALSE)), "") -> 16 | U15: =IFERROR(INDEX(actual!C:C,MATCH(A15,actual!B:B,FALSE)), "") -> ATL | V15: =HYPERLINK(IF(D15="", "https://www.basketball-reference.com/international", "https://www.sports-reference.com/cbb") & "/players/" & LOWER(SUBSTITUTE(A15, " ", "-") & "-1.html")) -> https://www.sports-reference.com/cbb/players/aj-griffin-1.html | W15: =HYPERLINK("https://www.nbadraft.net/players/" & LOWER(SUBSTITUTE(A15, " ", "-") & "")) -> https://www.nbadraft.net/players/aj-griffin | X15: https://www.nba.com/draft/2022/prospects/a-j-griffin | Y15: 37858 | Z15: =RANK(AC15,AC:AC,1) -> 9 | AA15: =RANK(AD15,AD:AD,1) -> 11 | AB15: =RANK(AE15,AE:AE,1) -> 13 | AC15: =AD15+AE15 -> 376 | AD15: =IFERROR( IF($AF$4 = AD$5, ($AF$3 * IF($AF15>0, $AF15, $AF$2)), 0) + IF($AG$4 = AD$5, ($AG$3 * IF($AG15>0, $AG15, $AG$2)), 0) + IF($AH$4 = AD$5, ($AH$3 * IF($AH15>0, $AH15, $AH$2)), 0) + IF($AI$4 = AD$5, ($AI$3 * IF($AI15>0, $AI15, $AI$2)), 0) + IF($AJ$4 = AD$5, ($AJ$3 * IF($AJ15>0, $AJ15, $AJ$2)), 0) + IF($AK$4 = AD$5, ($AK$3 * IF($AK15>0, $AK15, $AK$2)), 0) + IF($AL$4 = AD$5, ($AL$3 * IF($AL15>0, $AL15, $AL$2)), 0) + IF($AM$4 = AD$5, ($AM$3 * IF($AM15>0, $AM15, $AM$2)), 0) + IF($AN$4 = AD$5, ($AN$3 * IF($AN15>0, $AN15, $AN$2)), 0) + IF($AO$4 = AD$5, ($AO$3 * IF($AO15>0, $AO15, $AO$2)), 0) + IF($AP$4 = AD$5, ($AP$3 * IF($AP15>0, $AP15, $AP$2)), 0) + IF($AQ$4 = AD$5, ($AQ$3 * IF($AQ15>0, $AQ15, $AQ$2)), 0) + IF($AR$4 = AD$5, ($AR$3 * IF($AR15>0, $AR15, $AR$2)), 0) + IF($AS$4 = AD$5, ($AS$3 * IF($AS15>0, $AS15, $AS$2)), 0) + IF($AT$4 = AD$5, ($AT$3 * IF($AT15>0, $AT15, $AT$2)), 0) + IF($AU$4 = AD$5, ($AU$3 * IF($AU15>0, $AU15, $AU$2)), 0) + IF($AV$4 = AD$5, ($AV$3 * IF($AV15>0, IF($AV15 > $AV$2, $AV$2, $AV15), $AV$2)), 0), -1) -> 170 | AE15: =IFERROR( IF($AF$4 = AE$5, ($AF$3 * IF($AF15>0, $AF15, $AF$2)), 0) + IF($AG$4 = AE$5, ($AG$3 * IF($AG15>0, $AG15, $AG$2)), 0) + IF($AH$4 = AE$5, ($AH$3 * IF($AH15>0, $AH15, $AH$2)), 0) + IF($AI$4 = AE$5, ($AI$3 * IF($AI15>0, $AI15, $AI$2)), 0) + IF($AJ$4 = AE$5, ($AJ$3 * IF($AJ15>0, $AJ15, $AJ$2)), 0) + IF($AK$4 = AE$5, ($AK$3 * IF($AK15>0, $AK15, $AK$2)), 0) + IF($AL$4 = AE$5, ($AL$3 * IF($AL15>0, $AL15, $AL$2)), 0) + IF($AM$4 = AE$5, ($AM$3 * IF($AM15>0, $AM15, $AM$2)), 0) + IF($AN$4 = AE$5, ($AN$3 * IF($AN15>0, $AN15, $AN$2)), 0) + IF($AO$4 = AE$5, ($AO$3 * IF($AO15>0, $AO15, $AO$2)), 0) + IF($AP$4 = AE$5, ($AP$3 * IF($AP15>0, $AP15, $AP$2)), 0) + IF($AQ$4 = AE$5, ($AQ$3 * IF($AQ15>0, $AQ15, $AQ$2)), 0) + IF($AR$4 = AE$5, ($AR$3 * IF($AR15>0, $AR15, $AR$2)), 0) + IF($AS$4 = AE$5, ($AS$3 * IF($AS15>0, $AS15, $AS$2)), 0) + IF($AT$4 = AE$5, ($AT$3 * IF($AT15>0, $AT15, $AT$2)), 0) + IF($AU$4 = AE$5, ($AU$3 * IF($AU15>0, $AU15, $AU$2)), 0) + IF($AV$4 = AE$5, ($AV$3 * IF($AV15>0, IF($AV15 > $AV$2, $AV$2, $AV15), $AV$2)), 0), -1) -> 206 | AF15: 13 | AG15: 5 | AH15: 28 | AI15: 4 | AJ15: 11 | AK15: 13 | AN15: 14 | AO15: 3 | AP15: 7 | AQ15: 3 | AR15: 10 | AS15: 11 | AT15: 4 | AU15: 9 | AV15: 18 | AW15: =IFERROR(INDEX(measureables!$A:$J,MATCH($A15,measureables!$A:$A,FALSE),7), "") -> 6' 6'' | AX15: =IFERROR(INDEX(measureables!$A:$J,MATCH($A15,measureables!$A:$A,FALSE),9), "") -> 222 | AY15: =IFERROR(INDEX(measureables!$A:$J,MATCH($A15,measureables!$A:$A,FALSE),10), "") -> 6' 11'' | AZ15: =IFERROR(INDEX(measureables!$A:$J,MATCH($A15,measureables!$A:$A,FALSE),8), "") -> 0 | BA15: =IF(R15="",A15, IF(S15=S14,"",IF(S15=1," <!-- rankings --> "," </ol> " ) & "<h2> Tier " &S15 &" (~" &IF(MOD(ROUND(Q15,0),5)=0,ROUND(Q15,0),FLOOR(ROUND(Q15,0),5)&"+") &" FV)</h2> <ol start='" &R15 &" '> " ) & " <li><b><a target='_blank' href='" &X15 &"'>" &A15 &"</a></b> - <i> <a target='_blank' href='" &W15 &"'>" &B15 &" </a></b> - <a target='_blank'href='" &V15 &"'>" &C15 &"</a></b> </i></li> <ul style='list-style-type:none'>" &IF(D15<>""," <li>Grade: "&D15&" </li>","") &IF(E15<>""," <li>Age: "&ROUND(E15,1)&" </li>","") &IF(F15<>""," <li>Height: "&F15&" in </li>","") &IF(G15<>""," <li>Weight: "&G15&" lbs </li>","") &IF(H15<>""," <li>Wingspan: "&H15&" in </li>","") &IF(I15<>""," <li>Reach: "&I15&" in </li>","") &IF(J15<>""," <li>Ape: "&J15&" </li>","") &IF(L15<>""," <li>++: "&L15&" </li>","") &IF(M15<>""," <li>+: "&M15&" </li>","") &IF(N15<>""," <li>-: "&N15&" </li>","") &IF(O15<>""," <li>--: "&O15&" </li>","") &IF(P15<>""," <li>Additional Notes: "&P15&" </li>","") &" </ul> <br>" &IF(AND(R15<>"",R16="")," </ol> <!-- # end of rankings --> ","") ) -> <li><b><a target='_blank' href='https://www.nba.com/draft/2022/prospects/a-j-griffin'>AJ Griffin</a></b> - <i> <a target='_blank' href='https://www.nbadraft.net/players/aj-griffin'>SF </a></b> - <a target='_blank'href='https://www.sports-reference.com/cbb/players/aj-griffin-1.html'>Duke</a></b> </i></li> <ul style='list-style-type:none'> <li>Grade: Freshman </li> <li>Age: 18.8 </li> <li>Height: 78 in </li> <li>Weight: 222 lbs </li> <li>Wingspan: 83 in </li> <li>Ape: +5 </li> <li>++: age </li> <li>+: size, shooting </li> <li>-: injury concerns, defense </li> <li>Additional Notes: has the dimensions of a good defender but has yet to play like it; has performed well offensively, but shot doesn't fill the eye test that well </li> </ul> <br>
A16: Shaedon Sharpe | B16: SG | C16: Kentucky | D16: Freshman | E16: =YEARFRAC(Y16, $E$5, 1) -> 19.066393 | F16: =IFERROR(LEFT(AW16,FIND("'",AW16)-1)*12+SUBSTITUTE(MID(AW16,FIND("'",AW16)+1,LEN(AW16)),"''",""), "") -> 77.25 | G16: =AX16 -> 198 | H16: =IFERROR(LEFT(AY16,FIND("'",AY16)-1)*12+SUBSTITUTE(MID(AY16,FIND("'",AY16)+1,LEN(AY16)),"''",""), "") -> 83.5 | I16: =IFERROR(LEFT(AZ16,FIND("'",AZ16)-1)*12+SUBSTITUTE(MID(AZ16,FIND("'",AZ16)+1,LEN(AZ16)),"''",""), "") -> 103.5 | J16: =IFERROR(IF(AND(H16-F16>= 0, H16 > 0), "+", ""),"") & IFERROR(IF(AND(H16-F16>= -5, H16 > 0), H16-F16, ""),"") -> +6.25 | K16: =IF(F16>0, IFERROR((H16-60)/(F16-60),""), "") -> 1.3623188 | L16: athleticism | M16: age, frame, shooting, shot creation | O16: production, unknowns | P16: at his best, he may have the highest offensive upside in the class, but the chances of reaching that upside are low enough and with a myriad of warts that he misses out on the 55 FV tier, while his monster upside keeps him above the 50 FV tier. Easily the most difficult player to rank from the outside. | Q16: 52.2 | R16: =IF(Q16=-1, "", IF(Q16=0,"HM.",IF(Q16="","",RANK(Q16,Q$6:Q$980)))) -> 11 | S16: =IFERROR(IF(FLOOR(Q16,1)=FLOOR(Q15,1),S15, MAX(S$5:S15)+1),1) -> 2 | T16: =IFERROR(INDEX(actual!A:A,MATCH(A16,actual!B:B,FALSE)), "") -> 7 | U16: =IFERROR(INDEX(actual!C:C,MATCH(A16,actual!B:B,FALSE)), "") -> POR | V16: https://basketball.realgm.com/player/Shaedon-Sharpe/Summary/150554 | W16: =HYPERLINK("https://www.nbadraft.net/players/" & LOWER(SUBSTITUTE(A16, " ", "-") & "")) -> https://www.nbadraft.net/players/shaedon-sharpe | X16: =HYPERLINK("https://www.nba.com/draft/2022/prospects/" & LOWER(SUBSTITUTE(A16, " ", "-") & "")) -> https://www.nba.com/draft/2022/prospects/shaedon-sharpe | Y16: 37771 | Z16: =RANK(AC16,AC:AC,1) -> 32 | AA16: =RANK(AD16,AD:AD,1) -> 5 | AB16: =RANK(AE16,AE:AE,1) -> 87 | AC16: =AD16+AE16 -> 784 | AD16: =IFERROR( IF($AF$4 = AD$5, ($AF$3 * IF($AF16>0, $AF16, $AF$2)), 0) + IF($AG$4 = AD$5, ($AG$3 * IF($AG16>0, $AG16, $AG$2)), 0) + IF($AH$4 = AD$5, ($AH$3 * IF($AH16>0, $AH16, $AH$2)), 0) + IF($AI$4 = AD$5, ($AI$3 * IF($AI16>0, $AI16, $AI$2)), 0) + IF($AJ$4 = AD$5, ($AJ$3 * IF($AJ16>0, $AJ16, $AJ$2)), 0) + IF($AK$4 = AD$5, ($AK$3 * IF($AK16>0, $AK16, $AK$2)), 0) + IF($AL$4 = AD$5, ($AL$3 * IF($AL16>0, $AL16, $AL$2)), 0) + IF($AM$4 = AD$5, ($AM$3 * IF($AM16>0, $AM16, $AM$2)), 0) + IF($AN$4 = AD$5, ($AN$3 * IF($AN16>0, $AN16, $AN$2)), 0) + IF($AO$4 = AD$5, ($AO$3 * IF($AO16>0, $AO16, $AO$2)), 0) + IF($AP$4 = AD$5, ($AP$3 * IF($AP16>0, $AP16, $AP$2)), 0) + IF($AQ$4 = AD$5, ($AQ$3 * IF($AQ16>0, $AQ16, $AQ$2)), 0) + IF($AR$4 = AD$5, ($AR$3 * IF($AR16>0, $AR16, $AR$2)), 0) + IF($AS$4 = AD$5, ($AS$3 * IF($AS16>0, $AS16, $AS$2)), 0) + IF($AT$4 = AD$5, ($AT$3 * IF($AT16>0, $AT16, $AT$2)), 0) + IF($AU$4 = AD$5, ($AU$3 * IF($AU16>0, $AU16, $AU$2)), 0) + IF($AV$4 = AD$5, ($AV$3 * IF($AV16>0, IF($AV16 > $AV$2, $AV$2, $AV16), $AV$2)), 0), -1) -> 121 | AE16: =IFERROR( IF($AF$4 = AE$5, ($AF$3 * IF($AF16>0, $AF16, $AF$2)), 0) + IF($AG$4 = AE$5, ($AG$3 * IF($AG16>0, $AG16, $AG$2)), 0) + IF($AH$4 = AE$5, ($AH$3 * IF($AH16>0, $AH16, $AH$2)), 0) + IF($AI$4 = AE$5, ($AI$3 * IF($AI16>0, $AI16, $AI$2)), 0) + IF($AJ$4 = AE$5, ($AJ$3 * IF($AJ16>0, $AJ16, $AJ$2)), 0) + IF($AK$4 = AE$5, ($AK$3 * IF($AK16>0, $AK16, $AK$2)), 0) + IF($AL$4 = AE$5, ($AL$3 * IF($AL16>0, $AL16, $AL$2)), 0) + IF($AM$4 = AE$5, ($AM$3 * IF($AM16>0, $AM16, $AM$2)), 0) + IF($AN$4 = AE$5, ($AN$3 * IF($AN16>0, $AN16, $AN$2)), 0) + IF($AO$4 = AE$5, ($AO$3 * IF($AO16>0, $AO16, $AO$2)), 0) + IF($AP$4 = AE$5, ($AP$3 * IF($AP16>0, $AP16, $AP$2)), 0) + IF($AQ$4 = AE$5, ($AQ$3 * IF($AQ16>0, $AQ16, $AQ$2)), 0) + IF($AR$4 = AE$5, ($AR$3 * IF($AR16>0, $AR16, $AR$2)), 0) + IF($AS$4 = AE$5, ($AS$3 * IF($AS16>0, $AS16, $AS$2)), 0) + IF($AT$4 = AE$5, ($AT$3 * IF($AT16>0, $AT16, $AT$2)), 0) + IF($AU$4 = AE$5, ($AU$3 * IF($AU16>0, $AU16, $AU$2)), 0) + IF($AV$4 = AE$5, ($AV$3 * IF($AV16>0, IF($AV16 > $AV$2, $AV$2, $AV16), $AV$2)), 0), -1) -> 663 | AF16: 6 | AG16: 3 | AI16: 10 | AN16: 16 | AO16: 3 | AP16: 8 | AQ16: 3 | AR16: 4 | AS16: 9 | AT16: 3 | AU16: 7 | AV16: 1 | AW16: =IFERROR(INDEX(measureables!$A:$J,MATCH($A16,measureables!$A:$A,FALSE),7), "") -> 6' 5.25'' | AX16: =IFERROR(INDEX(measureables!$A:$J,MATCH($A16,measureables!$A:$A,FALSE),9), "") -> 198 | AY16: =IFERROR(INDEX(measureables!$A:$J,MATCH($A16,measureables!$A:$A,FALSE),10), "") -> 6' 11.50'' | AZ16: =IFERROR(INDEX(measureables!$A:$J,MATCH($A16,measureables!$A:$A,FALSE),8), "") -> 8' 7.50'' | BA16: =IF(R16="",A16, IF(S16=S15,"",IF(S16=1," <!-- rankings --> "," </ol> " ) & "<h2> Tier " &S16 &" (~" &IF(MOD(ROUND(Q16,0),5)=0,ROUND(Q16,0),FLOOR(ROUND(Q16,0),5)&"+") &" FV)</h2> <ol start='" &R16 &" '> " ) & " <li><b><a target='_blank' href='" &X16 &"'>" &A16 &"</a></b> - <i> <a target='_blank' href='" &W16 &"'>" &B16 &" </a></b> - <a target='_blank'href='" &V16 &"'>" &C16 &"</a></b> </i></li> <ul style='list-style-type:none'>" &IF(D16<>""," <li>Grade: "&D16&" </li>","") &IF(E16<>""," <li>Age: "&ROUND(E16,1)&" </li>","") &IF(F16<>""," <li>Height: "&F16&" in </li>","") &IF(G16<>""," <li>Weight: "&G16&" lbs </li>","") &IF(H16<>""," <li>Wingspan: "&H16&" in </li>","") &IF(I16<>""," <li>Reach: "&I16&" in </li>","") &IF(J16<>""," <li>Ape: "&J16&" </li>","") &IF(L16<>""," <li>++: "&L16&" </li>","") &IF(M16<>""," <li>+: "&M16&" </li>","") &IF(N16<>""," <li>-: "&N16&" </li>","") &IF(O16<>""," <li>--: "&O16&" </li>","") &IF(P16<>""," <li>Additional Notes: "&P16&" </li>","") &" </ul> <br>" &IF(AND(R16<>"",R17="")," </ol> <!-- # end of rankings --> ","") ) -> <li><b><a target='_blank' href='https://www.nba.com/draft/2022/prospects/shaedon-sharpe'>Shaedon Sharpe</a></b> - <i> <a target='_blank' href='https://www.nbadraft.net/players/shaedon-sharpe'>SG </a></b> - <a target='_blank'href='https://basketball.realgm.com/player/Shaedon-Sharpe/Summary/150554'>Kentucky</a></b> </i></li> <ul style='list-style-type:none'> <li>Grade: Freshman </li> <li>Age: 19.1 </li> <li>Height: 77.25 in </li> <li>Weight: 198 lbs </li> <li>Wingspan: 83.5 in </li> <li>Reach: 103.5 in </li> <li>Ape: +6.25 </li> <li>++: athleticism </li> <li>+: age, frame, shooting, shot creation </li> <li>--: production, unknowns </li> <li>Additional Notes: at his best, he may have the highest offensive upside in the class, but the chances of reaching that upside are low enough and with a myriad of warts that he misses out on the 55 FV tier, while his monster upside keeps him above the 50 FV tier. Easily the most difficult player to rank from the outside. </li> </ul> <br>
A17: Jalen Duren | B17: C | C17: Memphis | D17: Freshman | E17: =YEARFRAC(Y17, $E$5, 1) -> 18.595483 | F17: =IFERROR(LEFT(AW17,FIND("'",AW17)-1)*12+SUBSTITUTE(MID(AW17,FIND("'",AW17)+1,LEN(AW17)),"''",""), "") -> 82 | G17: =AX17 -> 230 | H17: =IFERROR(LEFT(AY17,FIND("'",AY17)-1)*12+SUBSTITUTE(MID(AY17,FIND("'",AY17)+1,LEN(AY17)),"''",""), "") -> 89 | I17: =IFERROR(LEFT(AZ17,FIND("'",AZ17)-1)*12+SUBSTITUTE(MID(AZ17,FIND("'",AZ17)+1,LEN(AZ17)),"''",""), "") | J17: =IFERROR(IF(AND(H17-F17>= 0, H17 > 0), "+", ""),"") & IFERROR(IF(AND(H17-F17>= -5, H17 > 0), H17-F17, ""),"") -> +7 | K17: =IF(F17>0, IFERROR((H17-60)/(F17-60),""), "") -> 1.3181818 | L17: age | M17: interior defense, interior offense, athleticism, length | N17: rawness, offensive potential, basketball IQ | P17: rim runner/defensive anchor starter kit, but needs development to maximize that role | Q17: 50.9 | R17: =IF(Q17=-1, "", IF(Q17=0,"HM.",IF(Q17="","",RANK(Q17,Q$6:Q$980)))) -> 12 | S17: =IFERROR(IF(FLOOR(Q17,1)=FLOOR(Q16,1),S16, MAX(S$5:S16)+1),1) -> 3 | T17: =IFERROR(INDEX(actual!A:A,MATCH(A17,actual!B:B,FALSE)), "") -> 13 | U17: =IFERROR(INDEX(actual!C:C,MATCH(A17,actual!B:B,FALSE)), "") -> DET | V17: =HYPERLINK(IF(D17="", "https://www.basketball-reference.com/international", "https://www.sports-reference.com/cbb") & "/players/" & LOWER(SUBSTITUTE(A17, " ", "-") & "-1.html")) -> https://www.sports-reference.com/cbb/players/jalen-duren-1.html | W17: =HYPERLINK("https://www.nbadraft.net/players/" & LOWER(SUBSTITUTE(A17, " ", "-") & "")) -> https://www.nbadraft.net/players/jalen-duren | X17: =HYPERLINK("https://www.nba.com/draft/2022/prospects/" & LOWER(SUBSTITUTE(A17, " ", "-") & "")) -> https://www.nba.com/draft/2022/prospects/jalen-duren | Y17: 37943 | Z17: =RANK(AC17,AC:AC,1) -> 6 | AA17: =RANK(AD17,AD:AD,1) -> 7 | AB17: =RANK(AE17,AE:AE,1) -> 8 | AC17: =AD17+AE17 -> 262 | AD17: =IFERROR( IF($AF$4 = AD$5, ($AF$3 * IF($AF17>0, $AF17, $AF$2)), 0) + IF($AG$4 = AD$5, ($AG$3 * IF($AG17>0, $AG17, $AG$2)), 0) + IF($AH$4 = AD$5, ($AH$3 * IF($AH17>0, $AH17, $AH$2)), 0) + IF($AI$4 = AD$5, ($AI$3 * IF($AI17>0, $AI17, $AI$2)), 0) + IF($AJ$4 = AD$5, ($AJ$3 * IF($AJ17>0, $AJ17, $AJ$2)), 0) + IF($AK$4 = AD$5, ($AK$3 * IF($AK17>0, $AK17, $AK$2)), 0) + IF($AL$4 = AD$5, ($AL$3 * IF($AL17>0, $AL17, $AL$2)), 0) + IF($AM$4 = AD$5, ($AM$3 * IF($AM17>0, $AM17, $AM$2)), 0) + IF($AN$4 = AD$5, ($AN$3 * IF($AN17>0, $AN17, $AN$2)), 0) + IF($AO$4 = AD$5, ($AO$3 * IF($AO17>0, $AO17, $AO$2)), 0) + IF($AP$4 = AD$5, ($AP$3 * IF($AP17>0, $AP17, $AP$2)), 0) + IF($AQ$4 = AD$5, ($AQ$3 * IF($AQ17>0, $AQ17, $AQ$2)), 0) + IF($AR$4 = AD$5, ($AR$3 * IF($AR17>0, $AR17, $AR$2)), 0) + IF($AS$4 = AD$5, ($AS$3 * IF($AS17>0, $AS17, $AS$2)), 0) + IF($AT$4 = AD$5, ($AT$3 * IF($AT17>0, $AT17, $AT$2)), 0) + IF($AU$4 = AD$5, ($AU$3 * IF($AU17>0, $AU17, $AU$2)), 0) + IF($AV$4 = AD$5, ($AV$3 * IF($AV17>0, IF($AV17 > $AV$2, $AV$2, $AV17), $AV$2)), 0), -1) -> 132 | AE17: =IFERROR( IF($AF$4 = AE$5, ($AF$3 * IF($AF17>0, $AF17, $AF$2)), 0) + IF($AG$4 = AE$5, ($AG$3 * IF($AG17>0, $AG17, $AG$2)), 0) + IF($AH$4 = AE$5, ($AH$3 * IF($AH17>0, $AH17, $AH$2)), 0) + IF($AI$4 = AE$5, ($AI$3 * IF($AI17>0, $AI17, $AI$2)), 0) + IF($AJ$4 = AE$5, ($AJ$3 * IF($AJ17>0, $AJ17, $AJ$2)), 0) + IF($AK$4 = AE$5, ($AK$3 * IF($AK17>0, $AK17, $AK$2)), 0) + IF($AL$4 = AE$5, ($AL$3 * IF($AL17>0, $AL17, $AL$2)), 0) + IF($AM$4 = AE$5, ($AM$3 * IF($AM17>0, $AM17, $AM$2)), 0) + IF($AN$4 = AE$5, ($AN$3 * IF($AN17>0, $AN17, $AN$2)), 0) + IF($AO$4 = AE$5, ($AO$3 * IF($AO17>0, $AO17, $AO$2)), 0) + IF($AP$4 = AE$5, ($AP$3 * IF($AP17>0, $AP17, $AP$2)), 0) + IF($AQ$4 = AE$5, ($AQ$3 * IF($AQ17>0, $AQ17, $AQ$2)), 0) + IF($AR$4 = AE$5, ($AR$3 * IF($AR17>0, $AR17, $AR$2)), 0) + IF($AS$4 = AE$5, ($AS$3 * IF($AS17>0, $AS17, $AS$2)), 0) + IF($AT$4 = AE$5, ($AT$3 * IF($AT17>0, $AT17, $AT$2)), 0) + IF($AU$4 = AE$5, ($AU$3 * IF($AU17>0, $AU17, $AU$2)), 0) + IF($AV$4 = AE$5, ($AV$3 * IF($AV17>0, IF($AV17 > $AV$2, $AV$2, $AV17), $AV$2)), 0), -1) -> 130 | AF17: 12 | AG17: 5 | AH17: 20 | AI17: 13 | AJ17: 4 | AK17: 7 | AL17: 5 | AN17: 6 | AO17: 2 | AP17: 5 | AQ17: 2 | AR17: 11 | AS17: 12 | AT17: 4 | AU17: 10 | AV17: 5 | AW17: =IFERROR(INDEX(measureables!$A:$J,MATCH($A17,measureables!$A:$A,FALSE),7), "") -> 6' 10'' | AX17: =IFERROR(INDEX(measureables!$A:$J,MATCH($A17,measureables!$A:$A,FALSE),9), "") -> 230 | AY17: =IFERROR(INDEX(measureables!$A:$J,MATCH($A17,measureables!$A:$A,FALSE),10), "") -> 7' 5'' | AZ17: =IFERROR(INDEX(measureables!$A:$J,MATCH($A17,measureables!$A:$A,FALSE),8), "") -> 0 | BA17: =IF(R17="",A17, IF(S17=S16,"",IF(S17=1," <!-- rankings --> "," </ol> " ) & "<h2> Tier " &S17 &" (~" &IF(MOD(ROUND(Q17,0),5)=0,ROUND(Q17,0),FLOOR(ROUND(Q17,0),5)&"+") &" FV)</h2> <ol start='" &R17 &" '> " ) & " <li><b><a target='_blank' href='" &X17 &"'>" &A17 &"</a></b> - <i> <a target='_blank' href='" &W17 &"'>" &B17 &" </a></b> - <a target='_blank'href='" &V17 &"'>" &C17 &"</a></b> </i></li> <ul style='list-style-type:none'>" &IF(D17<>""," <li>Grade: "&D17&" </li>","") &IF(E17<>""," <li>Age: "&ROUND(E17,1)&" </li>","") &IF(F17<>""," <li>Height: "&F17&" in </li>","") &IF(G17<>""," <li>Weight: "&G17&" lbs </li>","") &IF(H17<>""," <li>Wingspan: "&H17&" in </li>","") &IF(I17<>""," <li>Reach: "&I17&" in </li>","") &IF(J17<>""," <li>Ape: "&J17&" </li>","") &IF(L17<>""," <li>++: "&L17&" </li>","") &IF(M17<>""," <li>+: "&M17&" </li>","") &IF(N17<>""," <li>-: "&N17&" </li>","") &IF(O17<>""," <li>--: "&O17&" </li>","") &IF(P17<>""," <li>Additional Notes: "&P17&" </li>","") &" </ul> <br>" &IF(AND(R17<>"",R18="")," </ol> <!-- # end of rankings --> ","") ) -> </ol> <h2> Tier 3 (~50+ FV)</h2> <ol start='12 '> <li><b><a target='_blank' href='https://www.nba.com/draft/2022/prospects/jalen-duren'>Jalen Duren</a></b> - <i> <a target='_blank' href='https://www.nbadraft.net/players/jalen-duren'>C </a></b> - <a target='_blank'href='https://www.sports-reference.com/cbb/players/jalen-duren-1.html'>Memphis</a></b> </i></li> <ul style='list-style-type:none'> <li>Grade: Freshman </li> <li>Age: 18.6 </li> <li>Height: 82 in </li> <li>Weight: 230 lbs </li> <li>Wingspan: 89 in </li> <li>Ape: +7 </li> <li>++: age </li> <li>+: interior defense, interior offense, athleticism, length </li> <li>-: rawness, offensive potential, basketball IQ </li> <li>Additional Notes: rim runner/defensive anchor starter kit, but needs development to maximize that role </li> </ul> <br>
A18: Dalen Terry | B18: SG | C18: Arizona | D18: Sophomore | E18: =YEARFRAC(Y18, $E$5, 1) -> 19.948631 | F18: =IFERROR(LEFT(AW18,FIND("'",AW18)-1)*12+SUBSTITUTE(MID(AW18,FIND("'",AW18)+1,LEN(AW18)),"''",""), "") -> 79.25 | G18: =AX18 -> 195.2 | H18: =IFERROR(LEFT(AY18,FIND("'",AY18)-1)*12+SUBSTITUTE(MID(AY18,FIND("'",AY18)+1,LEN(AY18)),"''",""), "") -> 84.75 | I18: =IFERROR(LEFT(AZ18,FIND("'",AZ18)-1)*12+SUBSTITUTE(MID(AZ18,FIND("'",AZ18)+1,LEN(AZ18)),"''",""), "") -> 106 | J18: =IFERROR(IF(AND(H18-F18>= 0, H18 > 0), "+", ""),"") & IFERROR(IF(AND(H18-F18>= -5, H18 > 0), H18-F18, ""),"") -> +5.5 | K18: =IF(F18>0, IFERROR((H18-60)/(F18-60),""), "") -> 1.2857143 | M18: age, size, secondary ball handling, defensive versatility | N18: shooting, high level impact | P18: profiles as a versatile wing who can guard multiple positions and act as a secondary ball handler, his upside will ultimately be determined by his shooting | Q18: 50.8 | R18: =IF(Q18=-1, "", IF(Q18=0,"HM.",IF(Q18="","",RANK(Q18,Q$6:Q$980)))) -> 13 | S18: =IFERROR(IF(FLOOR(Q18,1)=FLOOR(Q17,1),S17, MAX(S$5:S17)+1),1) -> 3 | T18: =IFERROR(INDEX(actual!A:A,MATCH(A18,actual!B:B,FALSE)), "") -> 18 | U18: =IFERROR(INDEX(actual!C:C,MATCH(A18,actual!B:B,FALSE)), "") -> CHI | V18: =HYPERLINK(IF(D18="", "https://www.basketball-reference.com/international", "https://www.sports-reference.com/cbb") & "/players/" & LOWER(SUBSTITUTE(A18, " ", "-") & "-1.html")) -> https://www.sports-reference.com/cbb/players/dalen-terry-1.html | W18: =HYPERLINK("https://www.nbadraft.net/players/" & LOWER(SUBSTITUTE(A18, " ", "-") & "")) -> https://www.nbadraft.net/players/dalen-terry | X18: =HYPERLINK("https://www.nba.com/draft/2022/prospects/" & LOWER(SUBSTITUTE(A18, " ", "-") & "")) -> https://www.nba.com/draft/2022/prospects/dalen-terry | Y18: 37449 | Z18: =RANK(AC18,AC:AC,1) -> 15 | AA18: =RANK(AD18,AD:AD,1) -> 18 | AB18: =RANK(AE18,AE:AE,1) -> 12 | AC18: =AD18+AE18 -> 485 | AD18: =IFERROR( IF($AF$4 = AD$5, ($AF$3 * IF($AF18>0, $AF18, $AF$2)), 0) + IF($AG$4 = AD$5, ($AG$3 * IF($AG18>0, $AG18, $AG$2)), 0) + IF($AH$4 = AD$5, ($AH$3 * IF($AH18>0, $AH18, $AH$2)), 0) + IF($AI$4 = AD$5, ($AI$3 * IF($AI18>0, $AI18, $AI$2)), 0) + IF($AJ$4 = AD$5, ($AJ$3 * IF($AJ18>0, $AJ18, $AJ$2)), 0) + IF($AK$4 = AD$5, ($AK$3 * IF($AK18>0, $AK18, $AK$2)), 0) + IF($AL$4 = AD$5, ($AL$3 * IF($AL18>0, $AL18, $AL$2)), 0) + IF($AM$4 = AD$5, ($AM$3 * IF($AM18>0, $AM18, $AM$2)), 0) + IF($AN$4 = AD$5, ($AN$3 * IF($AN18>0, $AN18, $AN$2)), 0) + IF($AO$4 = AD$5, ($AO$3 * IF($AO18>0, $AO18, $AO$2)), 0) + IF($AP$4 = AD$5, ($AP$3 * IF($AP18>0, $AP18, $AP$2)), 0) + IF($AQ$4 = AD$5, ($AQ$3 * IF($AQ18>0, $AQ18, $AQ$2)), 0) + IF($AR$4 = AD$5, ($AR$3 * IF($AR18>0, $AR18, $AR$2)), 0) + IF($AS$4 = AD$5, ($AS$3 * IF($AS18>0, $AS18, $AS$2)), 0) + IF($AT$4 = AD$5, ($AT$3 * IF($AT18>0, $AT18, $AT$2)), 0) + IF($AU$4 = AD$5, ($AU$3 * IF($AU18>0, $AU18, $AU$2)), 0) + IF($AV$4 = AD$5, ($AV$3 * IF($AV18>0, IF($AV18 > $AV$2, $AV$2, $AV18), $AV$2)), 0), -1) -> 286 | AE18: =IFERROR( IF($AF$4 = AE$5, ($AF$3 * IF($AF18>0, $AF18, $AF$2)), 0) + IF($AG$4 = AE$5, ($AG$3 * IF($AG18>0, $AG18, $AG$2)), 0) + IF($AH$4 = AE$5, ($AH$3 * IF($AH18>0, $AH18, $AH$2)), 0) + IF($AI$4 = AE$5, ($AI$3 * IF($AI18>0, $AI18, $AI$2)), 0) + IF($AJ$4 = AE$5, ($AJ$3 * IF($AJ18>0, $AJ18, $AJ$2)), 0) + IF($AK$4 = AE$5, ($AK$3 * IF($AK18>0, $AK18, $AK$2)), 0) + IF($AL$4 = AE$5, ($AL$3 * IF($AL18>0, $AL18, $AL$2)), 0) + IF($AM$4 = AE$5, ($AM$3 * IF($AM18>0, $AM18, $AM$2)), 0) + IF($AN$4 = AE$5, ($AN$3 * IF($AN18>0, $AN18, $AN$2)), 0) + IF($AO$4 = AE$5, ($AO$3 * IF($AO18>0, $AO18, $AO$2)), 0) + IF($AP$4 = AE$5, ($AP$3 * IF($AP18>0, $AP18, $AP$2)), 0) + IF($AQ$4 = AE$5, ($AQ$3 * IF($AQ18>0, $AQ18, $AQ$2)), 0) + IF($AR$4 = AE$5, ($AR$3 * IF($AR18>0, $AR18, $AR$2)), 0) + IF($AS$4 = AE$5, ($AS$3 * IF($AS18>0, $AS18, $AS$2)), 0) + IF($AT$4 = AE$5, ($AT$3 * IF($AT18>0, $AT18, $AT$2)), 0) + IF($AU$4 = AE$5, ($AU$3 * IF($AU18>0, $AU18, $AU$2)), 0) + IF($AV$4 = AE$5, ($AV$3 * IF($AV18>0, IF($AV18 > $AV$2, $AV$2, $AV18), $AV$2)), 0), -1) -> 199 | AF18: 18 | AG18: 5 | AH18: 5 | AI18: 27 | AJ18: 21 | AK18: 22 | AN18: 27 | AO18: 3 | AP18: 15 | AQ18: 4 | AR18: 26 | AS18: 17 | AT18: 4 | AU18: 25 | AV18: 48 | AW18: =IFERROR(INDEX(measureables!$A:$J,MATCH($A18,measureables!$A:$A,FALSE),7), "") -> 6' 7.25'' | AX18: =IFERROR(INDEX(measureables!$A:$J,MATCH($A18,measureables!$A:$A,FALSE),9), "") -> 195.2 | AY18: =IFERROR(INDEX(measureables!$A:$J,MATCH($A18,measureables!$A:$A,FALSE),10), "") -> 7' 0.75'' | AZ18: =IFERROR(INDEX(measureables!$A:$J,MATCH($A18,measureables!$A:$A,FALSE),8), "") -> 8' 10.00'' | BA18: =IF(R18="",A18, IF(S18=S17,"",IF(S18=1," <!-- rankings --> "," </ol> " ) & "<h2> Tier " &S18 &" (~" &IF(MOD(ROUND(Q18,0),5)=0,ROUND(Q18,0),FLOOR(ROUND(Q18,0),5)&"+") &" FV)</h2> <ol start='" &R18 &" '> " ) & " <li><b><a target='_blank' href='" &X18 &"'>" &A18 &"</a></b> - <i> <a target='_blank' href='" &W18 &"'>" &B18 &" </a></b> - <a target='_blank'href='" &V18 &"'>" &C18 &"</a></b> </i></li> <ul style='list-style-type:none'>" &IF(D18<>""," <li>Grade: "&D18&" </li>","") &IF(E18<>""," <li>Age: "&ROUND(E18,1)&" </li>","") &IF(F18<>""," <li>Height: "&F18&" in </li>","") &IF(G18<>""," <li>Weight: "&G18&" lbs </li>","") &IF(H18<>""," <li>Wingspan: "&H18&" in </li>","") &IF(I18<>""," <li>Reach: "&I18&" in </li>","") &IF(J18<>""," <li>Ape: "&J18&" </li>","") &IF(L18<>""," <li>++: "&L18&" </li>","") &IF(M18<>""," <li>+: "&M18&" </li>","") &IF(N18<>""," <li>-: "&N18&" </li>","") &IF(O18<>""," <li>--: "&O18&" </li>","") &IF(P18<>""," <li>Additional Notes: "&P18&" </li>","") &" </ul> <br>" &IF(AND(R18<>"",R19="")," </ol> <!-- # end of rankings --> ","") ) -> <li><b><a target='_blank' href='https://www.nba.com/draft/2022/prospects/dalen-terry'>Dalen Terry</a></b> - <i> <a target='_blank' href='https://www.nbadraft.net/players/dalen-terry'>SG </a></b> - <a target='_blank'href='https://www.sports-reference.com/cbb/players/dalen-terry-1.html'>Arizona</a></b> </i></li> <ul style='list-style-type:none'> <li>Grade: Sophomore </li> <li>Age: 19.9 </li> <li>Height: 79.25 in </li> <li>Weight: 195.2 lbs </li> <li>Wingspan: 84.75 in </li> <li>Reach: 106 in </li> <li>Ape: +5.5 </li> <li>+: age, size, secondary ball handling, defensive versatility </li> <li>-: shooting, high level impact </li> <li>Additional Notes: profiles as a versatile wing who can guard multiple positions and act as a secondary ball handler, his upside will ultimately be determined by his shooting </li> </ul> <br>
A19: Walker Kessler | B19: C | C19: Auburn | D19: Sophomore | E19: =YEARFRAC(Y19, $E$5, 1) -> 20.910268 | F19: =IFERROR(LEFT(AW19,FIND("'",AW19)-1)*12+SUBSTITUTE(MID(AW19,FIND("'",AW19)+1,LEN(AW19)),"''",""), "") -> 85 | G19: =AX19 -> 256 | H19: =IFERROR(LEFT(AY19,FIND("'",AY19)-1)*12+SUBSTITUTE(MID(AY19,FIND("'",AY19)+1,LEN(AY19)),"''",""), "") -> 88.25 | I19: =IFERROR(LEFT(AZ19,FIND("'",AZ19)-1)*12+SUBSTITUTE(MID(AZ19,FIND("'",AZ19)+1,LEN(AZ19)),"''",""), "") -> 113 | J19: =IFERROR(IF(AND(H19-F19>= 0, H19 > 0), "+", ""),"") & IFERROR(IF(AND(H19-F19>= -5, H19 > 0), H19-F19, ""),"") -> +3.25 | K19: =IF(F19>0, IFERROR((H19-60)/(F19-60),""), "") -> 1.13 | L19: rim protection, interior defense | M19: size, basketball IQ | N19: athleticism, offensive role | P19: has potential of a true regular season defensive anchor, and his mobility/brain should be enough to at least hold up in playoffs. The lack of an offensive role as he's not a shooting threat, rim runner, or low post threat caps his upside | Q19: 50.7 | R19: =IF(Q19=-1, "", IF(Q19=0,"HM.",IF(Q19="","",RANK(Q19,Q$6:Q$980)))) -> 14 | S19: =IFERROR(IF(FLOOR(Q19,1)=FLOOR(Q18,1),S18, MAX(S$5:S18)+1),1) -> 3 | T19: =IFERROR(INDEX(actual!A:A,MATCH(A19,actual!B:B,FALSE)), "") -> 22 | U19: =IFERROR(INDEX(actual!C:C,MATCH(A19,actual!B:B,FALSE)), "") -> MIN | V19: =HYPERLINK(IF(D19="", "https://www.basketball-reference.com/international", "https://www.sports-reference.com/cbb") & "/players/" & LOWER(SUBSTITUTE(A19, " ", "-") & "-1.html")) -> https://www.sports-reference.com/cbb/players/walker-kessler-1.html | W19: =HYPERLINK("https://www.nbadraft.net/players/" & LOWER(SUBSTITUTE(A19, " ", "-") & "")) -> https://www.nbadraft.net/players/walker-kessler | X19: =HYPERLINK("https://www.nba.com/draft/2022/prospects/" & LOWER(SUBSTITUTE(A19, " ", "-") & "")) -> https://www.nba.com/draft/2022/prospects/walker-kessler | Y19: 37098 | Z19: =RANK(AC19,AC:AC,1) -> 13 | AA19: =RANK(AD19,AD:AD,1) -> 27 | AB19: =RANK(AE19,AE:AE,1) -> 7 | AC19: =AD19+AE19 -> 463 | AD19: =IFERROR( IF($AF$4 = AD$5, ($AF$3 * IF($AF19>0, $AF19, $AF$2)), 0) + IF($AG$4 = AD$5, ($AG$3 * IF($AG19>0, $AG19, $AG$2)), 0) + IF($AH$4 = AD$5, ($AH$3 * IF($AH19>0, $AH19, $AH$2)), 0) + IF($AI$4 = AD$5, ($AI$3 * IF($AI19>0, $AI19, $AI$2)), 0) + IF($AJ$4 = AD$5, ($AJ$3 * IF($AJ19>0, $AJ19, $AJ$2)), 0) + IF($AK$4 = AD$5, ($AK$3 * IF($AK19>0, $AK19, $AK$2)), 0) + IF($AL$4 = AD$5, ($AL$3 * IF($AL19>0, $AL19, $AL$2)), 0) + IF($AM$4 = AD$5, ($AM$3 * IF($AM19>0, $AM19, $AM$2)), 0) + IF($AN$4 = AD$5, ($AN$3 * IF($AN19>0, $AN19, $AN$2)), 0) + IF($AO$4 = AD$5, ($AO$3 * IF($AO19>0, $AO19, $AO$2)), 0) + IF($AP$4 = AD$5, ($AP$3 * IF($AP19>0, $AP19, $AP$2)), 0) + IF($AQ$4 = AD$5, ($AQ$3 * IF($AQ19>0, $AQ19, $AQ$2)), 0) + IF($AR$4 = AD$5, ($AR$3 * IF($AR19>0, $AR19, $AR$2)), 0) + IF($AS$4 = AD$5, ($AS$3 * IF($AS19>0, $AS19, $AS$2)), 0) + IF($AT$4 = AD$5, ($AT$3 * IF($AT19>0, $AT19, $AT$2)), 0) + IF($AU$4 = AD$5, ($AU$3 * IF($AU19>0, $AU19, $AU$2)), 0) + IF($AV$4 = AD$5, ($AV$3 * IF($AV19>0, IF($AV19 > $AV$2, $AV$2, $AV19), $AV$2)), 0), -1) -> 350 | AE19: =IFERROR( IF($AF$4 = AE$5, ($AF$3 * IF($AF19>0, $AF19, $AF$2)), 0) + IF($AG$4 = AE$5, ($AG$3 * IF($AG19>0, $AG19, $AG$2)), 0) + IF($AH$4 = AE$5, ($AH$3 * IF($AH19>0, $AH19, $AH$2)), 0) + IF($AI$4 = AE$5, ($AI$3 * IF($AI19>0, $AI19, $AI$2)), 0) + IF($AJ$4 = AE$5, ($AJ$3 * IF($AJ19>0, $AJ19, $AJ$2)), 0) + IF($AK$4 = AE$5, ($AK$3 * IF($AK19>0, $AK19, $AK$2)), 0) + IF($AL$4 = AE$5, ($AL$3 * IF($AL19>0, $AL19, $AL$2)), 0) + IF($AM$4 = AE$5, ($AM$3 * IF($AM19>0, $AM19, $AM$2)), 0) + IF($AN$4 = AE$5, ($AN$3 * IF($AN19>0, $AN19, $AN$2)), 0) + IF($AO$4 = AE$5, ($AO$3 * IF($AO19>0, $AO19, $AO$2)), 0) + IF($AP$4 = AE$5, ($AP$3 * IF($AP19>0, $AP19, $AP$2)), 0) + IF($AQ$4 = AE$5, ($AQ$3 * IF($AQ19>0, $AQ19, $AQ$2)), 0) + IF($AR$4 = AE$5, ($AR$3 * IF($AR19>0, $AR19, $AR$2)), 0) + IF($AS$4 = AE$5, ($AS$3 * IF($AS19>0, $AS19, $AS$2)), 0) + IF($AT$4 = AE$5, ($AT$3 * IF($AT19>0, $AT19, $AT$2)), 0) + IF($AU$4 = AE$5, ($AU$3 * IF($AU19>0, $AU19, $AU$2)), 0) + IF($AV$4 = AE$5, ($AV$3 * IF($AV19>0, IF($AV19 > $AV$2, $AV$2, $AV19), $AV$2)), 0), -1) -> 113 | AF19: 37 | AG19: 9 | AH19: 11 | AI19: 6 | AJ19: 15 | AK19: 2 | AL19: 10 | AN19: 11 | AO19: 2 | AP19: 32 | AQ19: 5 | AR19: 28 | AS19: 30 | AT19: 5 | AU19: 26 | AV19: 18 | AW19: =IFERROR(INDEX(measureables!$A:$J,MATCH($A19,measureables!$A:$A,FALSE),7), "") -> 7' 1.00'' | AX19: =IFERROR(INDEX(measureables!$A:$J,MATCH($A19,measureables!$A:$A,FALSE),9), "") -> 256 | AY19: =IFERROR(INDEX(measureables!$A:$J,MATCH($A19,measureables!$A:$A,FALSE),10), "") -> 7' 4.25'' | AZ19: =IFERROR(INDEX(measureables!$A:$J,MATCH($A19,measureables!$A:$A,FALSE),8), "") -> 9' 5.00'' | BA19: =IF(R19="",A19, IF(S19=S18,"",IF(S19=1," <!-- rankings --> "," </ol> " ) & "<h2> Tier " &S19 &" (~" &IF(MOD(ROUND(Q19,0),5)=0,ROUND(Q19,0),FLOOR(ROUND(Q19,0),5)&"+") &" FV)</h2> <ol start='" &R19 &" '> " ) & " <li><b><a target='_blank' href='" &X19 &"'>" &A19 &"</a></b> - <i> <a target='_blank' href='" &W19 &"'>" &B19 &" </a></b> - <a target='_blank'href='" &V19 &"'>" &C19 &"</a></b> </i></li> <ul style='list-style-type:none'>" &IF(D19<>""," <li>Grade: "&D19&" </li>","") &IF(E19<>""," <li>Age: "&ROUND(E19,1)&" </li>","") &IF(F19<>""," <li>Height: "&F19&" in </li>","") &IF(G19<>""," <li>Weight: "&G19&" lbs </li>","") &IF(H19<>""," <li>Wingspan: "&H19&" in </li>","") &IF(I19<>""," <li>Reach: "&I19&" in </li>","") &IF(J19<>""," <li>Ape: "&J19&" </li>","") &IF(L19<>""," <li>++: "&L19&" </li>","") &IF(M19<>""," <li>+: "&M19&" </li>","") &IF(N19<>""," <li>-: "&N19&" </li>","") &IF(O19<>""," <li>--: "&O19&" </li>","") &IF(P19<>""," <li>Additional Notes: "&P19&" </li>","") &" </ul> <br>" &IF(AND(R19<>"",R20="")," </ol> <!-- # end of rankings --> ","") ) -> <li><b><a target='_blank' href='https://www.nba.com/draft/2022/prospects/walker-kessler'>Walker Kessler</a></b> - <i> <a target='_blank' href='https://www.nbadraft.net/players/walker-kessler'>C </a></b> - <a target='_blank'href='https://www.sports-reference.com/cbb/players/walker-kessler-1.html'>Auburn</a></b> </i></li> <ul style='list-style-type:none'> <li>Grade: Sophomore </li> <li>Age: 20.9 </li> <li>Height: 85 in </li> <li>Weight: 256 lbs </li> <li>Wingspan: 88.25 in </li> <li>Reach: 113 in </li> <li>Ape: +3.25 </li> <li>++: rim protection, interior defense </li> <li>+: size, basketball IQ </li> <li>-: athleticism, offensive role </li> <li>Additional Notes: has potential of a true regular season defensive anchor, and his mobility/brain should be enough to at least hold up in playoffs. The lack of an offensive role as he's not a shooting threat, rim runner, or low post threat caps his upside </li> </ul> <br>
A20: Mark Williams | B20: C | C20: Duke | D20: Sophomore | E20: =YEARFRAC(Y20, $E$5, 1) -> 20.518731 | F20: =IFERROR(LEFT(AW20,FIND("'",AW20)-1)*12+SUBSTITUTE(MID(AW20,FIND("'",AW20)+1,LEN(AW20)),"''",""), "") -> 86 | G20: =AX20 -> 242.4 | H20: =IFERROR(LEFT(AY20,FIND("'",AY20)-1)*12+SUBSTITUTE(MID(AY20,FIND("'",AY20)+1,LEN(AY20)),"''",""), "") -> 90.5 | I20: =IFERROR(LEFT(AZ20,FIND("'",AZ20)-1)*12+SUBSTITUTE(MID(AZ20,FIND("'",AZ20)+1,LEN(AZ20)),"''",""), "") -> 117 | J20: =IFERROR(IF(AND(H20-F20>= 0, H20 > 0), "+", ""),"") & IFERROR(IF(AND(H20-F20>= -5, H20 > 0), H20-F20, ""),"") -> +4.5 | K20: =IF(F20>0, IFERROR((H20-60)/(F20-60),""), "") -> 1.1730769 | L20: size | M20: interior finishing, rim protection | N20: offensive upside | P20: safe bet to be a rotational big for a number of years, but doesn't have true defensive anchor upside, and probably won't be more than a roll man offensively | Q20: 50.6 | R20: =IF(Q20=-1, "", IF(Q20=0,"HM.",IF(Q20="","",RANK(Q20,Q$6:Q$980)))) -> 15 | S20: =IFERROR(IF(FLOOR(Q20,1)=FLOOR(Q19,1),S19, MAX(S$5:S19)+1),1) -> 3 | T20: =IFERROR(INDEX(actual!A:A,MATCH(A20,actual!B:B,FALSE)), "") -> 15 | U20: =IFERROR(INDEX(actual!C:C,MATCH(A20,actual!B:B,FALSE)), "") -> CHA | V20: https://www.sports-reference.com/cbb/players/mark-williams-7.html | W20: =HYPERLINK("https://www.nbadraft.net/players/" & LOWER(SUBSTITUTE(A20, " ", "-") & "")) -> https://www.nbadraft.net/players/mark-williams | X20: =HYPERLINK("https://www.nba.com/draft/2022/prospects/" & LOWER(SUBSTITUTE(A20, " ", "-") & "")) -> https://www.nba.com/draft/2022/prospects/mark-williams | Y20: 37241 | Z20: =RANK(AC20,AC:AC,1) -> 10 | AA20: =RANK(AD20,AD:AD,1) -> 13 | AB20: =RANK(AE20,AE:AE,1) -> 11 | AC20: =AD20+AE20 -> 390 | AD20: =IFERROR( IF($AF$4 = AD$5, ($AF$3 * IF($AF20>0, $AF20, $AF$2)), 0) + IF($AG$4 = AD$5, ($AG$3 * IF($AG20>0, $AG20, $AG$2)), 0) + IF($AH$4 = AD$5, ($AH$3 * IF($AH20>0, $AH20, $AH$2)), 0) + IF($AI$4 = AD$5, ($AI$3 * IF($AI20>0, $AI20, $AI$2)), 0) + IF($AJ$4 = AD$5, ($AJ$3 * IF($AJ20>0, $AJ20, $AJ$2)), 0) + IF($AK$4 = AD$5, ($AK$3 * IF($AK20>0, $AK20, $AK$2)), 0) + IF($AL$4 = AD$5, ($AL$3 * IF($AL20>0, $AL20, $AL$2)), 0) + IF($AM$4 = AD$5, ($AM$3 * IF($AM20>0, $AM20, $AM$2)), 0) + IF($AN$4 = AD$5, ($AN$3 * IF($AN20>0, $AN20, $AN$2)), 0) + IF($AO$4 = AD$5, ($AO$3 * IF($AO20>0, $AO20, $AO$2)), 0) + IF($AP$4 = AD$5, ($AP$3 * IF($AP20>0, $AP20, $AP$2)), 0) + IF($AQ$4 = AD$5, ($AQ$3 * IF($AQ20>0, $AQ20, $AQ$2)), 0) + IF($AR$4 = AD$5, ($AR$3 * IF($AR20>0, $AR20, $AR$2)), 0) + IF($AS$4 = AD$5, ($AS$3 * IF($AS20>0, $AS20, $AS$2)), 0) + IF($AT$4 = AD$5, ($AT$3 * IF($AT20>0, $AT20, $AT$2)), 0) + IF($AU$4 = AD$5, ($AU$3 * IF($AU20>0, $AU20, $AU$2)), 0) + IF($AV$4 = AD$5, ($AV$3 * IF($AV20>0, IF($AV20 > $AV$2, $AV$2, $AV20), $AV$2)), 0), -1) -> 221 | AE20: =IFERROR( IF($AF$4 = AE$5, ($AF$3 * IF($AF20>0, $AF20, $AF$2)), 0) + IF($AG$4 = AE$5, ($AG$3 * IF($AG20>0, $AG20, $AG$2)), 0) + IF($AH$4 = AE$5, ($AH$3 * IF($AH20>0, $AH20, $AH$2)), 0) + IF($AI$4 = AE$5, ($AI$3 * IF($AI20>0, $AI20, $AI$2)), 0) + IF($AJ$4 = AE$5, ($AJ$3 * IF($AJ20>0, $AJ20, $AJ$2)), 0) + IF($AK$4 = AE$5, ($AK$3 * IF($AK20>0, $AK20, $AK$2)), 0) + IF($AL$4 = AE$5, ($AL$3 * IF($AL20>0, $AL20, $AL$2)), 0) + IF($AM$4 = AE$5, ($AM$3 * IF($AM20>0, $AM20, $AM$2)), 0) + IF($AN$4 = AE$5, ($AN$3 * IF($AN20>0, $AN20, $AN$2)), 0) + IF($AO$4 = AE$5, ($AO$3 * IF($AO20>0, $AO20, $AO$2)), 0) + IF($AP$4 = AE$5, ($AP$3 * IF($AP20>0, $AP20, $AP$2)), 0) + IF($AQ$4 = AE$5, ($AQ$3 * IF($AQ20>0, $AQ20, $AQ$2)), 0) + IF($AR$4 = AE$5, ($AR$3 * IF($AR20>0, $AR20, $AR$2)), 0) + IF($AS$4 = AE$5, ($AS$3 * IF($AS20>0, $AS20, $AS$2)), 0) + IF($AT$4 = AE$5, ($AT$3 * IF($AT20>0, $AT20, $AT$2)), 0) + IF($AU$4 = AE$5, ($AU$3 * IF($AU20>0, $AU20, $AU$2)), 0) + IF($AV$4 = AE$5, ($AV$3 * IF($AV20>0, IF($AV20 > $AV$2, $AV$2, $AV20), $AV$2)), 0), -1) -> 169 | AF20: 19 | AG20: 5 | AH20: 15 | AI20: 18 | AJ20: 19 | AK20: 3 | AL20: 13 | AN20: 10 | AO20: 2 | AP20: 18 | AQ20: 4 | AR20: 15 | AS20: 15 | AT20: 4 | AU20: 14 | AV20: 25 | AW20: =IFERROR(INDEX(measureables!$A:$J,MATCH($A20,measureables!$A:$A,FALSE),7), "") -> 7' 2.00'' | AX20: =IFERROR(INDEX(measureables!$A:$J,MATCH($A20,measureables!$A:$A,FALSE),9), "") -> 242.4 | AY20: =IFERROR(INDEX(measureables!$A:$J,MATCH($A20,measureables!$A:$A,FALSE),10), "") -> 7' 6.50'' | AZ20: =IFERROR(INDEX(measureables!$A:$J,MATCH($A20,measureables!$A:$A,FALSE),8), "") -> 9' 9.00'' | BA20: =IF(R20="",A20, IF(S20=S19,"",IF(S20=1," <!-- rankings --> "," </ol> " ) & "<h2> Tier " &S20 &" (~" &IF(MOD(ROUND(Q20,0),5)=0,ROUND(Q20,0),FLOOR(ROUND(Q20,0),5)&"+") &" FV)</h2> <ol start='" &R20 &" '> " ) & " <li><b><a target='_blank' href='" &X20 &"'>" &A20 &"</a></b> - <i> <a target='_blank' href='" &W20 &"'>" &B20 &" </a></b> - <a target='_blank'href='" &V20 &"'>" &C20 &"</a></b> </i></li> <ul style='list-style-type:none'>" &IF(D20<>""," <li>Grade: "&D20&" </li>","") &IF(E20<>""," <li>Age: "&ROUND(E20,1)&" </li>","") &IF(F20<>""," <li>Height: "&F20&" in </li>","") &IF(G20<>""," <li>Weight: "&G20&" lbs </li>","") &IF(H20<>""," <li>Wingspan: "&H20&" in </li>","") &IF(I20<>""," <li>Reach: "&I20&" in </li>","") &IF(J20<>""," <li>Ape: "&J20&" </li>","") &IF(L20<>""," <li>++: "&L20&" </li>","") &IF(M20<>""," <li>+: "&M20&" </li>","") &IF(N20<>""," <li>-: "&N20&" </li>","") &IF(O20<>""," <li>--: "&O20&" </li>","") &IF(P20<>""," <li>Additional Notes: "&P20&" </li>","") &" </ul> <br>" &IF(AND(R20<>"",R21="")," </ol> <!-- # end of rankings --> ","") ) -> <li><b><a target='_blank' href='https://www.nba.com/draft/2022/prospects/mark-williams'>Mark Williams</a></b> - <i> <a target='_blank' href='https://www.nbadraft.net/players/mark-williams'>C </a></b> - <a target='_blank'href='https://www.sports-reference.com/cbb/players/mark-williams-7.html'>Duke</a></b> </i></li> <ul style='list-style-type:none'> <li>Grade: Sophomore </li> <li>Age: 20.5 </li> <li>Height: 86 in </li> <li>Weight: 242.4 lbs </li> <li>Wingspan: 90.5 in </li> <li>Reach: 117 in </li> <li>Ape: +4.5 </li> <li>++: size </li> <li>+: interior finishing, rim protection </li> <li>-: offensive upside </li> <li>Additional Notes: safe bet to be a rotational big for a number of years, but doesn't have true defensive anchor upside, and probably won't be more than a roll man offensively </li> </ul> <br>
A21: Jake LaRavia | B21: PF | C21: Wake Forest | D21: Junior | E21: =YEARFRAC(Y21, $E$5, 1) -> 20.636465 | F21: =IFERROR(LEFT(AW21,FIND("'",AW21)-1)*12+SUBSTITUTE(MID(AW21,FIND("'",AW21)+1,LEN(AW21)),"''",""), "") -> 80 | G21: =AX21 -> 227.2 | H21: =IFERROR(LEFT(AY21,FIND("'",AY21)-1)*12+SUBSTITUTE(MID(AY21,FIND("'",AY21)+1,LEN(AY21)),"''",""), "") -> 81.5 | I21: =IFERROR(LEFT(AZ21,FIND("'",AZ21)-1)*12+SUBSTITUTE(MID(AZ21,FIND("'",AZ21)+1,LEN(AZ21)),"''",""), "") -> 104 | J21: =IFERROR(IF(AND(H21-F21>= 0, H21 > 0), "+", ""),"") & IFERROR(IF(AND(H21-F21>= -5, H21 > 0), H21-F21, ""),"") -> +1.5 | K21: =IF(F21>0, IFERROR((H21-60)/(F21-60),""), "") -> 1.075 | M21: age, size, perimeter defensive versatility, passing | N21: wingspan, shot creation, vertical athleticism, 3rd or 4th option offensively | P21: versatile defender who should be able to do enough secondary things offensively to be a high end role player as a big wing | Q21: 50.5 | R21: =IF(Q21=-1, "", IF(Q21=0,"HM.",IF(Q21="","",RANK(Q21,Q$6:Q$980)))) -> 16 | S21: =IFERROR(IF(FLOOR(Q21,1)=FLOOR(Q20,1),S20, MAX(S$5:S20)+1),1) -> 3 | T21: =IFERROR(INDEX(actual!A:A,MATCH(A21,actual!B:B,FALSE)), "") -> 19 | U21: =IFERROR(INDEX(actual!C:C,MATCH(A21,actual!B:B,FALSE)), "") -> MEM | V21: =HYPERLINK(IF(D21="", "https://www.basketball-reference.com/international", "https://www.sports-reference.com/cbb") & "/players/" & LOWER(SUBSTITUTE(A21, " ", "-") & "-1.html")) -> https://www.sports-reference.com/cbb/players/jake-laravia-1.html | W21: =HYPERLINK("https://www.nbadraft.net/players/" & LOWER(SUBSTITUTE(A21, " ", "-") & "")) -> https://www.nbadraft.net/players/jake-laravia | X21: =HYPERLINK("https://www.nba.com/draft/2022/prospects/" & LOWER(SUBSTITUTE(A21, " ", "-") & "")) -> https://www.nba.com/draft/2022/prospects/jake-laravia | Y21: 37198 | Z21: =RANK(AC21,AC:AC,1) -> 19 | AA21: =RANK(AD21,AD:AD,1) -> 19 | AB21: =RANK(AE21,AE:AE,1) -> 19 | AC21: =AD21+AE21 -> 534 | AD21: =IFERROR( IF($AF$4 = AD$5, ($AF$3 * IF($AF21>0, $AF21, $AF$2)), 0) + IF($AG$4 = AD$5, ($AG$3 * IF($AG21>0, $AG21, $AG$2)), 0) + IF($AH$4 = AD$5, ($AH$3 * IF($AH21>0, $AH21, $AH$2)), 0) + IF($AI$4 = AD$5, ($AI$3 * IF($AI21>0, $AI21, $AI$2)), 0) + IF($AJ$4 = AD$5, ($AJ$3 * IF($AJ21>0, $AJ21, $AJ$2)), 0) + IF($AK$4 = AD$5, ($AK$3 * IF($AK21>0, $AK21, $AK$2)), 0) + IF($AL$4 = AD$5, ($AL$3 * IF($AL21>0, $AL21, $AL$2)), 0) + IF($AM$4 = AD$5, ($AM$3 * IF($AM21>0, $AM21, $AM$2)), 0) + IF($AN$4 = AD$5, ($AN$3 * IF($AN21>0, $AN21, $AN$2)), 0) + IF($AO$4 = AD$5, ($AO$3 * IF($AO21>0, $AO21, $AO$2)), 0) + IF($AP$4 = AD$5, ($AP$3 * IF($AP21>0, $AP21, $AP$2)), 0) + IF($AQ$4 = AD$5, ($AQ$3 * IF($AQ21>0, $AQ21, $AQ$2)), 0) + IF($AR$4 = AD$5, ($AR$3 * IF($AR21>0, $AR21, $AR$2)), 0) + IF($AS$4 = AD$5, ($AS$3 * IF($AS21>0, $AS21, $AS$2)), 0) + IF($AT$4 = AD$5, ($AT$3 * IF($AT21>0, $AT21, $AT$2)), 0) + IF($AU$4 = AD$5, ($AU$3 * IF($AU21>0, $AU21, $AU$2)), 0) + IF($AV$4 = AD$5, ($AV$3 * IF($AV21>0, IF($AV21 > $AV$2, $AV$2, $AV21), $AV$2)), 0), -1) -> 292 | AE21: =IFERROR( IF($AF$4 = AE$5, ($AF$3 * IF($AF21>0, $AF21, $AF$2)), 0) + IF($AG$4 = AE$5, ($AG$3 * IF($AG21>0, $AG21, $AG$2)), 0) + IF($AH$4 = AE$5, ($AH$3 * IF($AH21>0, $AH21, $AH$2)), 0) + IF($AI$4 = AE$5, ($AI$3 * IF($AI21>0, $AI21, $AI$2)), 0) + IF($AJ$4 = AE$5, ($AJ$3 * IF($AJ21>0, $AJ21, $AJ$2)), 0) + IF($AK$4 = AE$5, ($AK$3 * IF($AK21>0, $AK21, $AK$2)), 0) + IF($AL$4 = AE$5, ($AL$3 * IF($AL21>0, $AL21, $AL$2)), 0) + IF($AM$4 = AE$5, ($AM$3 * IF($AM21>0, $AM21, $AM$2)), 0) + IF($AN$4 = AE$5, ($AN$3 * IF($AN21>0, $AN21, $AN$2)), 0) + IF($AO$4 = AE$5, ($AO$3 * IF($AO21>0, $AO21, $AO$2)), 0) + IF($AP$4 = AE$5, ($AP$3 * IF($AP21>0, $AP21, $AP$2)), 0) + IF($AQ$4 = AE$5, ($AQ$3 * IF($AQ21>0, $AQ21, $AQ$2)), 0) + IF($AR$4 = AE$5, ($AR$3 * IF($AR21>0, $AR21, $AR$2)), 0) + IF($AS$4 = AE$5, ($AS$3 * IF($AS21>0, $AS21, $AS$2)), 0) + IF($AT$4 = AE$5, ($AT$3 * IF($AT21>0, $AT21, $AT$2)), 0) + IF($AU$4 = AE$5, ($AU$3 * IF($AU21>0, $AU21, $AU$2)), 0) + IF($AV$4 = AE$5, ($AV$3 * IF($AV21>0, IF($AV21 > $AV$2, $AV$2, $AV21), $AV$2)), 0), -1) -> 242 | AF21: 20 | AG21: 5 | AH21: 22 | AJ21: 16 | AK21: 19 | AL21: 27 | AN21: 15 | AO21: 3 | AP21: 19 | AQ21: 4 | AR21: 30 | AS21: 22 | AT21: 5 | AU21: 28 | AW21: =IFERROR(INDEX(measureables!$A:$J,MATCH($A21,measureables!$A:$A,FALSE),7), "") -> 6' 8.00'' | AX21: =IFERROR(INDEX(measureables!$A:$J,MATCH($A21,measureables!$A:$A,FALSE),9), "") -> 227.2 | AY21: =IFERROR(INDEX(measureables!$A:$J,MATCH($A21,measureables!$A:$A,FALSE),10), "") -> 6' 9.50'' | AZ21: =IFERROR(INDEX(measureables!$A:$J,MATCH($A21,measureables!$A:$A,FALSE),8), "") -> 8' 8.00'' | BA21: =IF(R21="",A21, IF(S21=S20,"",IF(S21=1," <!-- rankings --> "," </ol> " ) & "<h2> Tier " &S21 &" (~" &IF(MOD(ROUND(Q21,0),5)=0,ROUND(Q21,0),FLOOR(ROUND(Q21,0),5)&"+") &" FV)</h2> <ol start='" &R21 &" '> " ) & " <li><b><a target='_blank' href='" &X21 &"'>" &A21 &"</a></b> - <i> <a target='_blank' href='" &W21 &"'>" &B21 &" </a></b> - <a target='_blank'href='" &V21 &"'>" &C21 &"</a></b> </i></li> <ul style='list-style-type:none'>" &IF(D21<>""," <li>Grade: "&D21&" </li>","") &IF(E21<>""," <li>Age: "&ROUND(E21,1)&" </li>","") &IF(F21<>""," <li>Height: "&F21&" in </li>","") &IF(G21<>""," <li>Weight: "&G21&" lbs </li>","") &IF(H21<>""," <li>Wingspan: "&H21&" in </li>","") &IF(I21<>""," <li>Reach: "&I21&" in </li>","") &IF(J21<>""," <li>Ape: "&J21&" </li>","") &IF(L21<>""," <li>++: "&L21&" </li>","") &IF(M21<>""," <li>+: "&M21&" </li>","") &IF(N21<>""," <li>-: "&N21&" </li>","") &IF(O21<>""," <li>--: "&O21&" </li>","") &IF(P21<>""," <li>Additional Notes: "&P21&" </li>","") &" </ul> <br>" &IF(AND(R21<>"",R22="")," </ol> <!-- # end of rankings --> ","") ) -> <li><b><a target='_blank' href='https://www.nba.com/draft/2022/prospects/jake-laravia'>Jake LaRavia</a></b> - <i> <a target='_blank' href='https://www.nbadraft.net/players/jake-laravia'>PF </a></b> - <a target='_blank'href='https://www.sports-reference.com/cbb/players/jake-laravia-1.html'>Wake Forest</a></b> </i></li> <ul style='list-style-type:none'> <li>Grade: Junior </li> <li>Age: 20.6 </li> <li>Height: 80 in </li> <li>Weight: 227.2 lbs </li> <li>Wingspan: 81.5 in </li> <li>Reach: 104 in </li> <li>Ape: +1.5 </li> <li>+: age, size, perimeter defensive versatility, passing </li> <li>-: wingspan, shot creation, vertical athleticism, 3rd or 4th option offensively </li> <li>Additional Notes: versatile defender who should be able to do enough secondary things offensively to be a high end role player as a big wing </li> </ul> <br>
A22: Blake Wesley | B22: SG | C22: Notre Dame | D22: Freshman | E22: =YEARFRAC(Y22, $E$5, 1) -> 19.271732 | F22: =IFERROR(LEFT(AW22,FIND("'",AW22)-1)*12+SUBSTITUTE(MID(AW22,FIND("'",AW22)+1,LEN(AW22)),"''",""), "") -> 76.25 | G22: =AX22 -> 187.2 | H22: =IFERROR(LEFT(AY22,FIND("'",AY22)-1)*12+SUBSTITUTE(MID(AY22,FIND("'",AY22)+1,LEN(AY22)),"''",""), "") -> 81.25 | I22: =IFERROR(LEFT(AZ22,FIND("'",AZ22)-1)*12+SUBSTITUTE(MID(AZ22,FIND("'",AZ22)+1,LEN(AZ22)),"''",""), "") -> 103 | J22: =IFERROR(IF(AND(H22-F22>= 0, H22 > 0), "+", ""),"") & IFERROR(IF(AND(H22-F22>= -5, H22 > 0), H22-F22, ""),"") -> +5 | K22: =IF(F22>0, IFERROR((H22-60)/(F22-60),""), "") -> 1.3076923 | L22: athleticism | M22: perimeter defense, ball handling, scoring | N22: shooting, playmaking, rim finishing | P22: for a player who plays in a score-first fashion, his best skills seem to be defensively where he can use his length and athleticism to generate turnovers and play in transition | Q22: 50.4 | R22: =IF(Q22=-1, "", IF(Q22=0,"HM.",IF(Q22="","",RANK(Q22,Q$6:Q$980)))) -> 17 | S22: =IFERROR(IF(FLOOR(Q22,1)=FLOOR(Q21,1),S21, MAX(S$5:S21)+1),1) -> 3 | T22: =IFERROR(INDEX(actual!A:A,MATCH(A22,actual!B:B,FALSE)), "") -> 25 | U22: =IFERROR(INDEX(actual!C:C,MATCH(A22,actual!B:B,FALSE)), "") -> SAS | V22: =HYPERLINK(IF(D22="", "https://www.basketball-reference.com/international", "https://www.sports-reference.com/cbb") & "/players/" & LOWER(SUBSTITUTE(A22, " ", "-") & "-1.html")) -> https://www.sports-reference.com/cbb/players/blake-wesley-1.html | W22: =HYPERLINK("https://www.nbadraft.net/players/" & LOWER(SUBSTITUTE(A22, " ", "-") & "")) -> https://www.nbadraft.net/players/blake-wesley | X22: =HYPERLINK("https://www.nba.com/draft/2022/prospects/" & LOWER(SUBSTITUTE(A22, " ", "-") & "")) -> https://www.nba.com/draft/2022/prospects/blake-wesley | Y22: 37696 | Z22: =RANK(AC22,AC:AC,1) -> 18 | AA22: =RANK(AD22,AD:AD,1) -> 16 | AB22: =RANK(AE22,AE:AE,1) -> 16 | AC22: =AD22+AE22 -> 504 | AD22: =IFERROR( IF($AF$4 = AD$5, ($AF$3 * IF($AF22>0, $AF22, $AF$2)), 0) + IF($AG$4 = AD$5, ($AG$3 * IF($AG22>0, $AG22, $AG$2)), 0) + IF($AH$4 = AD$5, ($AH$3 * IF($AH22>0, $AH22, $AH$2)), 0) + IF($AI$4 = AD$5, ($AI$3 * IF($AI22>0, $AI22, $AI$2)), 0) + IF($AJ$4 = AD$5, ($AJ$3 * IF($AJ22>0, $AJ22, $AJ$2)), 0) + IF($AK$4 = AD$5, ($AK$3 * IF($AK22>0, $AK22, $AK$2)), 0) + IF($AL$4 = AD$5, ($AL$3 * IF($AL22>0, $AL22, $AL$2)), 0) + IF($AM$4 = AD$5, ($AM$3 * IF($AM22>0, $AM22, $AM$2)), 0) + IF($AN$4 = AD$5, ($AN$3 * IF($AN22>0, $AN22, $AN$2)), 0) + IF($AO$4 = AD$5, ($AO$3 * IF($AO22>0, $AO22, $AO$2)), 0) + IF($AP$4 = AD$5, ($AP$3 * IF($AP22>0, $AP22, $AP$2)), 0) + IF($AQ$4 = AD$5, ($AQ$3 * IF($AQ22>0, $AQ22, $AQ$2)), 0) + IF($AR$4 = AD$5, ($AR$3 * IF($AR22>0, $AR22, $AR$2)), 0) + IF($AS$4 = AD$5, ($AS$3 * IF($AS22>0, $AS22, $AS$2)), 0) + IF($AT$4 = AD$5, ($AT$3 * IF($AT22>0, $AT22, $AT$2)), 0) + IF($AU$4 = AD$5, ($AU$3 * IF($AU22>0, $AU22, $AU$2)), 0) + IF($AV$4 = AD$5, ($AV$3 * IF($AV22>0, IF($AV22 > $AV$2, $AV$2, $AV22), $AV$2)), 0), -1) -> 273 | AE22: =IFERROR( IF($AF$4 = AE$5, ($AF$3 * IF($AF22>0, $AF22, $AF$2)), 0) + IF($AG$4 = AE$5, ($AG$3 * IF($AG22>0, $AG22, $AG$2)), 0) + IF($AH$4 = AE$5, ($AH$3 * IF($AH22>0, $AH22, $AH$2)), 0) + IF($AI$4 = AE$5, ($AI$3 * IF($AI22>0, $AI22, $AI$2)), 0) + IF($AJ$4 = AE$5, ($AJ$3 * IF($AJ22>0, $AJ22, $AJ$2)), 0) + IF($AK$4 = AE$5, ($AK$3 * IF($AK22>0, $AK22, $AK$2)), 0) + IF($AL$4 = AE$5, ($AL$3 * IF($AL22>0, $AL22, $AL$2)), 0) + IF($AM$4 = AE$5, ($AM$3 * IF($AM22>0, $AM22, $AM$2)), 0) + IF($AN$4 = AE$5, ($AN$3 * IF($AN22>0, $AN22, $AN$2)), 0) + IF($AO$4 = AE$5, ($AO$3 * IF($AO22>0, $AO22, $AO$2)), 0) + IF($AP$4 = AE$5, ($AP$3 * IF($AP22>0, $AP22, $AP$2)), 0) + IF($AQ$4 = AE$5, ($AQ$3 * IF($AQ22>0, $AQ22, $AQ$2)), 0) + IF($AR$4 = AE$5, ($AR$3 * IF($AR22>0, $AR22, $AR$2)), 0) + IF($AS$4 = AE$5, ($AS$3 * IF($AS22>0, $AS22, $AS$2)), 0) + IF($AT$4 = AE$5, ($AT$3 * IF($AT22>0, $AT22, $AT$2)), 0) + IF($AU$4 = AE$5, ($AU$3 * IF($AU22>0, $AU22, $AU$2)), 0) + IF($AV$4 = AE$5, ($AV$3 * IF($AV22>0, IF($AV22 > $AV$2, $AV$2, $AV22), $AV$2)), 0), -1) -> 231 | AF22: 11 | AG22: 4 | AH22: 26 | AI22: 22 | AJ22: 8 | AK22: 29 | AL22: 30 | AN22: 26 | AO22: 3 | AP22: 17 | AQ22: 4 | AR22: 21 | AS22: 25 | AT22: 5 | AU22: 27 | AW22: =IFERROR(INDEX(measureables!$A:$J,MATCH($A22,measureables!$A:$A,FALSE),7), "") -> 6' 4.25'' | AX22: =IFERROR(INDEX(measureables!$A:$J,MATCH($A22,measureables!$A:$A,FALSE),9), "") -> 187.2 | AY22: =IFERROR(INDEX(measureables!$A:$J,MATCH($A22,measureables!$A:$A,FALSE),10), "") -> 6' 9.25'' | AZ22: =IFERROR(INDEX(measureables!$A:$J,MATCH($A22,measureables!$A:$A,FALSE),8), "") -> 8' 7.00'' | BA22: =IF(R22="",A22, IF(S22=S21,"",IF(S22=1," <!-- rankings --> "," </ol> " ) & "<h2> Tier " &S22 &" (~" &IF(MOD(ROUND(Q22,0),5)=0,ROUND(Q22,0),FLOOR(ROUND(Q22,0),5)&"+") &" FV)</h2> <ol start='" &R22 &" '> " ) & " <li><b><a target='_blank' href='" &X22 &"'>" &A22 &"</a></b> - <i> <a target='_blank' href='" &W22 &"'>" &B22 &" </a></b> - <a target='_blank'href='" &V22 &"'>" &C22 &"</a></b> </i></li> <ul style='list-style-type:none'>" &IF(D22<>""," <li>Grade: "&D22&" </li>","") &IF(E22<>""," <li>Age: "&ROUND(E22,1)&" </li>","") &IF(F22<>""," <li>Height: "&F22&" in </li>","") &IF(G22<>""," <li>Weight: "&G22&" lbs </li>","") &IF(H22<>""," <li>Wingspan: "&H22&" in </li>","") &IF(I22<>""," <li>Reach: "&I22&" in </li>","") &IF(J22<>""," <li>Ape: "&J22&" </li>","") &IF(L22<>""," <li>++: "&L22&" </li>","") &IF(M22<>""," <li>+: "&M22&" </li>","") &IF(N22<>""," <li>-: "&N22&" </li>","") &IF(O22<>""," <li>--: "&O22&" </li>","") &IF(P22<>""," <li>Additional Notes: "&P22&" </li>","") &" </ul> <br>" &IF(AND(R22<>"",R23="")," </ol> <!-- # end of rankings --> ","") ) -> <li><b><a target='_blank' href='https://www.nba.com/draft/2022/prospects/blake-wesley'>Blake Wesley</a></b> - <i> <a target='_blank' href='https://www.nbadraft.net/players/blake-wesley'>SG </a></b> - <a target='_blank'href='https://www.sports-reference.com/cbb/players/blake-wesley-1.html'>Notre Dame</a></b> </i></li> <ul style='list-style-type:none'> <li>Grade: Freshman </li> <li>Age: 19.3 </li> <li>Height: 76.25 in </li> <li>Weight: 187.2 lbs </li> <li>Wingspan: 81.25 in </li> <li>Reach: 103 in </li> <li>Ape: +5 </li> <li>++: athleticism </li> <li>+: perimeter defense, ball handling, scoring </li> <li>-: shooting, playmaking, rim finishing </li> <li>Additional Notes: for a player who plays in a score-first fashion, his best skills seem to be defensively where he can use his length and athleticism to generate turnovers and play in transition </li> </ul> <br>
A23: Trevor Keels | B23: SG | C23: Duke | D23: Freshman | E23: =YEARFRAC(Y23, $E$5, 1) -> 18.825462 | F23: =IFERROR(LEFT(AW23,FIND("'",AW23)-1)*12+SUBSTITUTE(MID(AW23,FIND("'",AW23)+1,LEN(AW23)),"''",""), "") -> 76.75 | G23: =AX23 -> 223.8 | H23: =IFERROR(LEFT(AY23,FIND("'",AY23)-1)*12+SUBSTITUTE(MID(AY23,FIND("'",AY23)+1,LEN(AY23)),"''",""), "") -> 79.25 | I23: =IFERROR(LEFT(AZ23,FIND("'",AZ23)-1)*12+SUBSTITUTE(MID(AZ23,FIND("'",AZ23)+1,LEN(AZ23)),"''",""), "") -> 101 | J23: =IFERROR(IF(AND(H23-F23>= 0, H23 > 0), "+", ""),"") & IFERROR(IF(AND(H23-F23>= -5, H23 > 0), H23-F23, ""),"") -> +2.5 | K23: =IF(F23>0, IFERROR((H23-60)/(F23-60),""), "") -> 1.1492537 | L23: age | M23: strength, production | O23: athleticism | P23: producing net positive results as a young freshman against strong major NCAA competition is a great start, but question marks arise when his limited athleticism is put to the test even more by bigger and faster NBA players. A strong strength program could do wonders | Q23: 50.3 | R23: =IF(Q23=-1, "", IF(Q23=0,"HM.",IF(Q23="","",RANK(Q23,Q$6:Q$980)))) -> 18 | S23: =IFERROR(IF(FLOOR(Q23,1)=FLOOR(Q22,1),S22, MAX(S$5:S22)+1),1) -> 3 | T23: =IFERROR(INDEX(actual!A:A,MATCH(A23,actual!B:B,FALSE)), "") -> 42 | U23: =IFERROR(INDEX(actual!C:C,MATCH(A23,actual!B:B,FALSE)), "") -> NYK | V23: =HYPERLINK(IF(D23="", "https://www.basketball-reference.com/international", "https://www.sports-reference.com/cbb") & "/players/" & LOWER(SUBSTITUTE(A23, " ", "-") & "-1.html")) -> https://www.sports-reference.com/cbb/players/trevor-keels-1.html | W23: =HYPERLINK("https://www.nbadraft.net/players/" & LOWER(SUBSTITUTE(A23, " ", "-") & "")) -> https://www.nbadraft.net/players/trevor-keels | X23: =HYPERLINK("https://www.nba.com/draft/2022/prospects/" & LOWER(SUBSTITUTE(A23, " ", "-") & "")) -> https://www.nba.com/draft/2022/prospects/trevor-keels | Y23: 37859 | Z23: =RANK(AC23,AC:AC,1) -> 21 | AA23: =RANK(AD23,AD:AD,1) -> 26 | AB23: =RANK(AE23,AE:AE,1) -> 22 | AC23: =AD23+AE23 -> 609 | AD23: =IFERROR( IF($AF$4 = AD$5, ($AF$3 * IF($AF23>0, $AF23, $AF$2)), 0) + IF($AG$4 = AD$5, ($AG$3 * IF($AG23>0, $AG23, $AG$2)), 0) + IF($AH$4 = AD$5, ($AH$3 * IF($AH23>0, $AH23, $AH$2)), 0) + IF($AI$4 = AD$5, ($AI$3 * IF($AI23>0, $AI23, $AI$2)), 0) + IF($AJ$4 = AD$5, ($AJ$3 * IF($AJ23>0, $AJ23, $AJ$2)), 0) + IF($AK$4 = AD$5, ($AK$3 * IF($AK23>0, $AK23, $AK$2)), 0) + IF($AL$4 = AD$5, ($AL$3 * IF($AL23>0, $AL23, $AL$2)), 0) + IF($AM$4 = AD$5, ($AM$3 * IF($AM23>0, $AM23, $AM$2)), 0) + IF($AN$4 = AD$5, ($AN$3 * IF($AN23>0, $AN23, $AN$2)), 0) + IF($AO$4 = AD$5, ($AO$3 * IF($AO23>0, $AO23, $AO$2)), 0) + IF($AP$4 = AD$5, ($AP$3 * IF($AP23>0, $AP23, $AP$2)), 0) + IF($AQ$4 = AD$5, ($AQ$3 * IF($AQ23>0, $AQ23, $AQ$2)), 0) + IF($AR$4 = AD$5, ($AR$3 * IF($AR23>0, $AR23, $AR$2)), 0) + IF($AS$4 = AD$5, ($AS$3 * IF($AS23>0, $AS23, $AS$2)), 0) + IF($AT$4 = AD$5, ($AT$3 * IF($AT23>0, $AT23, $AT$2)), 0) + IF($AU$4 = AD$5, ($AU$3 * IF($AU23>0, $AU23, $AU$2)), 0) + IF($AV$4 = AD$5, ($AV$3 * IF($AV23>0, IF($AV23 > $AV$2, $AV$2, $AV23), $AV$2)), 0), -1) -> 349 | AE23: =IFERROR( IF($AF$4 = AE$5, ($AF$3 * IF($AF23>0, $AF23, $AF$2)), 0) + IF($AG$4 = AE$5, ($AG$3 * IF($AG23>0, $AG23, $AG$2)), 0) + IF($AH$4 = AE$5, ($AH$3 * IF($AH23>0, $AH23, $AH$2)), 0) + IF($AI$4 = AE$5, ($AI$3 * IF($AI23>0, $AI23, $AI$2)), 0) + IF($AJ$4 = AE$5, ($AJ$3 * IF($AJ23>0, $AJ23, $AJ$2)), 0) + IF($AK$4 = AE$5, ($AK$3 * IF($AK23>0, $AK23, $AK$2)), 0) + IF($AL$4 = AE$5, ($AL$3 * IF($AL23>0, $AL23, $AL$2)), 0) + IF($AM$4 = AE$5, ($AM$3 * IF($AM23>0, $AM23, $AM$2)), 0) + IF($AN$4 = AE$5, ($AN$3 * IF($AN23>0, $AN23, $AN$2)), 0) + IF($AO$4 = AE$5, ($AO$3 * IF($AO23>0, $AO23, $AO$2)), 0) + IF($AP$4 = AE$5, ($AP$3 * IF($AP23>0, $AP23, $AP$2)), 0) + IF($AQ$4 = AE$5, ($AQ$3 * IF($AQ23>0, $AQ23, $AQ$2)), 0) + IF($AR$4 = AE$5, ($AR$3 * IF($AR23>0, $AR23, $AR$2)), 0) + IF($AS$4 = AE$5, ($AS$3 * IF($AS23>0, $AS23, $AS$2)), 0) + IF($AT$4 = AE$5, ($AT$3 * IF($AT23>0, $AT23, $AT$2)), 0) + IF($AU$4 = AE$5, ($AU$3 * IF($AU23>0, $AU23, $AU$2)), 0) + IF($AV$4 = AE$5, ($AV$3 * IF($AV23>0, IF($AV23 > $AV$2, $AV$2, $AV23), $AV$2)), 0), -1) -> 260 | AF23: 30 | AG23: 8 | AH23: 21 | AI23: 19 | AJ23: 24 | AK23: 26 | AN23: 13 | AO23: 3 | AP23: 28 | AQ23: 4 | AR23: 31 | AS23: 37 | AT23: 5 | AU23: 31 | AV23: 19 | AW23: =IFERROR(INDEX(measureables!$A:$J,MATCH($A23,measureables!$A:$A,FALSE),7), "") -> 6' 4.75'' | AX23: =IFERROR(INDEX(measureables!$A:$J,MATCH($A23,measureables!$A:$A,FALSE),9), "") -> 223.8 | AY23: =IFERROR(INDEX(measureables!$A:$J,MATCH($A23,measureables!$A:$A,FALSE),10), "") -> 6' 7.25'' | AZ23: =IFERROR(INDEX(measureables!$A:$J,MATCH($A23,measureables!$A:$A,FALSE),8), "") -> 8' 5.00'' | BA23: =IF(R23="",A23, IF(S23=S22,"",IF(S23=1," <!-- rankings --> "," </ol> " ) & "<h2> Tier " &S23 &" (~" &IF(MOD(ROUND(Q23,0),5)=0,ROUND(Q23,0),FLOOR(ROUND(Q23,0),5)&"+") &" FV)</h2> <ol start='" &R23 &" '> " ) & " <li><b><a target='_blank' href='" &X23 &"'>" &A23 &"</a></b> - <i> <a target='_blank' href='" &W23 &"'>" &B23 &" </a></b> - <a target='_blank'href='" &V23 &"'>" &C23 &"</a></b> </i></li> <ul style='list-style-type:none'>" &IF(D23<>""," <li>Grade: "&D23&" </li>","") &IF(E23<>""," <li>Age: "&ROUND(E23,1)&" </li>","") &IF(F23<>""," <li>Height: "&F23&" in </li>","") &IF(G23<>""," <li>Weight: "&G23&" lbs </li>","") &IF(H23<>""," <li>Wingspan: "&H23&" in </li>","") &IF(I23<>""," <li>Reach: "&I23&" in </li>","") &IF(J23<>""," <li>Ape: "&J23&" </li>","") &IF(L23<>""," <li>++: "&L23&" </li>","") &IF(M23<>""," <li>+: "&M23&" </li>","") &IF(N23<>""," <li>-: "&N23&" </li>","") &IF(O23<>""," <li>--: "&O23&" </li>","") &IF(P23<>""," <li>Additional Notes: "&P23&" </li>","") &" </ul> <br>" &IF(AND(R23<>"",R24="")," </ol> <!-- # end of rankings --> ","") ) -> <li><b><a target='_blank' href='https://www.nba.com/draft/2022/prospects/trevor-keels'>Trevor Keels</a></b> - <i> <a target='_blank' href='https://www.nbadraft.net/players/trevor-keels'>SG </a></b> - <a target='_blank'href='https://www.sports-reference.com/cbb/players/trevor-keels-1.html'>Duke</a></b> </i></li> <ul style='list-style-type:none'> <li>Grade: Freshman </li> <li>Age: 18.8 </li> <li>Height: 76.75 in </li> <li>Weight: 223.8 lbs </li> <li>Wingspan: 79.25 in </li> <li>Reach: 101 in </li> <li>Ape: +2.5 </li> <li>++: age </li> <li>+: strength, production </li> <li>--: athleticism </li> <li>Additional Notes: producing net positive results as a young freshman against strong major NCAA competition is a great start, but question marks arise when his limited athleticism is put to the test even more by bigger and faster NBA players. A strong strength program could do wonders </li> </ul> <br>
A24: TyTy Washington | B24: SG | C24: Kentucky | D24: Freshman | E24: =YEARFRAC(Y24, $E$5, 1) -> 20.603609 | F24: =IFERROR(LEFT(AW24,FIND("'",AW24)-1)*12+SUBSTITUTE(MID(AW24,FIND("'",AW24)+1,LEN(AW24)),"''",""), "") -> 75.75 | G24: =AX24 -> 196.4 | H24: =IFERROR(LEFT(AY24,FIND("'",AY24)-1)*12+SUBSTITUTE(MID(AY24,FIND("'",AY24)+1,LEN(AY24)),"''",""), "") -> 80 | I24: =IFERROR(LEFT(AZ24,FIND("'",AZ24)-1)*12+SUBSTITUTE(MID(AZ24,FIND("'",AZ24)+1,LEN(AZ24)),"''",""), "") -> 99.5 | J24: =IFERROR(IF(AND(H24-F24>= 0, H24 > 0), "+", ""),"") & IFERROR(IF(AND(H24-F24>= -5, H24 > 0), H24-F24, ""),"") -> +4.25 | K24: =IF(F24>0, IFERROR((H24-60)/(F24-60),""), "") -> 1.2698413 | M24: length | N24: athleticism | O24: age | P24: currently profiles more as a 3rd guard, but his PG skills keep upside plays in tact given his length and scoring efficiency | Q24: 50.2 | R24: =IF(Q24=-1, "", IF(Q24=0,"HM.",IF(Q24="","",RANK(Q24,Q$6:Q$980)))) -> 19 | S24: =IFERROR(IF(FLOOR(Q24,1)=FLOOR(Q23,1),S23, MAX(S$5:S23)+1),1) -> 3 | T24: =IFERROR(INDEX(actual!A:A,MATCH(A24,actual!B:B,FALSE)), "") -> 29 | U24: =IFERROR(INDEX(actual!C:C,MATCH(A24,actual!B:B,FALSE)), "") -> HOU | V24: https://www.sports-reference.com/cbb/players/tyty-washingtonjr-1.html | W24: =HYPERLINK("https://www.nbadraft.net/players/" & LOWER(SUBSTITUTE(A24, " ", "-") & "")) -> https://www.nbadraft.net/players/tyty-washington | X24: =HYPERLINK("https://www.nba.com/draft/2022/prospects/" & LOWER(SUBSTITUTE(A24, " ", "-") & "")) -> https://www.nba.com/draft/2022/prospects/tyty-washington | Y24: 37210 | Z24: =RANK(AC24,AC:AC,1) -> 20 | AA24: =RANK(AD24,AD:AD,1) -> 14 | AB24: =RANK(AE24,AE:AE,1) -> 26 | AC24: =AD24+AE24 -> 567 | AD24: =IFERROR( IF($AF$4 = AD$5, ($AF$3 * IF($AF24>0, $AF24, $AF$2)), 0) + IF($AG$4 = AD$5, ($AG$3 * IF($AG24>0, $AG24, $AG$2)), 0) + IF($AH$4 = AD$5, ($AH$3 * IF($AH24>0, $AH24, $AH$2)), 0) + IF($AI$4 = AD$5, ($AI$3 * IF($AI24>0, $AI24, $AI$2)), 0) + IF($AJ$4 = AD$5, ($AJ$3 * IF($AJ24>0, $AJ24, $AJ$2)), 0) + IF($AK$4 = AD$5, ($AK$3 * IF($AK24>0, $AK24, $AK$2)), 0) + IF($AL$4 = AD$5, ($AL$3 * IF($AL24>0, $AL24, $AL$2)), 0) + IF($AM$4 = AD$5, ($AM$3 * IF($AM24>0, $AM24, $AM$2)), 0) + IF($AN$4 = AD$5, ($AN$3 * IF($AN24>0, $AN24, $AN$2)), 0) + IF($AO$4 = AD$5, ($AO$3 * IF($AO24>0, $AO24, $AO$2)), 0) + IF($AP$4 = AD$5, ($AP$3 * IF($AP24>0, $AP24, $AP$2)), 0) + IF($AQ$4 = AD$5, ($AQ$3 * IF($AQ24>0, $AQ24, $AQ$2)), 0) + IF($AR$4 = AD$5, ($AR$3 * IF($AR24>0, $AR24, $AR$2)), 0) + IF($AS$4 = AD$5, ($AS$3 * IF($AS24>0, $AS24, $AS$2)), 0) + IF($AT$4 = AD$5, ($AT$3 * IF($AT24>0, $AT24, $AT$2)), 0) + IF($AU$4 = AD$5, ($AU$3 * IF($AU24>0, $AU24, $AU$2)), 0) + IF($AV$4 = AD$5, ($AV$3 * IF($AV24>0, IF($AV24 > $AV$2, $AV$2, $AV24), $AV$2)), 0), -1) -> 237 | AE24: =IFERROR( IF($AF$4 = AE$5, ($AF$3 * IF($AF24>0, $AF24, $AF$2)), 0) + IF($AG$4 = AE$5, ($AG$3 * IF($AG24>0, $AG24, $AG$2)), 0) + IF($AH$4 = AE$5, ($AH$3 * IF($AH24>0, $AH24, $AH$2)), 0) + IF($AI$4 = AE$5, ($AI$3 * IF($AI24>0, $AI24, $AI$2)), 0) + IF($AJ$4 = AE$5, ($AJ$3 * IF($AJ24>0, $AJ24, $AJ$2)), 0) + IF($AK$4 = AE$5, ($AK$3 * IF($AK24>0, $AK24, $AK$2)), 0) + IF($AL$4 = AE$5, ($AL$3 * IF($AL24>0, $AL24, $AL$2)), 0) + IF($AM$4 = AE$5, ($AM$3 * IF($AM24>0, $AM24, $AM$2)), 0) + IF($AN$4 = AE$5, ($AN$3 * IF($AN24>0, $AN24, $AN$2)), 0) + IF($AO$4 = AE$5, ($AO$3 * IF($AO24>0, $AO24, $AO$2)), 0) + IF($AP$4 = AE$5, ($AP$3 * IF($AP24>0, $AP24, $AP$2)), 0) + IF($AQ$4 = AE$5, ($AQ$3 * IF($AQ24>0, $AQ24, $AQ$2)), 0) + IF($AR$4 = AE$5, ($AR$3 * IF($AR24>0, $AR24, $AR$2)), 0) + IF($AS$4 = AE$5, ($AS$3 * IF($AS24>0, $AS24, $AS$2)), 0) + IF($AT$4 = AE$5, ($AT$3 * IF($AT24>0, $AT24, $AT$2)), 0) + IF($AU$4 = AE$5, ($AU$3 * IF($AU24>0, $AU24, $AU$2)), 0) + IF($AV$4 = AE$5, ($AV$3 * IF($AV24>0, IF($AV24 > $AV$2, $AV$2, $AV24), $AV$2)), 0), -1) -> 330 | AF24: 14 | AG24: 5 | AH24: 36 | AI24: 28 | AJ24: 25 | AK24: 30 | AL24: 25 | AN24: 20 | AO24: 3 | AP24: 16 | AQ24: 4 | AR24: 22 | AS24: 14 | AT24: 4 | AU24: 18 | AV24: 14 | AW24: =IFERROR(INDEX(measureables!$A:$J,MATCH($A24,measureables!$A:$A,FALSE),7), "") -> 6' 3.75'' | AX24: =IFERROR(INDEX(measureables!$A:$J,MATCH($A24,measureables!$A:$A,FALSE),9), "") -> 196.4 | AY24: =IFERROR(INDEX(measureables!$A:$J,MATCH($A24,measureables!$A:$A,FALSE),10), "") -> 6' 8.00'' | AZ24: =IFERROR(INDEX(measureables!$A:$J,MATCH($A24,measureables!$A:$A,FALSE),8), "") -> 8' 3.50'' | BA24: =IF(R24="",A24, IF(S24=S23,"",IF(S24=1," <!-- rankings --> "," </ol> " ) & "<h2> Tier " &S24 &" (~" &IF(MOD(ROUND(Q24,0),5)=0,ROUND(Q24,0),FLOOR(ROUND(Q24,0),5)&"+") &" FV)</h2> <ol start='" &R24 &" '> " ) & " <li><b><a target='_blank' href='" &X24 &"'>" &A24 &"</a></b> - <i> <a target='_blank' href='" &W24 &"'>" &B24 &" </a></b> - <a target='_blank'href='" &V24 &"'>" &C24 &"</a></b> </i></li> <ul style='list-style-type:none'>" &IF(D24<>""," <li>Grade: "&D24&" </li>","") &IF(E24<>""," <li>Age: "&ROUND(E24,1)&" </li>","") &IF(F24<>""," <li>Height: "&F24&" in </li>","") &IF(G24<>""," <li>Weight: "&G24&" lbs </li>","") &IF(H24<>""," <li>Wingspan: "&H24&" in </li>","") &IF(I24<>""," <li>Reach: "&I24&" in </li>","") &IF(J24<>""," <li>Ape: "&J24&" </li>","") &IF(L24<>""," <li>++: "&L24&" </li>","") &IF(M24<>""," <li>+: "&M24&" </li>","") &IF(N24<>""," <li>-: "&N24&" </li>","") &IF(O24<>""," <li>--: "&O24&" </li>","") &IF(P24<>""," <li>Additional Notes: "&P24&" </li>","") &" </ul> <br>" &IF(AND(R24<>"",R25="")," </ol> <!-- # end of rankings --> ","") ) -> <li><b><a target='_blank' href='https://www.nba.com/draft/2022/prospects/tyty-washington'>TyTy Washington</a></b> - <i> <a target='_blank' href='https://www.nbadraft.net/players/tyty-washington'>SG </a></b> - <a target='_blank'href='https://www.sports-reference.com/cbb/players/tyty-washingtonjr-1.html'>Kentucky</a></b> </i></li> <ul style='list-style-type:none'> <li>Grade: Freshman </li> <li>Age: 20.6 </li> <li>Height: 75.75 in </li> <li>Weight: 196.4 lbs </li> <li>Wingspan: 80 in </li> <li>Reach: 99.5 in </li> <li>Ape: +4.25 </li> <li>+: length </li> <li>-: athleticism </li> <li>--: age </li> <li>Additional Notes: currently profiles more as a 3rd guard, but his PG skills keep upside plays in tact given his length and scoring efficiency </li> </ul> <br>
A25: Christian Koloko | B25: C | C25: Arizona | D25: Junior | E25: =YEARFRAC(Y25, $E$5, 1) -> 22.00619 | F25: =IFERROR(LEFT(AW25,FIND("'",AW25)-1)*12+SUBSTITUTE(MID(AW25,FIND("'",AW25)+1,LEN(AW25)),"''",""), "") -> 84 | G25: =AX25 -> 221 | H25: =IFERROR(LEFT(AY25,FIND("'",AY25)-1)*12+SUBSTITUTE(MID(AY25,FIND("'",AY25)+1,LEN(AY25)),"''",""), "") -> 89.25 | I25: =IFERROR(LEFT(AZ25,FIND("'",AZ25)-1)*12+SUBSTITUTE(MID(AZ25,FIND("'",AZ25)+1,LEN(AZ25)),"''",""), "") -> 113 | J25: =IFERROR(IF(AND(H25-F25>= 0, H25 > 0), "+", ""),"") & IFERROR(IF(AND(H25-F25>= -5, H25 > 0), H25-F25, ""),"") -> +5.25 | K25: =IF(F25>0, IFERROR((H25-60)/(F25-60),""), "") -> 1.21875 | L25: size | M25: rim protection, athleticism, shooting/passing potential | N25: age, strength, rawness | Q25: 47.9 | R25: =IF(Q25=-1, "", IF(Q25=0,"HM.",IF(Q25="","",RANK(Q25,Q$6:Q$980)))) -> 20 | S25: =IFERROR(IF(FLOOR(Q25,1)=FLOOR(Q24,1),S24, MAX(S$5:S24)+1),1) -> 4 | T25: =IFERROR(INDEX(actual!A:A,MATCH(A25,actual!B:B,FALSE)), "") -> 33 | U25: =IFERROR(INDEX(actual!C:C,MATCH(A25,actual!B:B,FALSE)), "") -> TOR | V25: =HYPERLINK(IF(D25="", "https://www.basketball-reference.com/international", "https://www.sports-reference.com/cbb") & "/players/" & LOWER(SUBSTITUTE(A25, " ", "-") & "-1.html")) -> https://www.sports-reference.com/cbb/players/christian-koloko-1.html | W25: =HYPERLINK("https://www.nbadraft.net/players/" & LOWER(SUBSTITUTE(A25, " ", "-") & "")) -> https://www.nbadraft.net/players/christian-koloko | X25: =HYPERLINK("https://www.nba.com/draft/2022/prospects/" & LOWER(SUBSTITUTE(A25, " ", "-") & "")) -> https://www.nba.com/draft/2022/prospects/christian-koloko | Y25: 36697 | Z25: =RANK(AC25,AC:AC,1) -> 35 | AA25: =RANK(AD25,AD:AD,1) -> 33 | AB25: =RANK(AE25,AE:AE,1) -> 41 | AC25: =AD25+AE25 -> 814 | AD25: =IFERROR( IF($AF$4 = AD$5, ($AF$3 * IF($AF25>0, $AF25, $AF$2)), 0) + IF($AG$4 = AD$5, ($AG$3 * IF($AG25>0, $AG25, $AG$2)), 0) + IF($AH$4 = AD$5, ($AH$3 * IF($AH25>0, $AH25, $AH$2)), 0) + IF($AI$4 = AD$5, ($AI$3 * IF($AI25>0, $AI25, $AI$2)), 0) + IF($AJ$4 = AD$5, ($AJ$3 * IF($AJ25>0, $AJ25, $AJ$2)), 0) + IF($AK$4 = AD$5, ($AK$3 * IF($AK25>0, $AK25, $AK$2)), 0) + IF($AL$4 = AD$5, ($AL$3 * IF($AL25>0, $AL25, $AL$2)), 0) + IF($AM$4 = AD$5, ($AM$3 * IF($AM25>0, $AM25, $AM$2)), 0) + IF($AN$4 = AD$5, ($AN$3 * IF($AN25>0, $AN25, $AN$2)), 0) + IF($AO$4 = AD$5, ($AO$3 * IF($AO25>0, $AO25, $AO$2)), 0) + IF($AP$4 = AD$5, ($AP$3 * IF($AP25>0, $AP25, $AP$2)), 0) + IF($AQ$4 = AD$5, ($AQ$3 * IF($AQ25>0, $AQ25, $AQ$2)), 0) + IF($AR$4 = AD$5, ($AR$3 * IF($AR25>0, $AR25, $AR$2)), 0) + IF($AS$4 = AD$5, ($AS$3 * IF($AS25>0, $AS25, $AS$2)), 0) + IF($AT$4 = AD$5, ($AT$3 * IF($AT25>0, $AT25, $AT$2)), 0) + IF($AU$4 = AD$5, ($AU$3 * IF($AU25>0, $AU25, $AU$2)), 0) + IF($AV$4 = AD$5, ($AV$3 * IF($AV25>0, IF($AV25 > $AV$2, $AV$2, $AV25), $AV$2)), 0), -1) -> 413 | AE25: =IFERROR( IF($AF$4 = AE$5, ($AF$3 * IF($AF25>0, $AF25, $AF$2)), 0) + IF($AG$4 = AE$5, ($AG$3 * IF($AG25>0, $AG25, $AG$2)), 0) + IF($AH$4 = AE$5, ($AH$3 * IF($AH25>0, $AH25, $AH$2)), 0) + IF($AI$4 = AE$5, ($AI$3 * IF($AI25>0, $AI25, $AI$2)), 0) + IF($AJ$4 = AE$5, ($AJ$3 * IF($AJ25>0, $AJ25, $AJ$2)), 0) + IF($AK$4 = AE$5, ($AK$3 * IF($AK25>0, $AK25, $AK$2)), 0) + IF($AL$4 = AE$5, ($AL$3 * IF($AL25>0, $AL25, $AL$2)), 0) + IF($AM$4 = AE$5, ($AM$3 * IF($AM25>0, $AM25, $AM$2)), 0) + IF($AN$4 = AE$5, ($AN$3 * IF($AN25>0, $AN25, $AN$2)), 0) + IF($AO$4 = AE$5, ($AO$3 * IF($AO25>0, $AO25, $AO$2)), 0) + IF($AP$4 = AE$5, ($AP$3 * IF($AP25>0, $AP25, $AP$2)), 0) + IF($AQ$4 = AE$5, ($AQ$3 * IF($AQ25>0, $AQ25, $AQ$2)), 0) + IF($AR$4 = AE$5, ($AR$3 * IF($AR25>0, $AR25, $AR$2)), 0) + IF($AS$4 = AE$5, ($AS$3 * IF($AS25>0, $AS25, $AS$2)), 0) + IF($AT$4 = AE$5, ($AT$3 * IF($AT25>0, $AT25, $AT$2)), 0) + IF($AU$4 = AE$5, ($AU$3 * IF($AU25>0, $AU25, $AU$2)), 0) + IF($AV$4 = AE$5, ($AV$3 * IF($AV25>0, IF($AV25 > $AV$2, $AV$2, $AV25), $AV$2)), 0), -1) -> 401 | AF25: 51 | AG25: 11 | AJ25: 27 | AK25: 20 | AN25: 17 | AO25: 3 | AP25: 22 | AQ25: 4 | AR25: 25 | AS25: 48 | AT25: 5 | AU25: 43 | AW25: =IFERROR(INDEX(measureables!$A:$J,MATCH($A25,measureables!$A:$A,FALSE),7), "") -> 7' 0.00'' | AX25: =IFERROR(INDEX(measureables!$A:$J,MATCH($A25,measureables!$A:$A,FALSE),9), "") -> 221 | AY25: =IFERROR(INDEX(measureables!$A:$J,MATCH($A25,measureables!$A:$A,FALSE),10), "") -> 7' 5.25'' | AZ25: =IFERROR(INDEX(measureables!$A:$J,MATCH($A25,measureables!$A:$A,FALSE),8), "") -> 9' 5.00'' | BA25: =IF(R25="",A25, IF(S25=S24,"",IF(S25=1," <!-- rankings --> "," </ol> " ) & "<h2> Tier " &S25 &" (~" &IF(MOD(ROUND(Q25,0),5)=0,ROUND(Q25,0),FLOOR(ROUND(Q25,0),5)&"+") &" FV)</h2> <ol start='" &R25 &" '> " ) & " <li><b><a target='_blank' href='" &X25 &"'>" &A25 &"</a></b> - <i> <a target='_blank' href='" &W25 &"'>" &B25 &" </a></b> - <a target='_blank'href='" &V25 &"'>" &C25 &"</a></b> </i></li> <ul style='list-style-type:none'>" &IF(D25<>""," <li>Grade: "&D25&" </li>","") &IF(E25<>""," <li>Age: "&ROUND(E25,1)&" </li>","") &IF(F25<>""," <li>Height: "&F25&" in </li>","") &IF(G25<>""," <li>Weight: "&G25&" lbs </li>","") &IF(H25<>""," <li>Wingspan: "&H25&" in </li>","") &IF(I25<>""," <li>Reach: "&I25&" in </li>","") &IF(J25<>""," <li>Ape: "&J25&" </li>","") &IF(L25<>""," <li>++: "&L25&" </li>","") &IF(M25<>""," <li>+: "&M25&" </li>","") &IF(N25<>""," <li>-: "&N25&" </li>","") &IF(O25<>""," <li>--: "&O25&" </li>","") &IF(P25<>""," <li>Additional Notes: "&P25&" </li>","") &" </ul> <br>" &IF(AND(R25<>"",R26="")," </ol> <!-- # end of rankings --> ","") ) -> </ol> <h2> Tier 4 (~45+ FV)</h2> <ol start='20 '> <li><b><a target='_blank' href='https://www.nba.com/draft/2022/prospects/christian-koloko'>Christian Koloko</a></b> - <i> <a target='_blank' href='https://www.nbadraft.net/players/christian-koloko'>C </a></b> - <a target='_blank'href='https://www.sports-reference.com/cbb/players/christian-koloko-1.html'>Arizona</a></b> </i></li> <ul style='list-style-type:none'> <li>Grade: Junior </li> <li>Age: 22 </li> <li>Height: 84 in </li> <li>Weight: 221 lbs </li> <li>Wingspan: 89.25 in </li> <li>Reach: 113 in </li> <li>Ape: +5.25 </li> <li>++: size </li> <li>+: rim protection, athleticism, shooting/passing potential </li> <li>-: age, strength, rawness </li> </ul> <br>
A26: Wendell Moore | B26: SG | C26: Duke | D26: Junior | E26: =YEARFRAC(Y26, $E$5, 1) -> 20.762414 | F26: =IFERROR(LEFT(AW26,FIND("'",AW26)-1)*12+SUBSTITUTE(MID(AW26,FIND("'",AW26)+1,LEN(AW26)),"''",""), "") -> 77.5 | G26: =AX26 -> 217.2 | H26: =IFERROR(LEFT(AY26,FIND("'",AY26)-1)*12+SUBSTITUTE(MID(AY26,FIND("'",AY26)+1,LEN(AY26)),"''",""), "") -> 84.5 | I26: =IFERROR(LEFT(AZ26,FIND("'",AZ26)-1)*12+SUBSTITUTE(MID(AZ26,FIND("'",AZ26)+1,LEN(AZ26)),"''",""), "") -> 101 | J26: =IFERROR(IF(AND(H26-F26>= 0, H26 > 0), "+", ""),"") & IFERROR(IF(AND(H26-F26>= -5, H26 > 0), H26-F26, ""),"") -> +7 | K26: =IF(F26>0, IFERROR((H26-60)/(F26-60),""), "") -> 1.4 | L26: wingspan | M26: age, passing, defensive versatility | N26: athleticism, offensive role | Q26: 47.8 | R26: =IF(Q26=-1, "", IF(Q26=0,"HM.",IF(Q26="","",RANK(Q26,Q$6:Q$980)))) -> 21 | S26: =IFERROR(IF(FLOOR(Q26,1)=FLOOR(Q25,1),S25, MAX(S$5:S25)+1),1) -> 4 | T26: =IFERROR(INDEX(actual!A:A,MATCH(A26,actual!B:B,FALSE)), "") -> 26 | U26: =IFERROR(INDEX(actual!C:C,MATCH(A26,actual!B:B,FALSE)), "") -> MIN | V26: https://www.sports-reference.com/cbb/players/wendell-moorejr-1.html | W26: =HYPERLINK("https://www.nbadraft.net/players/" & LOWER(SUBSTITUTE(A26, " ", "-") & "")) -> https://www.nbadraft.net/players/wendell-moore | X26: =HYPERLINK("https://www.nba.com/draft/2022/prospects/" & LOWER(SUBSTITUTE(A26, " ", "-") & "")) -> https://www.nba.com/draft/2022/prospects/wendell-moore | Y26: 37152 | Z26: =RANK(AC26,AC:AC,1) -> 34 | AA26: =RANK(AD26,AD:AD,1) -> 29 | AB26: =RANK(AE26,AE:AE,1) -> 42 | AC26: =AD26+AE26 -> 811 | AD26: =IFERROR( IF($AF$4 = AD$5, ($AF$3 * IF($AF26>0, $AF26, $AF$2)), 0) + IF($AG$4 = AD$5, ($AG$3 * IF($AG26>0, $AG26, $AG$2)), 0) + IF($AH$4 = AD$5, ($AH$3 * IF($AH26>0, $AH26, $AH$2)), 0) + IF($AI$4 = AD$5, ($AI$3 * IF($AI26>0, $AI26, $AI$2)), 0) + IF($AJ$4 = AD$5, ($AJ$3 * IF($AJ26>0, $AJ26, $AJ$2)), 0) + IF($AK$4 = AD$5, ($AK$3 * IF($AK26>0, $AK26, $AK$2)), 0) + IF($AL$4 = AD$5, ($AL$3 * IF($AL26>0, $AL26, $AL$2)), 0) + IF($AM$4 = AD$5, ($AM$3 * IF($AM26>0, $AM26, $AM$2)), 0) + IF($AN$4 = AD$5, ($AN$3 * IF($AN26>0, $AN26, $AN$2)), 0) + IF($AO$4 = AD$5, ($AO$3 * IF($AO26>0, $AO26, $AO$2)), 0) + IF($AP$4 = AD$5, ($AP$3 * IF($AP26>0, $AP26, $AP$2)), 0) + IF($AQ$4 = AD$5, ($AQ$3 * IF($AQ26>0, $AQ26, $AQ$2)), 0) + IF($AR$4 = AD$5, ($AR$3 * IF($AR26>0, $AR26, $AR$2)), 0) + IF($AS$4 = AD$5, ($AS$3 * IF($AS26>0, $AS26, $AS$2)), 0) + IF($AT$4 = AD$5, ($AT$3 * IF($AT26>0, $AT26, $AT$2)), 0) + IF($AU$4 = AD$5, ($AU$3 * IF($AU26>0, $AU26, $AU$2)), 0) + IF($AV$4 = AD$5, ($AV$3 * IF($AV26>0, IF($AV26 > $AV$2, $AV$2, $AV26), $AV$2)), 0), -1) -> 392 | AE26: =IFERROR( IF($AF$4 = AE$5, ($AF$3 * IF($AF26>0, $AF26, $AF$2)), 0) + IF($AG$4 = AE$5, ($AG$3 * IF($AG26>0, $AG26, $AG$2)), 0) + IF($AH$4 = AE$5, ($AH$3 * IF($AH26>0, $AH26, $AH$2)), 0) + IF($AI$4 = AE$5, ($AI$3 * IF($AI26>0, $AI26, $AI$2)), 0) + IF($AJ$4 = AE$5, ($AJ$3 * IF($AJ26>0, $AJ26, $AJ$2)), 0) + IF($AK$4 = AE$5, ($AK$3 * IF($AK26>0, $AK26, $AK$2)), 0) + IF($AL$4 = AE$5, ($AL$3 * IF($AL26>0, $AL26, $AL$2)), 0) + IF($AM$4 = AE$5, ($AM$3 * IF($AM26>0, $AM26, $AM$2)), 0) + IF($AN$4 = AE$5, ($AN$3 * IF($AN26>0, $AN26, $AN$2)), 0) + IF($AO$4 = AE$5, ($AO$3 * IF($AO26>0, $AO26, $AO$2)), 0) + IF($AP$4 = AE$5, ($AP$3 * IF($AP26>0, $AP26, $AP$2)), 0) + IF($AQ$4 = AE$5, ($AQ$3 * IF($AQ26>0, $AQ26, $AQ$2)), 0) + IF($AR$4 = AE$5, ($AR$3 * IF($AR26>0, $AR26, $AR$2)), 0) + IF($AS$4 = AE$5, ($AS$3 * IF($AS26>0, $AS26, $AS$2)), 0) + IF($AT$4 = AE$5, ($AT$3 * IF($AT26>0, $AT26, $AT$2)), 0) + IF($AU$4 = AE$5, ($AU$3 * IF($AU26>0, $AU26, $AU$2)), 0) + IF($AV$4 = AE$5, ($AV$3 * IF($AV26>0, IF($AV26 > $AV$2, $AV$2, $AV26), $AV$2)), 0), -1) -> 419 | AF26: 22 | AG26: 6 | AH26: 37 | AJ26: 45 | AK26: 36 | AN26: 19 | AO26: 3 | AP26: 46 | AQ26: 5 | AR26: 35 | AS26: 31 | AT26: 5 | AU26: 37 | AV26: 25 | AW26: =IFERROR(INDEX(measureables!$A:$J,MATCH($A26,measureables!$A:$A,FALSE),7), "") -> 6' 5.50'' | AX26: =IFERROR(INDEX(measureables!$A:$J,MATCH($A26,measureables!$A:$A,FALSE),9), "") -> 217.2 | AY26: =IFERROR(INDEX(measureables!$A:$J,MATCH($A26,measureables!$A:$A,FALSE),10), "") -> 7' 0.50'' | AZ26: =IFERROR(INDEX(measureables!$A:$J,MATCH($A26,measureables!$A:$A,FALSE),8), "") -> 8' 5.00'' | BA26: =IF(R26="",A26, IF(S26=S25,"",IF(S26=1," <!-- rankings --> "," </ol> " ) & "<h2> Tier " &S26 &" (~" &IF(MOD(ROUND(Q26,0),5)=0,ROUND(Q26,0),FLOOR(ROUND(Q26,0),5)&"+") &" FV)</h2> <ol start='" &R26 &" '> " ) & " <li><b><a target='_blank' href='" &X26 &"'>" &A26 &"</a></b> - <i> <a target='_blank' href='" &W26 &"'>" &B26 &" </a></b> - <a target='_blank'href='" &V26 &"'>" &C26 &"</a></b> </i></li> <ul style='list-style-type:none'>" &IF(D26<>""," <li>Grade: "&D26&" </li>","") &IF(E26<>""," <li>Age: "&ROUND(E26,1)&" </li>","") &IF(F26<>""," <li>Height: "&F26&" in </li>","") &IF(G26<>""," <li>Weight: "&G26&" lbs </li>","") &IF(H26<>""," <li>Wingspan: "&H26&" in </li>","") &IF(I26<>""," <li>Reach: "&I26&" in </li>","") &IF(J26<>""," <li>Ape: "&J26&" </li>","") &IF(L26<>""," <li>++: "&L26&" </li>","") &IF(M26<>""," <li>+: "&M26&" </li>","") &IF(N26<>""," <li>-: "&N26&" </li>","") &IF(O26<>""," <li>--: "&O26&" </li>","") &IF(P26<>""," <li>Additional Notes: "&P26&" </li>","") &" </ul> <br>" &IF(AND(R26<>"",R27="")," </ol> <!-- # end of rankings --> ","") ) -> <li><b><a target='_blank' href='https://www.nba.com/draft/2022/prospects/wendell-moore'>Wendell Moore</a></b> - <i> <a target='_blank' href='https://www.nbadraft.net/players/wendell-moore'>SG </a></b> - <a target='_blank'href='https://www.sports-reference.com/cbb/players/wendell-moorejr-1.html'>Duke</a></b> </i></li> <ul style='list-style-type:none'> <li>Grade: Junior </li> <li>Age: 20.8 </li> <li>Height: 77.5 in </li> <li>Weight: 217.2 lbs </li> <li>Wingspan: 84.5 in </li> <li>Reach: 101 in </li> <li>Ape: +7 </li> <li>++: wingspan </li> <li>+: age, passing, defensive versatility </li> <li>-: athleticism, offensive role </li> </ul> <br>
A27: Jalen Williams | B27: SG | C27: Santa Clara | D27: Junior | E27: =YEARFRAC(Y27, $E$5, 1) -> 21.192284 | F27: =IFERROR(LEFT(AW27,FIND("'",AW27)-1)*12+SUBSTITUTE(MID(AW27,FIND("'",AW27)+1,LEN(AW27)),"''",""), "") -> 77.75 | G27: =AX27 -> 209.2 | H27: =IFERROR(LEFT(AY27,FIND("'",AY27)-1)*12+SUBSTITUTE(MID(AY27,FIND("'",AY27)+1,LEN(AY27)),"''",""), "") -> 86.25 | I27: =IFERROR(LEFT(AZ27,FIND("'",AZ27)-1)*12+SUBSTITUTE(MID(AZ27,FIND("'",AZ27)+1,LEN(AZ27)),"''",""), "") -> 105.5 | J27: =IFERROR(IF(AND(H27-F27>= 0, H27 > 0), "+", ""),"") & IFERROR(IF(AND(H27-F27>= -5, H27 > 0), H27-F27, ""),"") -> +8.5 | K27: =IF(F27>0, IFERROR((H27-60)/(F27-60),""), "") -> 1.4788732 | L27: wingspan | M27: size, secondary ballhandling | N27: athleticism | Q27: 47.7 | R27: =IF(Q27=-1, "", IF(Q27=0,"HM.",IF(Q27="","",RANK(Q27,Q$6:Q$980)))) -> 22 | S27: =IFERROR(IF(FLOOR(Q27,1)=FLOOR(Q26,1),S26, MAX(S$5:S26)+1),1) -> 4 | T27: =IFERROR(INDEX(actual!A:A,MATCH(A27,actual!B:B,FALSE)), "") -> 12 | U27: =IFERROR(INDEX(actual!C:C,MATCH(A27,actual!B:B,FALSE)), "") -> OKC | V27: https://www.sports-reference.com/cbb/players/jalen-williams-13.html | W27: =HYPERLINK("https://www.nbadraft.net/players/" & LOWER(SUBSTITUTE(A27, " ", "-") & "")) -> https://www.nbadraft.net/players/jalen-williams | X27: =HYPERLINK("https://www.nba.com/draft/2022/prospects/" & LOWER(SUBSTITUTE(A27, " ", "-") & "")) -> https://www.nba.com/draft/2022/prospects/jalen-williams | Y27: 36995 | Z27: =RANK(AC27,AC:AC,1) -> 29 | AA27: =RANK(AD27,AD:AD,1) -> 20 | AB27: =RANK(AE27,AE:AE,1) -> 47 | AC27: =AD27+AE27 -> 755 | AD27: =IFERROR( IF($AF$4 = AD$5, ($AF$3 * IF($AF27>0, $AF27, $AF$2)), 0) + IF($AG$4 = AD$5, ($AG$3 * IF($AG27>0, $AG27, $AG$2)), 0) + IF($AH$4 = AD$5, ($AH$3 * IF($AH27>0, $AH27, $AH$2)), 0) + IF($AI$4 = AD$5, ($AI$3 * IF($AI27>0, $AI27, $AI$2)), 0) + IF($AJ$4 = AD$5, ($AJ$3 * IF($AJ27>0, $AJ27, $AJ$2)), 0) + IF($AK$4 = AD$5, ($AK$3 * IF($AK27>0, $AK27, $AK$2)), 0) + IF($AL$4 = AD$5, ($AL$3 * IF($AL27>0, $AL27, $AL$2)), 0) + IF($AM$4 = AD$5, ($AM$3 * IF($AM27>0, $AM27, $AM$2)), 0) + IF($AN$4 = AD$5, ($AN$3 * IF($AN27>0, $AN27, $AN$2)), 0) + IF($AO$4 = AD$5, ($AO$3 * IF($AO27>0, $AO27, $AO$2)), 0) + IF($AP$4 = AD$5, ($AP$3 * IF($AP27>0, $AP27, $AP$2)), 0) + IF($AQ$4 = AD$5, ($AQ$3 * IF($AQ27>0, $AQ27, $AQ$2)), 0) + IF($AR$4 = AD$5, ($AR$3 * IF($AR27>0, $AR27, $AR$2)), 0) + IF($AS$4 = AD$5, ($AS$3 * IF($AS27>0, $AS27, $AS$2)), 0) + IF($AT$4 = AD$5, ($AT$3 * IF($AT27>0, $AT27, $AT$2)), 0) + IF($AU$4 = AD$5, ($AU$3 * IF($AU27>0, $AU27, $AU$2)), 0) + IF($AV$4 = AD$5, ($AV$3 * IF($AV27>0, IF($AV27 > $AV$2, $AV$2, $AV27), $AV$2)), 0), -1) -> 298 | AE27: =IFERROR( IF($AF$4 = AE$5, ($AF$3 * IF($AF27>0, $AF27, $AF$2)), 0) + IF($AG$4 = AE$5, ($AG$3 * IF($AG27>0, $AG27, $AG$2)), 0) + IF($AH$4 = AE$5, ($AH$3 * IF($AH27>0, $AH27, $AH$2)), 0) + IF($AI$4 = AE$5, ($AI$3 * IF($AI27>0, $AI27, $AI$2)), 0) + IF($AJ$4 = AE$5, ($AJ$3 * IF($AJ27>0, $AJ27, $AJ$2)), 0) + IF($AK$4 = AE$5, ($AK$3 * IF($AK27>0, $AK27, $AK$2)), 0) + IF($AL$4 = AE$5, ($AL$3 * IF($AL27>0, $AL27, $AL$2)), 0) + IF($AM$4 = AE$5, ($AM$3 * IF($AM27>0, $AM27, $AM$2)), 0) + IF($AN$4 = AE$5, ($AN$3 * IF($AN27>0, $AN27, $AN$2)), 0) + IF($AO$4 = AE$5, ($AO$3 * IF($AO27>0, $AO27, $AO$2)), 0) + IF($AP$4 = AE$5, ($AP$3 * IF($AP27>0, $AP27, $AP$2)), 0) + IF($AQ$4 = AE$5, ($AQ$3 * IF($AQ27>0, $AQ27, $AQ$2)), 0) + IF($AR$4 = AE$5, ($AR$3 * IF($AR27>0, $AR27, $AR$2)), 0) + IF($AS$4 = AE$5, ($AS$3 * IF($AS27>0, $AS27, $AS$2)), 0) + IF($AT$4 = AE$5, ($AT$3 * IF($AT27>0, $AT27, $AT$2)), 0) + IF($AU$4 = AE$5, ($AU$3 * IF($AU27>0, $AU27, $AU$2)), 0) + IF($AV$4 = AE$5, ($AV$3 * IF($AV27>0, IF($AV27 > $AV$2, $AV$2, $AV27), $AV$2)), 0), -1) -> 457 | AF27: 23 | AG27: 6 | AJ27: 40 | AK27: 37 | AN27: 24 | AO27: 3 | AP27: 27 | AQ27: 4 | AR27: 18 | AS27: 18 | AT27: 4 | AU27: 21 | AW27: =IFERROR(INDEX(measureables!$A:$J,MATCH($A27,measureables!$A:$A,FALSE),7), "") -> 6' 5.75'' | AX27: =IFERROR(INDEX(measureables!$A:$J,MATCH($A27,measureables!$A:$A,FALSE),9), "") -> 209.2 | AY27: =IFERROR(INDEX(measureables!$A:$J,MATCH($A27,measureables!$A:$A,FALSE),10), "") -> 7' 2.25'' | AZ27: =IFERROR(INDEX(measureables!$A:$J,MATCH($A27,measureables!$A:$A,FALSE),8), "") -> 8' 9.50'' | BA27: =IF(R27="",A27, IF(S27=S26,"",IF(S27=1," <!-- rankings --> "," </ol> " ) & "<h2> Tier " &S27 &" (~" &IF(MOD(ROUND(Q27,0),5)=0,ROUND(Q27,0),FLOOR(ROUND(Q27,0),5)&"+") &" FV)</h2> <ol start='" &R27 &" '> " ) & " <li><b><a target='_blank' href='" &X27 &"'>" &A27 &"</a></b> - <i> <a target='_blank' href='" &W27 &"'>" &B27 &" </a></b> - <a target='_blank'href='" &V27 &"'>" &C27 &"</a></b> </i></li> <ul style='list-style-type:none'>" &IF(D27<>""," <li>Grade: "&D27&" </li>","") &IF(E27<>""," <li>Age: "&ROUND(E27,1)&" </li>","") &IF(F27<>""," <li>Height: "&F27&" in </li>","") &IF(G27<>""," <li>Weight: "&G27&" lbs </li>","") &IF(H27<>""," <li>Wingspan: "&H27&" in </li>","") &IF(I27<>""," <li>Reach: "&I27&" in </li>","") &IF(J27<>""," <li>Ape: "&J27&" </li>","") &IF(L27<>""," <li>++: "&L27&" </li>","") &IF(M27<>""," <li>+: "&M27&" </li>","") &IF(N27<>""," <li>-: "&N27&" </li>","") &IF(O27<>""," <li>--: "&O27&" </li>","") &IF(P27<>""," <li>Additional Notes: "&P27&" </li>","") &" </ul> <br>" &IF(AND(R27<>"",R28="")," </ol> <!-- # end of rankings --> ","") ) -> <li><b><a target='_blank' href='https://www.nba.com/draft/2022/prospects/jalen-williams'>Jalen Williams</a></b> - <i> <a target='_blank' href='https://www.nbadraft.net/players/jalen-williams'>SG </a></b> - <a target='_blank'href='https://www.sports-reference.com/cbb/players/jalen-williams-13.html'>Santa Clara</a></b> </i></li> <ul style='list-style-type:none'> <li>Grade: Junior </li> <li>Age: 21.2 </li> <li>Height: 77.75 in </li> <li>Weight: 209.2 lbs </li> <li>Wingspan: 86.25 in </li> <li>Reach: 105.5 in </li> <li>Ape: +8.5 </li> <li>++: wingspan </li> <li>+: size, secondary ballhandling </li> <li>-: athleticism </li> </ul> <br>
A28: E.J. Liddell | B28: PF | C28: Ohio State | D28: Junior | E28: =YEARFRAC(Y28, $E$5, 1) -> 21.510653 | F28: =IFERROR(LEFT(AW28,FIND("'",AW28)-1)*12+SUBSTITUTE(MID(AW28,FIND("'",AW28)+1,LEN(AW28)),"''",""), "") -> 79 | G28: =AX28 -> 243 | H28: =IFERROR(LEFT(AY28,FIND("'",AY28)-1)*12+SUBSTITUTE(MID(AY28,FIND("'",AY28)+1,LEN(AY28)),"''",""), "") -> 83.75 | I28: =IFERROR(LEFT(AZ28,FIND("'",AZ28)-1)*12+SUBSTITUTE(MID(AZ28,FIND("'",AZ28)+1,LEN(AZ28)),"''",""), "") -> 103.5 | J28: =IFERROR(IF(AND(H28-F28>= 0, H28 > 0), "+", ""),"") & IFERROR(IF(AND(H28-F28>= -5, H28 > 0), H28-F28, ""),"") -> +4.75 | K28: =IF(F28>0, IFERROR((H28-60)/(F28-60),""), "") -> 1.25 | M28: size, strength, basketball IQ | N28: ballhandling, lateral athleticism | Q28: 47.6 | R28: =IF(Q28=-1, "", IF(Q28=0,"HM.",IF(Q28="","",RANK(Q28,Q$6:Q$980)))) -> 23 | S28: =IFERROR(IF(FLOOR(Q28,1)=FLOOR(Q27,1),S27, MAX(S$5:S27)+1),1) -> 4 | T28: =IFERROR(INDEX(actual!A:A,MATCH(A28,actual!B:B,FALSE)), "") -> 41 | U28: =IFERROR(INDEX(actual!C:C,MATCH(A28,actual!B:B,FALSE)), "") -> NOP | V28: https://www.sports-reference.com/cbb/players/ej-liddell-1.html | W28: https://www.nbadraft.net/players/ej-liddell/ | X28: https://www.nba.com/draft/2022/prospects/ej-liddell | Y28: 36878 | Z28: =RANK(AC28,AC:AC,1) -> 25 | AA28: =RANK(AD28,AD:AD,1) -> 24 | AB28: =RANK(AE28,AE:AE,1) -> 36 | AC28: =AD28+AE28 -> 698 | AD28: =IFERROR( IF($AF$4 = AD$5, ($AF$3 * IF($AF28>0, $AF28, $AF$2)), 0) + IF($AG$4 = AD$5, ($AG$3 * IF($AG28>0, $AG28, $AG$2)), 0) + IF($AH$4 = AD$5, ($AH$3 * IF($AH28>0, $AH28, $AH$2)), 0) + IF($AI$4 = AD$5, ($AI$3 * IF($AI28>0, $AI28, $AI$2)), 0) + IF($AJ$4 = AD$5, ($AJ$3 * IF($AJ28>0, $AJ28, $AJ$2)), 0) + IF($AK$4 = AD$5, ($AK$3 * IF($AK28>0, $AK28, $AK$2)), 0) + IF($AL$4 = AD$5, ($AL$3 * IF($AL28>0, $AL28, $AL$2)), 0) + IF($AM$4 = AD$5, ($AM$3 * IF($AM28>0, $AM28, $AM$2)), 0) + IF($AN$4 = AD$5, ($AN$3 * IF($AN28>0, $AN28, $AN$2)), 0) + IF($AO$4 = AD$5, ($AO$3 * IF($AO28>0, $AO28, $AO$2)), 0) + IF($AP$4 = AD$5, ($AP$3 * IF($AP28>0, $AP28, $AP$2)), 0) + IF($AQ$4 = AD$5, ($AQ$3 * IF($AQ28>0, $AQ28, $AQ$2)), 0) + IF($AR$4 = AD$5, ($AR$3 * IF($AR28>0, $AR28, $AR$2)), 0) + IF($AS$4 = AD$5, ($AS$3 * IF($AS28>0, $AS28, $AS$2)), 0) + IF($AT$4 = AD$5, ($AT$3 * IF($AT28>0, $AT28, $AT$2)), 0) + IF($AU$4 = AD$5, ($AU$3 * IF($AU28>0, $AU28, $AU$2)), 0) + IF($AV$4 = AD$5, ($AV$3 * IF($AV28>0, IF($AV28 > $AV$2, $AV$2, $AV28), $AV$2)), 0), -1) -> 313 | AE28: =IFERROR( IF($AF$4 = AE$5, ($AF$3 * IF($AF28>0, $AF28, $AF$2)), 0) + IF($AG$4 = AE$5, ($AG$3 * IF($AG28>0, $AG28, $AG$2)), 0) + IF($AH$4 = AE$5, ($AH$3 * IF($AH28>0, $AH28, $AH$2)), 0) + IF($AI$4 = AE$5, ($AI$3 * IF($AI28>0, $AI28, $AI$2)), 0) + IF($AJ$4 = AE$5, ($AJ$3 * IF($AJ28>0, $AJ28, $AJ$2)), 0) + IF($AK$4 = AE$5, ($AK$3 * IF($AK28>0, $AK28, $AK$2)), 0) + IF($AL$4 = AE$5, ($AL$3 * IF($AL28>0, $AL28, $AL$2)), 0) + IF($AM$4 = AE$5, ($AM$3 * IF($AM28>0, $AM28, $AM$2)), 0) + IF($AN$4 = AE$5, ($AN$3 * IF($AN28>0, $AN28, $AN$2)), 0) + IF($AO$4 = AE$5, ($AO$3 * IF($AO28>0, $AO28, $AO$2)), 0) + IF($AP$4 = AE$5, ($AP$3 * IF($AP28>0, $AP28, $AP$2)), 0) + IF($AQ$4 = AE$5, ($AQ$3 * IF($AQ28>0, $AQ28, $AQ$2)), 0) + IF($AR$4 = AE$5, ($AR$3 * IF($AR28>0, $AR28, $AR$2)), 0) + IF($AS$4 = AE$5, ($AS$3 * IF($AS28>0, $AS28, $AS$2)), 0) + IF($AT$4 = AE$5, ($AT$3 * IF($AT28>0, $AT28, $AT$2)), 0) + IF($AU$4 = AE$5, ($AU$3 * IF($AU28>0, $AU28, $AU$2)), 0) + IF($AV$4 = AE$5, ($AV$3 * IF($AV28>0, IF($AV28 > $AV$2, $AV$2, $AV28), $AV$2)), 0), -1) -> 385 | AF28: 17 | AG28: 5 | AH28: 30 | AI28: 30 | AJ28: 51 | AK28: 24 | AL28: 28 | AN28: 21 | AO28: 3 | AP28: 39 | AQ28: 5 | AR28: 19 | AS28: 24 | AT28: 5 | AU28: 20 | AV28: 41 | AW28: =IFERROR(INDEX(measureables!$A:$J,MATCH($A28,measureables!$A:$A,FALSE),7), "") -> 6' 7.00'' | AX28: =IFERROR(INDEX(measureables!$A:$J,MATCH($A28,measureables!$A:$A,FALSE),9), "") -> 243 | AY28: =IFERROR(INDEX(measureables!$A:$J,MATCH($A28,measureables!$A:$A,FALSE),10), "") -> 6' 11.75'' | AZ28: =IFERROR(INDEX(measureables!$A:$J,MATCH($A28,measureables!$A:$A,FALSE),8), "") -> 8' 7.50'' | BA28: =IF(R28="",A28, IF(S28=S27,"",IF(S28=1," <!-- rankings --> "," </ol> " ) & "<h2> Tier " &S28 &" (~" &IF(MOD(ROUND(Q28,0),5)=0,ROUND(Q28,0),FLOOR(ROUND(Q28,0),5)&"+") &" FV)</h2> <ol start='" &R28 &" '> " ) & " <li><b><a target='_blank' href='" &X28 &"'>" &A28 &"</a></b> - <i> <a target='_blank' href='" &W28 &"'>" &B28 &" </a></b> - <a target='_blank'href='" &V28 &"'>" &C28 &"</a></b> </i></li> <ul style='list-style-type:none'>" &IF(D28<>""," <li>Grade: "&D28&" </li>","") &IF(E28<>""," <li>Age: "&ROUND(E28,1)&" </li>","") &IF(F28<>""," <li>Height: "&F28&" in </li>","") &IF(G28<>""," <li>Weight: "&G28&" lbs </li>","") &IF(H28<>""," <li>Wingspan: "&H28&" in </li>","") &IF(I28<>""," <li>Reach: "&I28&" in </li>","") &IF(J28<>""," <li>Ape: "&J28&" </li>","") &IF(L28<>""," <li>++: "&L28&" </li>","") &IF(M28<>""," <li>+: "&M28&" </li>","") &IF(N28<>""," <li>-: "&N28&" </li>","") &IF(O28<>""," <li>--: "&O28&" </li>","") &IF(P28<>""," <li>Additional Notes: "&P28&" </li>","") &" </ul> <br>" &IF(AND(R28<>"",R29="")," </ol> <!-- # end of rankings --> ","") ) -> <li><b><a target='_blank' href='https://www.nba.com/draft/2022/prospects/ej-liddell'>E.J. Liddell</a></b> - <i> <a target='_blank' href='https://www.nbadraft.net/players/ej-liddell/'>PF </a></b> - <a target='_blank'href='https://www.sports-reference.com/cbb/players/ej-liddell-1.html'>Ohio State</a></b> </i></li> <ul style='list-style-type:none'> <li>Grade: Junior </li> <li>Age: 21.5 </li> <li>Height: 79 in </li> <li>Weight: 243 lbs </li> <li>Wingspan: 83.75 in </li> <li>Reach: 103.5 in </li> <li>Ape: +4.75 </li> <li>+: size, strength, basketball IQ </li> <li>-: ballhandling, lateral athleticism </li> </ul> <br>
A29: Josh Minott | B29: PF | C29: Memphis | D29: Freshman | E29: =YEARFRAC(Y29, $E$5, 1) -> 19.576271 | F29: =IFERROR(LEFT(AW29,FIND("'",AW29)-1)*12+SUBSTITUTE(MID(AW29,FIND("'",AW29)+1,LEN(AW29)),"''",""), "") -> 80 | G29: =AX29 -> 197 | H29: =IFERROR(LEFT(AY29,FIND("'",AY29)-1)*12+SUBSTITUTE(MID(AY29,FIND("'",AY29)+1,LEN(AY29)),"''",""), "") | I29: =IFERROR(LEFT(AZ29,FIND("'",AZ29)-1)*12+SUBSTITUTE(MID(AZ29,FIND("'",AZ29)+1,LEN(AZ29)),"''",""), "") | J29: =IFERROR(IF(AND(H29-F29>= 0, H29 > 0), "+", ""),"") & IFERROR(IF(AND(H29-F29>= -5, H29 > 0), H29-F29, ""),"") | K29: =IF(F29>0, IFERROR((H29-60)/(F29-60),""), "") | M29: vertical athleticism, size, rebounding, on-ball defense | N29: shooting, strength | Q29: 47.5 | R29: =IF(Q29=-1, "", IF(Q29=0,"HM.",IF(Q29="","",RANK(Q29,Q$6:Q$980)))) -> 24 | S29: =IFERROR(IF(FLOOR(Q29,1)=FLOOR(Q28,1),S28, MAX(S$5:S28)+1),1) -> 4 | T29: =IFERROR(INDEX(actual!A:A,MATCH(A29,actual!B:B,FALSE)), "") -> 45 | U29: =IFERROR(INDEX(actual!C:C,MATCH(A29,actual!B:B,FALSE)), "") -> MIN | V29: =HYPERLINK(IF(D29="", "https://www.basketball-reference.com/international", "https://www.sports-reference.com/cbb") & "/players/" & LOWER(SUBSTITUTE(A29, " ", "-") & "-1.html")) -> https://www.sports-reference.com/cbb/players/josh-minott-1.html | W29: =HYPERLINK("https://www.nbadraft.net/players/" & LOWER(SUBSTITUTE(A29, " ", "-") & "")) -> https://www.nbadraft.net/players/josh-minott | X29: =HYPERLINK("https://www.nba.com/draft/2022/prospects/" & LOWER(SUBSTITUTE(A29, " ", "-") & "")) -> https://www.nba.com/draft/2022/prospects/josh-minott | Y29: 37585 | Z29: =RANK(AC29,AC:AC,1) -> 28 | AA29: =RANK(AD29,AD:AD,1) -> 32 | AB29: =RANK(AE29,AE:AE,1) -> 25 | AC29: =AD29+AE29 -> 740 | AD29: =IFERROR( IF($AF$4 = AD$5, ($AF$3 * IF($AF29>0, $AF29, $AF$2)), 0) + IF($AG$4 = AD$5, ($AG$3 * IF($AG29>0, $AG29, $AG$2)), 0) + IF($AH$4 = AD$5, ($AH$3 * IF($AH29>0, $AH29, $AH$2)), 0) + IF($AI$4 = AD$5, ($AI$3 * IF($AI29>0, $AI29, $AI$2)), 0) + IF($AJ$4 = AD$5, ($AJ$3 * IF($AJ29>0, $AJ29, $AJ$2)), 0) + IF($AK$4 = AD$5, ($AK$3 * IF($AK29>0, $AK29, $AK$2)), 0) + IF($AL$4 = AD$5, ($AL$3 * IF($AL29>0, $AL29, $AL$2)), 0) + IF($AM$4 = AD$5, ($AM$3 * IF($AM29>0, $AM29, $AM$2)), 0) + IF($AN$4 = AD$5, ($AN$3 * IF($AN29>0, $AN29, $AN$2)), 0) + IF($AO$4 = AD$5, ($AO$3 * IF($AO29>0, $AO29, $AO$2)), 0) + IF($AP$4 = AD$5, ($AP$3 * IF($AP29>0, $AP29, $AP$2)), 0) + IF($AQ$4 = AD$5, ($AQ$3 * IF($AQ29>0, $AQ29, $AQ$2)), 0) + IF($AR$4 = AD$5, ($AR$3 * IF($AR29>0, $AR29, $AR$2)), 0) + IF($AS$4 = AD$5, ($AS$3 * IF($AS29>0, $AS29, $AS$2)), 0) + IF($AT$4 = AD$5, ($AT$3 * IF($AT29>0, $AT29, $AT$2)), 0) + IF($AU$4 = AD$5, ($AU$3 * IF($AU29>0, $AU29, $AU$2)), 0) + IF($AV$4 = AD$5, ($AV$3 * IF($AV29>0, IF($AV29 > $AV$2, $AV$2, $AV29), $AV$2)), 0), -1) -> 412 | AE29: =IFERROR( IF($AF$4 = AE$5, ($AF$3 * IF($AF29>0, $AF29, $AF$2)), 0) + IF($AG$4 = AE$5, ($AG$3 * IF($AG29>0, $AG29, $AG$2)), 0) + IF($AH$4 = AE$5, ($AH$3 * IF($AH29>0, $AH29, $AH$2)), 0) + IF($AI$4 = AE$5, ($AI$3 * IF($AI29>0, $AI29, $AI$2)), 0) + IF($AJ$4 = AE$5, ($AJ$3 * IF($AJ29>0, $AJ29, $AJ$2)), 0) + IF($AK$4 = AE$5, ($AK$3 * IF($AK29>0, $AK29, $AK$2)), 0) + IF($AL$4 = AE$5, ($AL$3 * IF($AL29>0, $AL29, $AL$2)), 0) + IF($AM$4 = AE$5, ($AM$3 * IF($AM29>0, $AM29, $AM$2)), 0) + IF($AN$4 = AE$5, ($AN$3 * IF($AN29>0, $AN29, $AN$2)), 0) + IF($AO$4 = AE$5, ($AO$3 * IF($AO29>0, $AO29, $AO$2)), 0) + IF($AP$4 = AE$5, ($AP$3 * IF($AP29>0, $AP29, $AP$2)), 0) + IF($AQ$4 = AE$5, ($AQ$3 * IF($AQ29>0, $AQ29, $AQ$2)), 0) + IF($AR$4 = AE$5, ($AR$3 * IF($AR29>0, $AR29, $AR$2)), 0) + IF($AS$4 = AE$5, ($AS$3 * IF($AS29>0, $AS29, $AS$2)), 0) + IF($AT$4 = AE$5, ($AT$3 * IF($AT29>0, $AT29, $AT$2)), 0) + IF($AU$4 = AE$5, ($AU$3 * IF($AU29>0, $AU29, $AU$2)), 0) + IF($AV$4 = AE$5, ($AV$3 * IF($AV29>0, IF($AV29 > $AV$2, $AV$2, $AV29), $AV$2)), 0), -1) -> 328 | AF29: 10 | AG29: 4 | AH29: 31 | AI29: 26 | AJ29: 37 | AK29: 17 | AL29: 24 | AN29: 38 | AO29: 4 | AP29: 37 | AQ29: 5 | AS29: 42 | AT29: 5 | AU29: 46 | AV29: 44 | AW29: =IFERROR(INDEX(measureables!$A:$J,MATCH($A29,measureables!$A:$A,FALSE),7), "") -> 6' 8'' | AX29: =IFERROR(INDEX(measureables!$A:$J,MATCH($A29,measureables!$A:$A,FALSE),9), "") -> 197 | AY29: =IFERROR(INDEX(measureables!$A:$J,MATCH($A29,measureables!$A:$A,FALSE),10), "") -> 0 | AZ29: =IFERROR(INDEX(measureables!$A:$J,MATCH($A29,measureables!$A:$A,FALSE),8), "") -> 0 | BA29: =IF(R29="",A29, IF(S29=S28,"",IF(S29=1," <!-- rankings --> "," </ol> " ) & "<h2> Tier " &S29 &" (~" &IF(MOD(ROUND(Q29,0),5)=0,ROUND(Q29,0),FLOOR(ROUND(Q29,0),5)&"+") &" FV)</h2> <ol start='" &R29 &" '> " ) & " <li><b><a target='_blank' href='" &X29 &"'>" &A29 &"</a></b> - <i> <a target='_blank' href='" &W29 &"'>" &B29 &" </a></b> - <a target='_blank'href='" &V29 &"'>" &C29 &"</a></b> </i></li> <ul style='list-style-type:none'>" &IF(D29<>""," <li>Grade: "&D29&" </li>","") &IF(E29<>""," <li>Age: "&ROUND(E29,1)&" </li>","") &IF(F29<>""," <li>Height: "&F29&" in </li>","") &IF(G29<>""," <li>Weight: "&G29&" lbs </li>","") &IF(H29<>""," <li>Wingspan: "&H29&" in </li>","") &IF(I29<>""," <li>Reach: "&I29&" in </li>","") &IF(J29<>""," <li>Ape: "&J29&" </li>","") &IF(L29<>""," <li>++: "&L29&" </li>","") &IF(M29<>""," <li>+: "&M29&" </li>","") &IF(N29<>""," <li>-: "&N29&" </li>","") &IF(O29<>""," <li>--: "&O29&" </li>","") &IF(P29<>""," <li>Additional Notes: "&P29&" </li>","") &" </ul> <br>" &IF(AND(R29<>"",R30="")," </ol> <!-- # end of rankings --> ","") ) -> <li><b><a target='_blank' href='https://www.nba.com/draft/2022/prospects/josh-minott'>Josh Minott</a></b> - <i> <a target='_blank' href='https://www.nbadraft.net/players/josh-minott'>PF </a></b> - <a target='_blank'href='https://www.sports-reference.com/cbb/players/josh-minott-1.html'>Memphis</a></b> </i></li> <ul style='list-style-type:none'> <li>Grade: Freshman </li> <li>Age: 19.6 </li> <li>Height: 80 in </li> <li>Weight: 197 lbs </li> <li>+: vertical athleticism, size, rebounding, on-ball defense </li> <li>-: shooting, strength </li> </ul> <br>
A30: David Roddy | B30: PF | C30: Colorado State | D30: Junior | E30: =YEARFRAC(Y30, $E$5, 1) -> 21.241568 | F30: =IFERROR(LEFT(AW30,FIND("'",AW30)-1)*12+SUBSTITUTE(MID(AW30,FIND("'",AW30)+1,LEN(AW30)),"''",""), "") -> 78 | G30: =AX30 -> 260.8 | H30: =IFERROR(LEFT(AY30,FIND("'",AY30)-1)*12+SUBSTITUTE(MID(AY30,FIND("'",AY30)+1,LEN(AY30)),"''",""), "") -> 83.5 | I30: =IFERROR(LEFT(AZ30,FIND("'",AZ30)-1)*12+SUBSTITUTE(MID(AZ30,FIND("'",AZ30)+1,LEN(AZ30)),"''",""), "") -> 105 | J30: =IFERROR(IF(AND(H30-F30>= 0, H30 > 0), "+", ""),"") & IFERROR(IF(AND(H30-F30>= -5, H30 > 0), H30-F30, ""),"") -> +5.5 | K30: =IF(F30>0, IFERROR((H30-60)/(F30-60),""), "") -> 1.3055556 | M30: strength, wingspan, basketball IQ | N30: height, lateral athleticism | Q30: 47.4 | R30: =IF(Q30=-1, "", IF(Q30=0,"HM.",IF(Q30="","",RANK(Q30,Q$6:Q$980)))) -> 25 | S30: =IFERROR(IF(FLOOR(Q30,1)=FLOOR(Q29,1),S29, MAX(S$5:S29)+1),1) -> 4 | T30: =IFERROR(INDEX(actual!A:A,MATCH(A30,actual!B:B,FALSE)), "") -> 23 | U30: =IFERROR(INDEX(actual!C:C,MATCH(A30,actual!B:B,FALSE)), "") -> MEM | V30: =HYPERLINK(IF(D30="", "https://www.basketball-reference.com/international", "https://www.sports-reference.com/cbb") & "/players/" & LOWER(SUBSTITUTE(A30, " ", "-") & "-1.html")) -> https://www.sports-reference.com/cbb/players/david-roddy-1.html | W30: =HYPERLINK("https://www.nbadraft.net/players/" & LOWER(SUBSTITUTE(A30, " ", "-") & "")) -> https://www.nbadraft.net/players/david-roddy | X30: =HYPERLINK("https://www.nba.com/draft/2022/prospects/" & LOWER(SUBSTITUTE(A30, " ", "-") & "")) -> https://www.nba.com/draft/2022/prospects/david-roddy | Y30: 36977 | Z30: =RANK(AC30,AC:AC,1) -> 27 | AA30: =RANK(AD30,AD:AD,1) -> 38 | AB30: =RANK(AE30,AE:AE,1) -> 18 | AC30: =AD30+AE30 -> 718 | AD30: =IFERROR( IF($AF$4 = AD$5, ($AF$3 * IF($AF30>0, $AF30, $AF$2)), 0) + IF($AG$4 = AD$5, ($AG$3 * IF($AG30>0, $AG30, $AG$2)), 0) + IF($AH$4 = AD$5, ($AH$3 * IF($AH30>0, $AH30, $AH$2)), 0) + IF($AI$4 = AD$5, ($AI$3 * IF($AI30>0, $AI30, $AI$2)), 0) + IF($AJ$4 = AD$5, ($AJ$3 * IF($AJ30>0, $AJ30, $AJ$2)), 0) + IF($AK$4 = AD$5, ($AK$3 * IF($AK30>0, $AK30, $AK$2)), 0) + IF($AL$4 = AD$5, ($AL$3 * IF($AL30>0, $AL30, $AL$2)), 0) + IF($AM$4 = AD$5, ($AM$3 * IF($AM30>0, $AM30, $AM$2)), 0) + IF($AN$4 = AD$5, ($AN$3 * IF($AN30>0, $AN30, $AN$2)), 0) + IF($AO$4 = AD$5, ($AO$3 * IF($AO30>0, $AO30, $AO$2)), 0) + IF($AP$4 = AD$5, ($AP$3 * IF($AP30>0, $AP30, $AP$2)), 0) + IF($AQ$4 = AD$5, ($AQ$3 * IF($AQ30>0, $AQ30, $AQ$2)), 0) + IF($AR$4 = AD$5, ($AR$3 * IF($AR30>0, $AR30, $AR$2)), 0) + IF($AS$4 = AD$5, ($AS$3 * IF($AS30>0, $AS30, $AS$2)), 0) + IF($AT$4 = AD$5, ($AT$3 * IF($AT30>0, $AT30, $AT$2)), 0) + IF($AU$4 = AD$5, ($AU$3 * IF($AU30>0, $AU30, $AU$2)), 0) + IF($AV$4 = AD$5, ($AV$3 * IF($AV30>0, IF($AV30 > $AV$2, $AV$2, $AV30), $AV$2)), 0), -1) -> 485 | AE30: =IFERROR( IF($AF$4 = AE$5, ($AF$3 * IF($AF30>0, $AF30, $AF$2)), 0) + IF($AG$4 = AE$5, ($AG$3 * IF($AG30>0, $AG30, $AG$2)), 0) + IF($AH$4 = AE$5, ($AH$3 * IF($AH30>0, $AH30, $AH$2)), 0) + IF($AI$4 = AE$5, ($AI$3 * IF($AI30>0, $AI30, $AI$2)), 0) + IF($AJ$4 = AE$5, ($AJ$3 * IF($AJ30>0, $AJ30, $AJ$2)), 0) + IF($AK$4 = AE$5, ($AK$3 * IF($AK30>0, $AK30, $AK$2)), 0) + IF($AL$4 = AE$5, ($AL$3 * IF($AL30>0, $AL30, $AL$2)), 0) + IF($AM$4 = AE$5, ($AM$3 * IF($AM30>0, $AM30, $AM$2)), 0) + IF($AN$4 = AE$5, ($AN$3 * IF($AN30>0, $AN30, $AN$2)), 0) + IF($AO$4 = AE$5, ($AO$3 * IF($AO30>0, $AO30, $AO$2)), 0) + IF($AP$4 = AE$5, ($AP$3 * IF($AP30>0, $AP30, $AP$2)), 0) + IF($AQ$4 = AE$5, ($AQ$3 * IF($AQ30>0, $AQ30, $AQ$2)), 0) + IF($AR$4 = AE$5, ($AR$3 * IF($AR30>0, $AR30, $AR$2)), 0) + IF($AS$4 = AE$5, ($AS$3 * IF($AS30>0, $AS30, $AS$2)), 0) + IF($AT$4 = AE$5, ($AT$3 * IF($AT30>0, $AT30, $AT$2)), 0) + IF($AU$4 = AE$5, ($AU$3 * IF($AU30>0, $AU30, $AU$2)), 0) + IF($AV$4 = AE$5, ($AV$3 * IF($AV30>0, IF($AV30 > $AV$2, $AV$2, $AV30), $AV$2)), 0), -1) -> 233 | AF30: 40 | AG30: 9 | AH30: 16 | AJ30: 20 | AK30: 34 | AL30: 15 | AN30: 37 | AO30: 4 | AP30: 35 | AQ30: 5 | AR30: 37 | AS30: 62 | AT30: 6 | AU30: 30 | AW30: =IFERROR(INDEX(measureables!$A:$J,MATCH($A30,measureables!$A:$A,FALSE),7), "") -> 6' 6.00'' | AX30: =IFERROR(INDEX(measureables!$A:$J,MATCH($A30,measureables!$A:$A,FALSE),9), "") -> 260.8 | AY30: =IFERROR(INDEX(measureables!$A:$J,MATCH($A30,measureables!$A:$A,FALSE),10), "") -> 6' 11.50'' | AZ30: =IFERROR(INDEX(measureables!$A:$J,MATCH($A30,measureables!$A:$A,FALSE),8), "") -> 8' 9.00'' | BA30: =IF(R30="",A30, IF(S30=S29,"",IF(S30=1," <!-- rankings --> "," </ol> " ) & "<h2> Tier " &S30 &" (~" &IF(MOD(ROUND(Q30,0),5)=0,ROUND(Q30,0),FLOOR(ROUND(Q30,0),5)&"+") &" FV)</h2> <ol start='" &R30 &" '> " ) & " <li><b><a target='_blank' href='" &X30 &"'>" &A30 &"</a></b> - <i> <a target='_blank' href='" &W30 &"'>" &B30 &" </a></b> - <a target='_blank'href='" &V30 &"'>" &C30 &"</a></b> </i></li> <ul style='list-style-type:none'>" &IF(D30<>""," <li>Grade: "&D30&" </li>","") &IF(E30<>""," <li>Age: "&ROUND(E30,1)&" </li>","") &IF(F30<>""," <li>Height: "&F30&" in </li>","") &IF(G30<>""," <li>Weight: "&G30&" lbs </li>","") &IF(H30<>""," <li>Wingspan: "&H30&" in </li>","") &IF(I30<>""," <li>Reach: "&I30&" in </li>","") &IF(J30<>""," <li>Ape: "&J30&" </li>","") &IF(L30<>""," <li>++: "&L30&" </li>","") &IF(M30<>""," <li>+: "&M30&" </li>","") &IF(N30<>""," <li>-: "&N30&" </li>","") &IF(O30<>""," <li>--: "&O30&" </li>","") &IF(P30<>""," <li>Additional Notes: "&P30&" </li>","") &" </ul> <br>" &IF(AND(R30<>"",R31="")," </ol> <!-- # end of rankings --> ","") ) -> <li><b><a target='_blank' href='https://www.nba.com/draft/2022/prospects/david-roddy'>David Roddy</a></b> - <i> <a target='_blank' href='https://www.nbadraft.net/players/david-roddy'>PF </a></b> - <a target='_blank'href='https://www.sports-reference.com/cbb/players/david-roddy-1.html'>Colorado State</a></b> </i></li> <ul style='list-style-type:none'> <li>Grade: Junior </li> <li>Age: 21.2 </li> <li>Height: 78 in </li> <li>Weight: 260.8 lbs </li> <li>Wingspan: 83.5 in </li> <li>Reach: 105 in </li> <li>Ape: +5.5 </li> <li>+: strength, wingspan, basketball IQ </li> <li>-: height, lateral athleticism </li> </ul> <br>
A31: Kendall Brown | B31: SF | C31: Baylor | D31: Freshman | E31: =YEARFRAC(Y31, $E$5, 1) -> 19.118412 | F31: =IFERROR(LEFT(AW31,FIND("'",AW31)-1)*12+SUBSTITUTE(MID(AW31,FIND("'",AW31)+1,LEN(AW31)),"''",""), "") -> 79.5 | G31: =AX31 -> 201.2 | H31: =IFERROR(LEFT(AY31,FIND("'",AY31)-1)*12+SUBSTITUTE(MID(AY31,FIND("'",AY31)+1,LEN(AY31)),"''",""), "") -> 83 | I31: =IFERROR(LEFT(AZ31,FIND("'",AZ31)-1)*12+SUBSTITUTE(MID(AZ31,FIND("'",AZ31)+1,LEN(AZ31)),"''",""), "") -> 103 | J31: =IFERROR(IF(AND(H31-F31>= 0, H31 > 0), "+", ""),"") & IFERROR(IF(AND(H31-F31>= -5, H31 > 0), H31-F31, ""),"") -> +3.5 | K31: =IF(F31>0, IFERROR((H31-60)/(F31-60),""), "") -> 1.1794872 | M31: age, size, athleticism | N31: production, shooting | Q31: 47.3 | R31: =IF(Q31=-1, "", IF(Q31=0,"HM.",IF(Q31="","",RANK(Q31,Q$6:Q$980)))) -> 26 | S31: =IFERROR(IF(FLOOR(Q31,1)=FLOOR(Q30,1),S30, MAX(S$5:S30)+1),1) -> 4 | T31: =IFERROR(INDEX(actual!A:A,MATCH(A31,actual!B:B,FALSE)), "") -> 48 | U31: =IFERROR(INDEX(actual!C:C,MATCH(A31,actual!B:B,FALSE)), "") -> IND | V31: =HYPERLINK(IF(D31="", "https://www.basketball-reference.com/international", "https://www.sports-reference.com/cbb") & "/players/" & LOWER(SUBSTITUTE(A31, " ", "-") & "-1.html")) -> https://www.sports-reference.com/cbb/players/kendall-brown-1.html | W31: =HYPERLINK("https://www.nbadraft.net/players/" & LOWER(SUBSTITUTE(A31, " ", "-") & "")) -> https://www.nbadraft.net/players/kendall-brown | X31: =HYPERLINK("https://www.nba.com/draft/2022/prospects/" & LOWER(SUBSTITUTE(A31, " ", "-") & "")) -> https://www.nba.com/draft/2022/prospects/kendall-brown | Y31: 37752 | Z31: =RANK(AC31,AC:AC,1) -> 22 | AA31: =RANK(AD31,AD:AD,1) -> 21 | AB31: =RANK(AE31,AE:AE,1) -> 31 | AC31: =AD31+AE31 -> 647 | AD31: =IFERROR( IF($AF$4 = AD$5, ($AF$3 * IF($AF31>0, $AF31, $AF$2)), 0) + IF($AG$4 = AD$5, ($AG$3 * IF($AG31>0, $AG31, $AG$2)), 0) + IF($AH$4 = AD$5, ($AH$3 * IF($AH31>0, $AH31, $AH$2)), 0) + IF($AI$4 = AD$5, ($AI$3 * IF($AI31>0, $AI31, $AI$2)), 0) + IF($AJ$4 = AD$5, ($AJ$3 * IF($AJ31>0, $AJ31, $AJ$2)), 0) + IF($AK$4 = AD$5, ($AK$3 * IF($AK31>0, $AK31, $AK$2)), 0) + IF($AL$4 = AD$5, ($AL$3 * IF($AL31>0, $AL31, $AL$2)), 0) + IF($AM$4 = AD$5, ($AM$3 * IF($AM31>0, $AM31, $AM$2)), 0) + IF($AN$4 = AD$5, ($AN$3 * IF($AN31>0, $AN31, $AN$2)), 0) + IF($AO$4 = AD$5, ($AO$3 * IF($AO31>0, $AO31, $AO$2)), 0) + IF($AP$4 = AD$5, ($AP$3 * IF($AP31>0, $AP31, $AP$2)), 0) + IF($AQ$4 = AD$5, ($AQ$3 * IF($AQ31>0, $AQ31, $AQ$2)), 0) + IF($AR$4 = AD$5, ($AR$3 * IF($AR31>0, $AR31, $AR$2)), 0) + IF($AS$4 = AD$5, ($AS$3 * IF($AS31>0, $AS31, $AS$2)), 0) + IF($AT$4 = AD$5, ($AT$3 * IF($AT31>0, $AT31, $AT$2)), 0) + IF($AU$4 = AD$5, ($AU$3 * IF($AU31>0, $AU31, $AU$2)), 0) + IF($AV$4 = AD$5, ($AV$3 * IF($AV31>0, IF($AV31 > $AV$2, $AV$2, $AV31), $AV$2)), 0), -1) -> 304 | AE31: =IFERROR( IF($AF$4 = AE$5, ($AF$3 * IF($AF31>0, $AF31, $AF$2)), 0) + IF($AG$4 = AE$5, ($AG$3 * IF($AG31>0, $AG31, $AG$2)), 0) + IF($AH$4 = AE$5, ($AH$3 * IF($AH31>0, $AH31, $AH$2)), 0) + IF($AI$4 = AE$5, ($AI$3 * IF($AI31>0, $AI31, $AI$2)), 0) + IF($AJ$4 = AE$5, ($AJ$3 * IF($AJ31>0, $AJ31, $AJ$2)), 0) + IF($AK$4 = AE$5, ($AK$3 * IF($AK31>0, $AK31, $AK$2)), 0) + IF($AL$4 = AE$5, ($AL$3 * IF($AL31>0, $AL31, $AL$2)), 0) + IF($AM$4 = AE$5, ($AM$3 * IF($AM31>0, $AM31, $AM$2)), 0) + IF($AN$4 = AE$5, ($AN$3 * IF($AN31>0, $AN31, $AN$2)), 0) + IF($AO$4 = AE$5, ($AO$3 * IF($AO31>0, $AO31, $AO$2)), 0) + IF($AP$4 = AE$5, ($AP$3 * IF($AP31>0, $AP31, $AP$2)), 0) + IF($AQ$4 = AE$5, ($AQ$3 * IF($AQ31>0, $AQ31, $AQ$2)), 0) + IF($AR$4 = AE$5, ($AR$3 * IF($AR31>0, $AR31, $AR$2)), 0) + IF($AS$4 = AE$5, ($AS$3 * IF($AS31>0, $AS31, $AS$2)), 0) + IF($AT$4 = AE$5, ($AT$3 * IF($AT31>0, $AT31, $AT$2)), 0) + IF($AU$4 = AE$5, ($AU$3 * IF($AU31>0, $AU31, $AU$2)), 0) + IF($AV$4 = AE$5, ($AV$3 * IF($AV31>0, IF($AV31 > $AV$2, $AV$2, $AV31), $AV$2)), 0), -1) -> 343 | AF31: 15 | AG31: 5 | AH31: 33 | AJ31: 31 | AK31: 18 | AN31: 18 | AO31: 3 | AP31: 20 | AQ31: 4 | AR31: 33 | AS31: 35 | AT31: 5 | AU31: 38 | AV31: 10 | AW31: =IFERROR(INDEX(measureables!$A:$J,MATCH($A31,measureables!$A:$A,FALSE),7), "") -> 6' 7.50'' | AX31: =IFERROR(INDEX(measureables!$A:$J,MATCH($A31,measureables!$A:$A,FALSE),9), "") -> 201.2 | AY31: =IFERROR(INDEX(measureables!$A:$J,MATCH($A31,measureables!$A:$A,FALSE),10), "") -> 6' 11.00'' | AZ31: =IFERROR(INDEX(measureables!$A:$J,MATCH($A31,measureables!$A:$A,FALSE),8), "") -> 8' 7.00'' | BA31: =IF(R31="",A31, IF(S31=S30,"",IF(S31=1," <!-- rankings --> "," </ol> " ) & "<h2> Tier " &S31 &" (~" &IF(MOD(ROUND(Q31,0),5)=0,ROUND(Q31,0),FLOOR(ROUND(Q31,0),5)&"+") &" FV)</h2> <ol start='" &R31 &" '> " ) & " <li><b><a target='_blank' href='" &X31 &"'>" &A31 &"</a></b> - <i> <a target='_blank' href='" &W31 &"'>" &B31 &" </a></b> - <a target='_blank'href='" &V31 &"'>" &C31 &"</a></b> </i></li> <ul style='list-style-type:none'>" &IF(D31<>""," <li>Grade: "&D31&" </li>","") &IF(E31<>""," <li>Age: "&ROUND(E31,1)&" </li>","") &IF(F31<>""," <li>Height: "&F31&" in </li>","") &IF(G31<>""," <li>Weight: "&G31&" lbs </li>","") &IF(H31<>""," <li>Wingspan: "&H31&" in </li>","") &IF(I31<>""," <li>Reach: "&I31&" in </li>","") &IF(J31<>""," <li>Ape: "&J31&" </li>","") &IF(L31<>""," <li>++: "&L31&" </li>","") &IF(M31<>""," <li>+: "&M31&" </li>","") &IF(N31<>""," <li>-: "&N31&" </li>","") &IF(O31<>""," <li>--: "&O31&" </li>","") &IF(P31<>""," <li>Additional Notes: "&P31&" </li>","") &" </ul> <br>" &IF(AND(R31<>"",R32="")," </ol> <!-- # end of rankings --> ","") ) -> <li><b><a target='_blank' href='https://www.nba.com/draft/2022/prospects/kendall-brown'>Kendall Brown</a></b> - <i> <a target='_blank' href='https://www.nbadraft.net/players/kendall-brown'>SF </a></b> - <a target='_blank'href='https://www.sports-reference.com/cbb/players/kendall-brown-1.html'>Baylor</a></b> </i></li> <ul style='list-style-type:none'> <li>Grade: Freshman </li> <li>Age: 19.1 </li> <li>Height: 79.5 in </li> <li>Weight: 201.2 lbs </li> <li>Wingspan: 83 in </li> <li>Reach: 103 in </li> <li>Ape: +3.5 </li> <li>+: age, size, athleticism </li> <li>-: production, shooting </li> </ul> <br>
A32: Ryan Rollins | B32: SG | C32: Toledo | D32: Sophomore | E32: =YEARFRAC(Y32, $E$5, 1) -> 19.973272 | F32: =IFERROR(LEFT(AW32,FIND("'",AW32)-1)*12+SUBSTITUTE(MID(AW32,FIND("'",AW32)+1,LEN(AW32)),"''",""), "") -> 75.25 | G32: =AX32 -> 179.2 | H32: =IFERROR(LEFT(AY32,FIND("'",AY32)-1)*12+SUBSTITUTE(MID(AY32,FIND("'",AY32)+1,LEN(AY32)),"''",""), "") -> 81.75 | I32: =IFERROR(LEFT(AZ32,FIND("'",AZ32)-1)*12+SUBSTITUTE(MID(AZ32,FIND("'",AZ32)+1,LEN(AZ32)),"''",""), "") -> 100.5 | J32: =IFERROR(IF(AND(H32-F32>= 0, H32 > 0), "+", ""),"") & IFERROR(IF(AND(H32-F32>= -5, H32 > 0), H32-F32, ""),"") -> +6.5 | K32: =IF(F32>0, IFERROR((H32-60)/(F32-60),""), "") -> 1.4262295 | L32: production, length | M32: age | N32: shooting | Q32: 47.2 | R32: =IF(Q32=-1, "", IF(Q32=0,"HM.",IF(Q32="","",RANK(Q32,Q$6:Q$980)))) -> 27 | S32: =IFERROR(IF(FLOOR(Q32,1)=FLOOR(Q31,1),S31, MAX(S$5:S31)+1),1) -> 4 | T32: =IFERROR(INDEX(actual!A:A,MATCH(A32,actual!B:B,FALSE)), "") -> 44 | U32: =IFERROR(INDEX(actual!C:C,MATCH(A32,actual!B:B,FALSE)), "") -> GSW | V32: =HYPERLINK(IF(D32="", "https://www.basketball-reference.com/international", "https://www.sports-reference.com/cbb") & "/players/" & LOWER(SUBSTITUTE(A32, " ", "-") & "-1.html")) -> https://www.sports-reference.com/cbb/players/ryan-rollins-1.html | W32: =HYPERLINK("https://www.nbadraft.net/players/" & LOWER(SUBSTITUTE(A32, " ", "-") & "")) -> https://www.nbadraft.net/players/ryan-rollins | X32: =HYPERLINK("https://www.nba.com/draft/2022/prospects/" & LOWER(SUBSTITUTE(A32, " ", "-") & "")) -> https://www.nba.com/draft/2022/prospects/ryan-rollins | Y32: 37440 | Z32: =RANK(AC32,AC:AC,1) -> 23 | AA32: =RANK(AD32,AD:AD,1) -> 35 | AB32: =RANK(AE32,AE:AE,1) -> 19 | AC32: =AD32+AE32 -> 675 | AD32: =IFERROR( IF($AF$4 = AD$5, ($AF$3 * IF($AF32>0, $AF32, $AF$2)), 0) + IF($AG$4 = AD$5, ($AG$3 * IF($AG32>0, $AG32, $AG$2)), 0) + IF($AH$4 = AD$5, ($AH$3 * IF($AH32>0, $AH32, $AH$2)), 0) + IF($AI$4 = AD$5, ($AI$3 * IF($AI32>0, $AI32, $AI$2)), 0) + IF($AJ$4 = AD$5, ($AJ$3 * IF($AJ32>0, $AJ32, $AJ$2)), 0) + IF($AK$4 = AD$5, ($AK$3 * IF($AK32>0, $AK32, $AK$2)), 0) + IF($AL$4 = AD$5, ($AL$3 * IF($AL32>0, $AL32, $AL$2)), 0) + IF($AM$4 = AD$5, ($AM$3 * IF($AM32>0, $AM32, $AM$2)), 0) + IF($AN$4 = AD$5, ($AN$3 * IF($AN32>0, $AN32, $AN$2)), 0) + IF($AO$4 = AD$5, ($AO$3 * IF($AO32>0, $AO32, $AO$2)), 0) + IF($AP$4 = AD$5, ($AP$3 * IF($AP32>0, $AP32, $AP$2)), 0) + IF($AQ$4 = AD$5, ($AQ$3 * IF($AQ32>0, $AQ32, $AQ$2)), 0) + IF($AR$4 = AD$5, ($AR$3 * IF($AR32>0, $AR32, $AR$2)), 0) + IF($AS$4 = AD$5, ($AS$3 * IF($AS32>0, $AS32, $AS$2)), 0) + IF($AT$4 = AD$5, ($AT$3 * IF($AT32>0, $AT32, $AT$2)), 0) + IF($AU$4 = AD$5, ($AU$3 * IF($AU32>0, $AU32, $AU$2)), 0) + IF($AV$4 = AD$5, ($AV$3 * IF($AV32>0, IF($AV32 > $AV$2, $AV$2, $AV32), $AV$2)), 0), -1) -> 433 | AE32: =IFERROR( IF($AF$4 = AE$5, ($AF$3 * IF($AF32>0, $AF32, $AF$2)), 0) + IF($AG$4 = AE$5, ($AG$3 * IF($AG32>0, $AG32, $AG$2)), 0) + IF($AH$4 = AE$5, ($AH$3 * IF($AH32>0, $AH32, $AH$2)), 0) + IF($AI$4 = AE$5, ($AI$3 * IF($AI32>0, $AI32, $AI$2)), 0) + IF($AJ$4 = AE$5, ($AJ$3 * IF($AJ32>0, $AJ32, $AJ$2)), 0) + IF($AK$4 = AE$5, ($AK$3 * IF($AK32>0, $AK32, $AK$2)), 0) + IF($AL$4 = AE$5, ($AL$3 * IF($AL32>0, $AL32, $AL$2)), 0) + IF($AM$4 = AE$5, ($AM$3 * IF($AM32>0, $AM32, $AM$2)), 0) + IF($AN$4 = AE$5, ($AN$3 * IF($AN32>0, $AN32, $AN$2)), 0) + IF($AO$4 = AE$5, ($AO$3 * IF($AO32>0, $AO32, $AO$2)), 0) + IF($AP$4 = AE$5, ($AP$3 * IF($AP32>0, $AP32, $AP$2)), 0) + IF($AQ$4 = AE$5, ($AQ$3 * IF($AQ32>0, $AQ32, $AQ$2)), 0) + IF($AR$4 = AE$5, ($AR$3 * IF($AR32>0, $AR32, $AR$2)), 0) + IF($AS$4 = AE$5, ($AS$3 * IF($AS32>0, $AS32, $AS$2)), 0) + IF($AT$4 = AE$5, ($AT$3 * IF($AT32>0, $AT32, $AT$2)), 0) + IF($AU$4 = AE$5, ($AU$3 * IF($AU32>0, $AU32, $AU$2)), 0) + IF($AV$4 = AE$5, ($AV$3 * IF($AV32>0, IF($AV32 > $AV$2, $AV$2, $AV32), $AV$2)), 0), -1) -> 242 | AF32: 21 | AG32: 6 | AH32: 19 | AJ32: 22 | AK32: 31 | AL32: 9 | AN32: 32 | AO32: 4 | AP32: 47 | AQ32: 5 | AS32: 33 | AT32: 5 | AU32: 40 | AW32: =IFERROR(INDEX(measureables!$A:$J,MATCH($A32,measureables!$A:$A,FALSE),7), "") -> 6' 3.25'' | AX32: =IFERROR(INDEX(measureables!$A:$J,MATCH($A32,measureables!$A:$A,FALSE),9), "") -> 179.2 | AY32: =IFERROR(INDEX(measureables!$A:$J,MATCH($A32,measureables!$A:$A,FALSE),10), "") -> 6' 9.75'' | AZ32: =IFERROR(INDEX(measureables!$A:$J,MATCH($A32,measureables!$A:$A,FALSE),8), "") -> 8' 4.50'' | BA32: =IF(R32="",A32, IF(S32=S31,"",IF(S32=1," <!-- rankings --> "," </ol> " ) & "<h2> Tier " &S32 &" (~" &IF(MOD(ROUND(Q32,0),5)=0,ROUND(Q32,0),FLOOR(ROUND(Q32,0),5)&"+") &" FV)</h2> <ol start='" &R32 &" '> " ) & " <li><b><a target='_blank' href='" &X32 &"'>" &A32 &"</a></b> - <i> <a target='_blank' href='" &W32 &"'>" &B32 &" </a></b> - <a target='_blank'href='" &V32 &"'>" &C32 &"</a></b> </i></li> <ul style='list-style-type:none'>" &IF(D32<>""," <li>Grade: "&D32&" </li>","") &IF(E32<>""," <li>Age: "&ROUND(E32,1)&" </li>","") &IF(F32<>""," <li>Height: "&F32&" in </li>","") &IF(G32<>""," <li>Weight: "&G32&" lbs </li>","") &IF(H32<>""," <li>Wingspan: "&H32&" in </li>","") &IF(I32<>""," <li>Reach: "&I32&" in </li>","") &IF(J32<>""," <li>Ape: "&J32&" </li>","") &IF(L32<>""," <li>++: "&L32&" </li>","") &IF(M32<>""," <li>+: "&M32&" </li>","") &IF(N32<>""," <li>-: "&N32&" </li>","") &IF(O32<>""," <li>--: "&O32&" </li>","") &IF(P32<>""," <li>Additional Notes: "&P32&" </li>","") &" </ul> <br>" &IF(AND(R32<>"",R33="")," </ol> <!-- # end of rankings --> ","") ) -> <li><b><a target='_blank' href='https://www.nba.com/draft/2022/prospects/ryan-rollins'>Ryan Rollins</a></b> - <i> <a target='_blank' href='https://www.nbadraft.net/players/ryan-rollins'>SG </a></b> - <a target='_blank'href='https://www.sports-reference.com/cbb/players/ryan-rollins-1.html'>Toledo</a></b> </i></li> <ul style='list-style-type:none'> <li>Grade: Sophomore </li> <li>Age: 20 </li> <li>Height: 75.25 in </li> <li>Weight: 179.2 lbs </li> <li>Wingspan: 81.75 in </li> <li>Reach: 100.5 in </li> <li>Ape: +6.5 </li> <li>++: production, length </li> <li>+: age </li> <li>-: shooting </li> </ul> <br>
A33: Kennedy Chandler | B33: PG | C33: Tennessee | D33: Freshman | E33: =YEARFRAC(Y33, $E$5, 1) -> 19.767927 | F33: =IFERROR(LEFT(AW33,FIND("'",AW33)-1)*12+SUBSTITUTE(MID(AW33,FIND("'",AW33)+1,LEN(AW33)),"''",""), "") -> 72.5 | G33: =AX33 -> 172.2 | H33: =IFERROR(LEFT(AY33,FIND("'",AY33)-1)*12+SUBSTITUTE(MID(AY33,FIND("'",AY33)+1,LEN(AY33)),"''",""), "") -> 77.25 | I33: =IFERROR(LEFT(AZ33,FIND("'",AZ33)-1)*12+SUBSTITUTE(MID(AZ33,FIND("'",AZ33)+1,LEN(AZ33)),"''",""), "") -> 97 | J33: =IFERROR(IF(AND(H33-F33>= 0, H33 > 0), "+", ""),"") & IFERROR(IF(AND(H33-F33>= -5, H33 > 0), H33-F33, ""),"") -> +4.75 | K33: =IF(F33>0, IFERROR((H33-60)/(F33-60),""), "") -> 1.38 | M33: playmaking, dribble penetration, forcing turnovers, vertical athleticism | N33: age, size, shooting | Q33: 47.1 | R33: =IF(Q33=-1, "", IF(Q33=0,"HM.",IF(Q33="","",RANK(Q33,Q$6:Q$980)))) -> 28 | S33: =IFERROR(IF(FLOOR(Q33,1)=FLOOR(Q32,1),S32, MAX(S$5:S32)+1),1) -> 4 | T33: =IFERROR(INDEX(actual!A:A,MATCH(A33,actual!B:B,FALSE)), "") -> 38 | U33: =IFERROR(INDEX(actual!C:C,MATCH(A33,actual!B:B,FALSE)), "") -> MEM | V33: =HYPERLINK(IF(D33="", "https://www.basketball-reference.com/international", "https://www.sports-reference.com/cbb") & "/players/" & LOWER(SUBSTITUTE(A33, " ", "-") & "-1.html")) -> https://www.sports-reference.com/cbb/players/kennedy-chandler-1.html | W33: =HYPERLINK("https://www.nbadraft.net/players/" & LOWER(SUBSTITUTE(A33, " ", "-") & "")) -> https://www.nbadraft.net/players/kennedy-chandler | X33: =HYPERLINK("https://www.nba.com/draft/2022/prospects/" & LOWER(SUBSTITUTE(A33, " ", "-") & "")) -> https://www.nba.com/draft/2022/prospects/kennedy-chandler | Y33: 37515 | Z33: =RANK(AC33,AC:AC,1) -> 14 | AA33: =RANK(AD33,AD:AD,1) -> 23 | AB33: =RANK(AE33,AE:AE,1) -> 10 | AC33: =AD33+AE33 -> 475 | AD33: =IFERROR( IF($AF$4 = AD$5, ($AF$3 * IF($AF33>0, $AF33, $AF$2)), 0) + IF($AG$4 = AD$5, ($AG$3 * IF($AG33>0, $AG33, $AG$2)), 0) + IF($AH$4 = AD$5, ($AH$3 * IF($AH33>0, $AH33, $AH$2)), 0) + IF($AI$4 = AD$5, ($AI$3 * IF($AI33>0, $AI33, $AI$2)), 0) + IF($AJ$4 = AD$5, ($AJ$3 * IF($AJ33>0, $AJ33, $AJ$2)), 0) + IF($AK$4 = AD$5, ($AK$3 * IF($AK33>0, $AK33, $AK$2)), 0) + IF($AL$4 = AD$5, ($AL$3 * IF($AL33>0, $AL33, $AL$2)), 0) + IF($AM$4 = AD$5, ($AM$3 * IF($AM33>0, $AM33, $AM$2)), 0) + IF($AN$4 = AD$5, ($AN$3 * IF($AN33>0, $AN33, $AN$2)), 0) + IF($AO$4 = AD$5, ($AO$3 * IF($AO33>0, $AO33, $AO$2)), 0) + IF($AP$4 = AD$5, ($AP$3 * IF($AP33>0, $AP33, $AP$2)), 0) + IF($AQ$4 = AD$5, ($AQ$3 * IF($AQ33>0, $AQ33, $AQ$2)), 0) + IF($AR$4 = AD$5, ($AR$3 * IF($AR33>0, $AR33, $AR$2)), 0) + IF($AS$4 = AD$5, ($AS$3 * IF($AS33>0, $AS33, $AS$2)), 0) + IF($AT$4 = AD$5, ($AT$3 * IF($AT33>0, $AT33, $AT$2)), 0) + IF($AU$4 = AD$5, ($AU$3 * IF($AU33>0, $AU33, $AU$2)), 0) + IF($AV$4 = AD$5, ($AV$3 * IF($AV33>0, IF($AV33 > $AV$2, $AV$2, $AV33), $AV$2)), 0), -1) -> 312 | AE33: =IFERROR( IF($AF$4 = AE$5, ($AF$3 * IF($AF33>0, $AF33, $AF$2)), 0) + IF($AG$4 = AE$5, ($AG$3 * IF($AG33>0, $AG33, $AG$2)), 0) + IF($AH$4 = AE$5, ($AH$3 * IF($AH33>0, $AH33, $AH$2)), 0) + IF($AI$4 = AE$5, ($AI$3 * IF($AI33>0, $AI33, $AI$2)), 0) + IF($AJ$4 = AE$5, ($AJ$3 * IF($AJ33>0, $AJ33, $AJ$2)), 0) + IF($AK$4 = AE$5, ($AK$3 * IF($AK33>0, $AK33, $AK$2)), 0) + IF($AL$4 = AE$5, ($AL$3 * IF($AL33>0, $AL33, $AL$2)), 0) + IF($AM$4 = AE$5, ($AM$3 * IF($AM33>0, $AM33, $AM$2)), 0) + IF($AN$4 = AE$5, ($AN$3 * IF($AN33>0, $AN33, $AN$2)), 0) + IF($AO$4 = AE$5, ($AO$3 * IF($AO33>0, $AO33, $AO$2)), 0) + IF($AP$4 = AE$5, ($AP$3 * IF($AP33>0, $AP33, $AP$2)), 0) + IF($AQ$4 = AE$5, ($AQ$3 * IF($AQ33>0, $AQ33, $AQ$2)), 0) + IF($AR$4 = AE$5, ($AR$3 * IF($AR33>0, $AR33, $AR$2)), 0) + IF($AS$4 = AE$5, ($AS$3 * IF($AS33>0, $AS33, $AS$2)), 0) + IF($AT$4 = AE$5, ($AT$3 * IF($AT33>0, $AT33, $AT$2)), 0) + IF($AU$4 = AE$5, ($AU$3 * IF($AU33>0, $AU33, $AU$2)), 0) + IF($AV$4 = AE$5, ($AV$3 * IF($AV33>0, IF($AV33 > $AV$2, $AV$2, $AV33), $AV$2)), 0), -1) -> 163 | AF33: 26 | AG33: 7 | AH33: 14 | AI33: 14 | AJ33: 9 | AK33: 12 | AN33: 23 | AO33: 3 | AP33: 26 | AQ33: 4 | AR33: 23 | AS33: 36 | AT33: 5 | AU33: 19 | AV33: 6 | AW33: =IFERROR(INDEX(measureables!$A:$J,MATCH($A33,measureables!$A:$A,FALSE),7), "") -> 6' 0.50'' | AX33: =IFERROR(INDEX(measureables!$A:$J,MATCH($A33,measureables!$A:$A,FALSE),9), "") -> 172.2 | AY33: =IFERROR(INDEX(measureables!$A:$J,MATCH($A33,measureables!$A:$A,FALSE),10), "") -> 6' 5.25'' | AZ33: =IFERROR(INDEX(measureables!$A:$J,MATCH($A33,measureables!$A:$A,FALSE),8), "") -> 8' 1.00'' | BA33: =IF(R33="",A33, IF(S33=S32,"",IF(S33=1," <!-- rankings --> "," </ol> " ) & "<h2> Tier " &S33 &" (~" &IF(MOD(ROUND(Q33,0),5)=0,ROUND(Q33,0),FLOOR(ROUND(Q33,0),5)&"+") &" FV)</h2> <ol start='" &R33 &" '> " ) & " <li><b><a target='_blank' href='" &X33 &"'>" &A33 &"</a></b> - <i> <a target='_blank' href='" &W33 &"'>" &B33 &" </a></b> - <a target='_blank'href='" &V33 &"'>" &C33 &"</a></b> </i></li> <ul style='list-style-type:none'>" &IF(D33<>""," <li>Grade: "&D33&" </li>","") &IF(E33<>""," <li>Age: "&ROUND(E33,1)&" </li>","") &IF(F33<>""," <li>Height: "&F33&" in </li>","") &IF(G33<>""," <li>Weight: "&G33&" lbs </li>","") &IF(H33<>""," <li>Wingspan: "&H33&" in </li>","") &IF(I33<>""," <li>Reach: "&I33&" in </li>","") &IF(J33<>""," <li>Ape: "&J33&" </li>","") &IF(L33<>""," <li>++: "&L33&" </li>","") &IF(M33<>""," <li>+: "&M33&" </li>","") &IF(N33<>""," <li>-: "&N33&" </li>","") &IF(O33<>""," <li>--: "&O33&" </li>","") &IF(P33<>""," <li>Additional Notes: "&P33&" </li>","") &" </ul> <br>" &IF(AND(R33<>"",R34="")," </ol> <!-- # end of rankings --> ","") ) -> <li><b><a target='_blank' href='https://www.nba.com/draft/2022/prospects/kennedy-chandler'>Kennedy Chandler</a></b> - <i> <a target='_blank' href='https://www.nbadraft.net/players/kennedy-chandler'>PG </a></b> - <a target='_blank'href='https://www.sports-reference.com/cbb/players/kennedy-chandler-1.html'>Tennessee</a></b> </i></li> <ul style='list-style-type:none'> <li>Grade: Freshman </li> <li>Age: 19.8 </li> <li>Height: 72.5 in </li> <li>Weight: 172.2 lbs </li> <li>Wingspan: 77.25 in </li> <li>Reach: 97 in </li> <li>Ape: +4.75 </li> <li>+: playmaking, dribble penetration, forcing turnovers, vertical athleticism </li> <li>-: age, size, shooting </li> </ul> <br>
A34: Malaki Branham | B34: SG | C34: Ohio State | D34: Freshman | E34: =YEARFRAC(Y34, $E$5, 1) -> 19.115674 | F34: =IFERROR(LEFT(AW34,FIND("'",AW34)-1)*12+SUBSTITUTE(MID(AW34,FIND("'",AW34)+1,LEN(AW34)),"''",""), "") -> 77.5 | G34: =AX34 -> 194.8 | H34: =IFERROR(LEFT(AY34,FIND("'",AY34)-1)*12+SUBSTITUTE(MID(AY34,FIND("'",AY34)+1,LEN(AY34)),"''",""), "") -> 82 | I34: =IFERROR(LEFT(AZ34,FIND("'",AZ34)-1)*12+SUBSTITUTE(MID(AZ34,FIND("'",AZ34)+1,LEN(AZ34)),"''",""), "") -> 102.5 | J34: =IFERROR(IF(AND(H34-F34>= 0, H34 > 0), "+", ""),"") & IFERROR(IF(AND(H34-F34>= -5, H34 > 0), H34-F34, ""),"") -> +4.5 | K34: =IF(F34>0, IFERROR((H34-60)/(F34-60),""), "") -> 1.2571429 | L34: scoring | M34: age, size | N34: defense | Q34: 47.09 | R34: =IF(Q34=-1, "", IF(Q34=0,"HM.",IF(Q34="","",RANK(Q34,Q$6:Q$980)))) -> 29 | S34: =IFERROR(IF(FLOOR(Q34,1)=FLOOR(Q33,1),S33, MAX(S$5:S33)+1),1) -> 4 | T34: =IFERROR(INDEX(actual!A:A,MATCH(A34,actual!B:B,FALSE)), "") -> 20 | U34: =IFERROR(INDEX(actual!C:C,MATCH(A34,actual!B:B,FALSE)), "") -> SAS | V34: =HYPERLINK(IF(D34="", "https://www.basketball-reference.com/international", "https://www.sports-reference.com/cbb") & "/players/" & LOWER(SUBSTITUTE(A34, " ", "-") & "-1.html")) -> https://www.sports-reference.com/cbb/players/malaki-branham-1.html | W34: =HYPERLINK("https://www.nbadraft.net/players/" & LOWER(SUBSTITUTE(A34, " ", "-") & "")) -> https://www.nbadraft.net/players/malaki-branham | X34: =HYPERLINK("https://www.nba.com/draft/2022/prospects/" & LOWER(SUBSTITUTE(A34, " ", "-") & "")) -> https://www.nba.com/draft/2022/prospects/malaki-branham | Y34: 37753 | Z34: =RANK(AC34,AC:AC,1) -> 17 | AA34: =RANK(AD34,AD:AD,1) -> 15 | AB34: =RANK(AE34,AE:AE,1) -> 17 | AC34: =AD34+AE34 -> 491 | AD34: =IFERROR( IF($AF$4 = AD$5, ($AF$3 * IF($AF34>0, $AF34, $AF$2)), 0) + IF($AG$4 = AD$5, ($AG$3 * IF($AG34>0, $AG34, $AG$2)), 0) + IF($AH$4 = AD$5, ($AH$3 * IF($AH34>0, $AH34, $AH$2)), 0) + IF($AI$4 = AD$5, ($AI$3 * IF($AI34>0, $AI34, $AI$2)), 0) + IF($AJ$4 = AD$5, ($AJ$3 * IF($AJ34>0, $AJ34, $AJ$2)), 0) + IF($AK$4 = AD$5, ($AK$3 * IF($AK34>0, $AK34, $AK$2)), 0) + IF($AL$4 = AD$5, ($AL$3 * IF($AL34>0, $AL34, $AL$2)), 0) + IF($AM$4 = AD$5, ($AM$3 * IF($AM34>0, $AM34, $AM$2)), 0) + IF($AN$4 = AD$5, ($AN$3 * IF($AN34>0, $AN34, $AN$2)), 0) + IF($AO$4 = AD$5, ($AO$3 * IF($AO34>0, $AO34, $AO$2)), 0) + IF($AP$4 = AD$5, ($AP$3 * IF($AP34>0, $AP34, $AP$2)), 0) + IF($AQ$4 = AD$5, ($AQ$3 * IF($AQ34>0, $AQ34, $AQ$2)), 0) + IF($AR$4 = AD$5, ($AR$3 * IF($AR34>0, $AR34, $AR$2)), 0) + IF($AS$4 = AD$5, ($AS$3 * IF($AS34>0, $AS34, $AS$2)), 0) + IF($AT$4 = AD$5, ($AT$3 * IF($AT34>0, $AT34, $AT$2)), 0) + IF($AU$4 = AD$5, ($AU$3 * IF($AU34>0, $AU34, $AU$2)), 0) + IF($AV$4 = AD$5, ($AV$3 * IF($AV34>0, IF($AV34 > $AV$2, $AV$2, $AV34), $AV$2)), 0), -1) -> 259 | AE34: =IFERROR( IF($AF$4 = AE$5, ($AF$3 * IF($AF34>0, $AF34, $AF$2)), 0) + IF($AG$4 = AE$5, ($AG$3 * IF($AG34>0, $AG34, $AG$2)), 0) + IF($AH$4 = AE$5, ($AH$3 * IF($AH34>0, $AH34, $AH$2)), 0) + IF($AI$4 = AE$5, ($AI$3 * IF($AI34>0, $AI34, $AI$2)), 0) + IF($AJ$4 = AE$5, ($AJ$3 * IF($AJ34>0, $AJ34, $AJ$2)), 0) + IF($AK$4 = AE$5, ($AK$3 * IF($AK34>0, $AK34, $AK$2)), 0) + IF($AL$4 = AE$5, ($AL$3 * IF($AL34>0, $AL34, $AL$2)), 0) + IF($AM$4 = AE$5, ($AM$3 * IF($AM34>0, $AM34, $AM$2)), 0) + IF($AN$4 = AE$5, ($AN$3 * IF($AN34>0, $AN34, $AN$2)), 0) + IF($AO$4 = AE$5, ($AO$3 * IF($AO34>0, $AO34, $AO$2)), 0) + IF($AP$4 = AE$5, ($AP$3 * IF($AP34>0, $AP34, $AP$2)), 0) + IF($AQ$4 = AE$5, ($AQ$3 * IF($AQ34>0, $AQ34, $AQ$2)), 0) + IF($AR$4 = AE$5, ($AR$3 * IF($AR34>0, $AR34, $AR$2)), 0) + IF($AS$4 = AE$5, ($AS$3 * IF($AS34>0, $AS34, $AS$2)), 0) + IF($AT$4 = AE$5, ($AT$3 * IF($AT34>0, $AT34, $AT$2)), 0) + IF($AU$4 = AE$5, ($AU$3 * IF($AU34>0, $AU34, $AU$2)), 0) + IF($AV$4 = AE$5, ($AV$3 * IF($AV34>0, IF($AV34 > $AV$2, $AV$2, $AV34), $AV$2)), 0), -1) -> 232 | AF34: 25 | AG34: 7 | AH34: 29 | AI34: 17 | AJ34: 18 | AK34: 16 | AL34: 12 | AN34: 22 | AO34: 3 | AP34: 14 | AQ34: 3 | AR34: 14 | AS34: 21 | AT34: 4 | AU34: 13 | AV34: 32 | AW34: =IFERROR(INDEX(measureables!$A:$J,MATCH($A34,measureables!$A:$A,FALSE),7), "") -> 6' 5.50'' | AX34: =IFERROR(INDEX(measureables!$A:$J,MATCH($A34,measureables!$A:$A,FALSE),9), "") -> 194.8 | AY34: =IFERROR(INDEX(measureables!$A:$J,MATCH($A34,measureables!$A:$A,FALSE),10), "") -> 6' 10.00'' | AZ34: =IFERROR(INDEX(measureables!$A:$J,MATCH($A34,measureables!$A:$A,FALSE),8), "") -> 8' 6.50'' | BA34: =IF(R34="",A34, IF(S34=S33,"",IF(S34=1," <!-- rankings --> "," </ol> " ) & "<h2> Tier " &S34 &" (~" &IF(MOD(ROUND(Q34,0),5)=0,ROUND(Q34,0),FLOOR(ROUND(Q34,0),5)&"+") &" FV)</h2> <ol start='" &R34 &" '> " ) & " <li><b><a target='_blank' href='" &X34 &"'>" &A34 &"</a></b> - <i> <a target='_blank' href='" &W34 &"'>" &B34 &" </a></b> - <a target='_blank'href='" &V34 &"'>" &C34 &"</a></b> </i></li> <ul style='list-style-type:none'>" &IF(D34<>""," <li>Grade: "&D34&" </li>","") &IF(E34<>""," <li>Age: "&ROUND(E34,1)&" </li>","") &IF(F34<>""," <li>Height: "&F34&" in </li>","") &IF(G34<>""," <li>Weight: "&G34&" lbs </li>","") &IF(H34<>""," <li>Wingspan: "&H34&" in </li>","") &IF(I34<>""," <li>Reach: "&I34&" in </li>","") &IF(J34<>""," <li>Ape: "&J34&" </li>","") &IF(L34<>""," <li>++: "&L34&" </li>","") &IF(M34<>""," <li>+: "&M34&" </li>","") &IF(N34<>""," <li>-: "&N34&" </li>","") &IF(O34<>""," <li>--: "&O34&" </li>","") &IF(P34<>""," <li>Additional Notes: "&P34&" </li>","") &" </ul> <br>" &IF(AND(R34<>"",R35="")," </ol> <!-- # end of rankings --> ","") ) -> <li><b><a target='_blank' href='https://www.nba.com/draft/2022/prospects/malaki-branham'>Malaki Branham</a></b> - <i> <a target='_blank' href='https://www.nbadraft.net/players/malaki-branham'>SG </a></b> - <a target='_blank'href='https://www.sports-reference.com/cbb/players/malaki-branham-1.html'>Ohio State</a></b> </i></li> <ul style='list-style-type:none'> <li>Grade: Freshman </li> <li>Age: 19.1 </li> <li>Height: 77.5 in </li> <li>Weight: 194.8 lbs </li> <li>Wingspan: 82 in </li> <li>Reach: 102.5 in </li> <li>Ape: +4.5 </li> <li>++: scoring </li> <li>+: age, size </li> <li>-: defense </li> </ul> <br>
A35: Christian Braun | B35: SG | C35: Kansas | D35: Junior | E35: =YEARFRAC(Y35, $E$5, 1) -> 21.18407 | F35: =IFERROR(LEFT(AW35,FIND("'",AW35)-1)*12+SUBSTITUTE(MID(AW35,FIND("'",AW35)+1,LEN(AW35)),"''",""), "") -> 79 | G35: =AX35 -> 209.2 | H35: =IFERROR(LEFT(AY35,FIND("'",AY35)-1)*12+SUBSTITUTE(MID(AY35,FIND("'",AY35)+1,LEN(AY35)),"''",""), "") -> 78.5 | I35: =IFERROR(LEFT(AZ35,FIND("'",AZ35)-1)*12+SUBSTITUTE(MID(AZ35,FIND("'",AZ35)+1,LEN(AZ35)),"''",""), "") -> 99.5 | J35: =IFERROR(IF(AND(H35-F35>= 0, H35 > 0), "+", ""),"") & IFERROR(IF(AND(H35-F35>= -5, H35 > 0), H35-F35, ""),"") -> -0.5 | K35: =IF(F35>0, IFERROR((H35-60)/(F35-60),""), "") -> 0.97368421 | M35: athleticism | N35: wingspan | Q35: 47.08 | R35: =IF(Q35=-1, "", IF(Q35=0,"HM.",IF(Q35="","",RANK(Q35,Q$6:Q$980)))) -> 30 | S35: =IFERROR(IF(FLOOR(Q35,1)=FLOOR(Q34,1),S34, MAX(S$5:S34)+1),1) -> 4 | T35: =IFERROR(INDEX(actual!A:A,MATCH(A35,actual!B:B,FALSE)), "") -> 21 | U35: =IFERROR(INDEX(actual!C:C,MATCH(A35,actual!B:B,FALSE)), "") -> DEN | V35: =HYPERLINK(IF(D35="", "https://www.basketball-reference.com/international", "https://www.sports-reference.com/cbb") & "/players/" & LOWER(SUBSTITUTE(A35, " ", "-") & "-1.html")) -> https://www.sports-reference.com/cbb/players/christian-braun-1.html | W35: =HYPERLINK("https://www.nbadraft.net/players/" & LOWER(SUBSTITUTE(A35, " ", "-") & "")) -> https://www.nbadraft.net/players/christian-braun | X35: =HYPERLINK("https://www.nba.com/draft/2022/prospects/" & LOWER(SUBSTITUTE(A35, " ", "-") & "")) -> https://www.nba.com/draft/2022/prospects/christian-braun | Y35: 36998 | Z35: =RANK(AC35,AC:AC,1) -> 24 | AA35: =RANK(AD35,AD:AD,1) -> 28 | AB35: =RANK(AE35,AE:AE,1) -> 27 | AC35: =AD35+AE35 -> 690 | AD35: =IFERROR( IF($AF$4 = AD$5, ($AF$3 * IF($AF35>0, $AF35, $AF$2)), 0) + IF($AG$4 = AD$5, ($AG$3 * IF($AG35>0, $AG35, $AG$2)), 0) + IF($AH$4 = AD$5, ($AH$3 * IF($AH35>0, $AH35, $AH$2)), 0) + IF($AI$4 = AD$5, ($AI$3 * IF($AI35>0, $AI35, $AI$2)), 0) + IF($AJ$4 = AD$5, ($AJ$3 * IF($AJ35>0, $AJ35, $AJ$2)), 0) + IF($AK$4 = AD$5, ($AK$3 * IF($AK35>0, $AK35, $AK$2)), 0) + IF($AL$4 = AD$5, ($AL$3 * IF($AL35>0, $AL35, $AL$2)), 0) + IF($AM$4 = AD$5, ($AM$3 * IF($AM35>0, $AM35, $AM$2)), 0) + IF($AN$4 = AD$5, ($AN$3 * IF($AN35>0, $AN35, $AN$2)), 0) + IF($AO$4 = AD$5, ($AO$3 * IF($AO35>0, $AO35, $AO$2)), 0) + IF($AP$4 = AD$5, ($AP$3 * IF($AP35>0, $AP35, $AP$2)), 0) + IF($AQ$4 = AD$5, ($AQ$3 * IF($AQ35>0, $AQ35, $AQ$2)), 0) + IF($AR$4 = AD$5, ($AR$3 * IF($AR35>0, $AR35, $AR$2)), 0) + IF($AS$4 = AD$5, ($AS$3 * IF($AS35>0, $AS35, $AS$2)), 0) + IF($AT$4 = AD$5, ($AT$3 * IF($AT35>0, $AT35, $AT$2)), 0) + IF($AU$4 = AD$5, ($AU$3 * IF($AU35>0, $AU35, $AU$2)), 0) + IF($AV$4 = AD$5, ($AV$3 * IF($AV35>0, IF($AV35 > $AV$2, $AV$2, $AV35), $AV$2)), 0), -1) -> 353 | AE35: =IFERROR( IF($AF$4 = AE$5, ($AF$3 * IF($AF35>0, $AF35, $AF$2)), 0) + IF($AG$4 = AE$5, ($AG$3 * IF($AG35>0, $AG35, $AG$2)), 0) + IF($AH$4 = AE$5, ($AH$3 * IF($AH35>0, $AH35, $AH$2)), 0) + IF($AI$4 = AE$5, ($AI$3 * IF($AI35>0, $AI35, $AI$2)), 0) + IF($AJ$4 = AE$5, ($AJ$3 * IF($AJ35>0, $AJ35, $AJ$2)), 0) + IF($AK$4 = AE$5, ($AK$3 * IF($AK35>0, $AK35, $AK$2)), 0) + IF($AL$4 = AE$5, ($AL$3 * IF($AL35>0, $AL35, $AL$2)), 0) + IF($AM$4 = AE$5, ($AM$3 * IF($AM35>0, $AM35, $AM$2)), 0) + IF($AN$4 = AE$5, ($AN$3 * IF($AN35>0, $AN35, $AN$2)), 0) + IF($AO$4 = AE$5, ($AO$3 * IF($AO35>0, $AO35, $AO$2)), 0) + IF($AP$4 = AE$5, ($AP$3 * IF($AP35>0, $AP35, $AP$2)), 0) + IF($AQ$4 = AE$5, ($AQ$3 * IF($AQ35>0, $AQ35, $AQ$2)), 0) + IF($AR$4 = AE$5, ($AR$3 * IF($AR35>0, $AR35, $AR$2)), 0) + IF($AS$4 = AE$5, ($AS$3 * IF($AS35>0, $AS35, $AS$2)), 0) + IF($AT$4 = AE$5, ($AT$3 * IF($AT35>0, $AT35, $AT$2)), 0) + IF($AU$4 = AE$5, ($AU$3 * IF($AU35>0, $AU35, $AU$2)), 0) + IF($AV$4 = AE$5, ($AV$3 * IF($AV35>0, IF($AV35 > $AV$2, $AV$2, $AV35), $AV$2)), 0), -1) -> 337 | AF35: 31 | AG35: 8 | AI35: 16 | AJ35: 10 | AK35: 35 | AN35: 25 | AO35: 3 | AP35: 21 | AQ35: 4 | AR35: 32 | AS35: 23 | AT35: 5 | AU35: 29 | AW35: =IFERROR(INDEX(measureables!$A:$J,MATCH($A35,measureables!$A:$A,FALSE),7), "") -> 6' 7.00'' | AX35: =IFERROR(INDEX(measureables!$A:$J,MATCH($A35,measureables!$A:$A,FALSE),9), "") -> 209.2 | AY35: =IFERROR(INDEX(measureables!$A:$J,MATCH($A35,measureables!$A:$A,FALSE),10), "") -> 6' 6.50'' | AZ35: =IFERROR(INDEX(measureables!$A:$J,MATCH($A35,measureables!$A:$A,FALSE),8), "") -> 8' 3.50'' | BA35: =IF(R35="",A35, IF(S35=S34,"",IF(S35=1," <!-- rankings --> "," </ol> " ) & "<h2> Tier " &S35 &" (~" &IF(MOD(ROUND(Q35,0),5)=0,ROUND(Q35,0),FLOOR(ROUND(Q35,0),5)&"+") &" FV)</h2> <ol start='" &R35 &" '> " ) & " <li><b><a target='_blank' href='" &X35 &"'>" &A35 &"</a></b> - <i> <a target='_blank' href='" &W35 &"'>" &B35 &" </a></b> - <a target='_blank'href='" &V35 &"'>" &C35 &"</a></b> </i></li> <ul style='list-style-type:none'>" &IF(D35<>""," <li>Grade: "&D35&" </li>","") &IF(E35<>""," <li>Age: "&ROUND(E35,1)&" </li>","") &IF(F35<>""," <li>Height: "&F35&" in </li>","") &IF(G35<>""," <li>Weight: "&G35&" lbs </li>","") &IF(H35<>""," <li>Wingspan: "&H35&" in </li>","") &IF(I35<>""," <li>Reach: "&I35&" in </li>","") &IF(J35<>""," <li>Ape: "&J35&" </li>","") &IF(L35<>""," <li>++: "&L35&" </li>","") &IF(M35<>""," <li>+: "&M35&" </li>","") &IF(N35<>""," <li>-: "&N35&" </li>","") &IF(O35<>""," <li>--: "&O35&" </li>","") &IF(P35<>""," <li>Additional Notes: "&P35&" </li>","") &" </ul> <br>" &IF(AND(R35<>"",R36="")," </ol> <!-- # end of rankings --> ","") ) -> <li><b><a target='_blank' href='https://www.nba.com/draft/2022/prospects/christian-braun'>Christian Braun</a></b> - <i> <a target='_blank' href='https://www.nbadraft.net/players/christian-braun'>SG </a></b> - <a target='_blank'href='https://www.sports-reference.com/cbb/players/christian-braun-1.html'>Kansas</a></b> </i></li> <ul style='list-style-type:none'> <li>Grade: Junior </li> <li>Age: 21.2 </li> <li>Height: 79 in </li> <li>Weight: 209.2 lbs </li> <li>Wingspan: 78.5 in </li> <li>Reach: 99.5 in </li> <li>Ape: -0.5 </li> <li>+: athleticism </li> <li>-: wingspan </li> </ul> <br>
A36: Nikola Jovic | B36: SF | C36: Mega Mozzart | E36: =YEARFRAC(Y36, $E$5, 1) -> 19.039014 | F36: =IFERROR(LEFT(AW36,FIND("'",AW36)-1)*12+SUBSTITUTE(MID(AW36,FIND("'",AW36)+1,LEN(AW36)),"''",""), "") -> 83 | G36: =AX36 -> 222.6 | H36: =IFERROR(LEFT(AY36,FIND("'",AY36)-1)*12+SUBSTITUTE(MID(AY36,FIND("'",AY36)+1,LEN(AY36)),"''",""), "") -> 84.25 | I36: =IFERROR(LEFT(AZ36,FIND("'",AZ36)-1)*12+SUBSTITUTE(MID(AZ36,FIND("'",AZ36)+1,LEN(AZ36)),"''",""), "") -> 108.5 | J36: =IFERROR(IF(AND(H36-F36>= 0, H36 > 0), "+", ""),"") & IFERROR(IF(AND(H36-F36>= -5, H36 > 0), H36-F36, ""),"") -> +1.25 | K36: =IF(F36>0, IFERROR((H36-60)/(F36-60),""), "") -> 1.0543478 | M36: age, ball handling, size, shooting/passing potential | N36: rawness, athleticism | Q36: 45.9 | R36: =IF(Q36=-1, "", IF(Q36=0,"HM.",IF(Q36="","",RANK(Q36,Q$6:Q$980)))) -> 31 | S36: =IFERROR(IF(FLOOR(Q36,1)=FLOOR(Q35,1),S35, MAX(S$5:S35)+1),1) -> 5 | T36: =IFERROR(INDEX(actual!A:A,MATCH(A36,actual!B:B,FALSE)), "") -> 27 | U36: =IFERROR(INDEX(actual!C:C,MATCH(A36,actual!B:B,FALSE)), "") -> MIA | V36: =HYPERLINK(IF(D36="", "https://www.basketball-reference.com/international", "https://www.sports-reference.com/cbb") & "/players/" & LOWER(SUBSTITUTE(A36, " ", "-") & "-1.html")) -> https://www.basketball-reference.com/international/players/nikola-jovic-1.html | W36: =HYPERLINK("https://www.nbadraft.net/players/" & LOWER(SUBSTITUTE(A36, " ", "-") & "")) -> https://www.nbadraft.net/players/nikola-jovic | X36: =HYPERLINK("https://www.nba.com/draft/2022/prospects/" & LOWER(SUBSTITUTE(A36, " ", "-") & "")) -> https://www.nba.com/draft/2022/prospects/nikola-jovic | Y36: 37781 | Z36: =RANK(AC36,AC:AC,1) -> 31 | AA36: =RANK(AD36,AD:AD,1) -> 29 | AB36: =RANK(AE36,AE:AE,1) -> 37 | AC36: =AD36+AE36 -> 778 | AD36: =IFERROR( IF($AF$4 = AD$5, ($AF$3 * IF($AF36>0, $AF36, $AF$2)), 0) + IF($AG$4 = AD$5, ($AG$3 * IF($AG36>0, $AG36, $AG$2)), 0) + IF($AH$4 = AD$5, ($AH$3 * IF($AH36>0, $AH36, $AH$2)), 0) + IF($AI$4 = AD$5, ($AI$3 * IF($AI36>0, $AI36, $AI$2)), 0) + IF($AJ$4 = AD$5, ($AJ$3 * IF($AJ36>0, $AJ36, $AJ$2)), 0) + IF($AK$4 = AD$5, ($AK$3 * IF($AK36>0, $AK36, $AK$2)), 0) + IF($AL$4 = AD$5, ($AL$3 * IF($AL36>0, $AL36, $AL$2)), 0) + IF($AM$4 = AD$5, ($AM$3 * IF($AM36>0, $AM36, $AM$2)), 0) + IF($AN$4 = AD$5, ($AN$3 * IF($AN36>0, $AN36, $AN$2)), 0) + IF($AO$4 = AD$5, ($AO$3 * IF($AO36>0, $AO36, $AO$2)), 0) + IF($AP$4 = AD$5, ($AP$3 * IF($AP36>0, $AP36, $AP$2)), 0) + IF($AQ$4 = AD$5, ($AQ$3 * IF($AQ36>0, $AQ36, $AQ$2)), 0) + IF($AR$4 = AD$5, ($AR$3 * IF($AR36>0, $AR36, $AR$2)), 0) + IF($AS$4 = AD$5, ($AS$3 * IF($AS36>0, $AS36, $AS$2)), 0) + IF($AT$4 = AD$5, ($AT$3 * IF($AT36>0, $AT36, $AT$2)), 0) + IF($AU$4 = AD$5, ($AU$3 * IF($AU36>0, $AU36, $AU$2)), 0) + IF($AV$4 = AD$5, ($AV$3 * IF($AV36>0, IF($AV36 > $AV$2, $AV$2, $AV36), $AV$2)), 0), -1) -> 392 | AE36: =IFERROR( IF($AF$4 = AE$5, ($AF$3 * IF($AF36>0, $AF36, $AF$2)), 0) + IF($AG$4 = AE$5, ($AG$3 * IF($AG36>0, $AG36, $AG$2)), 0) + IF($AH$4 = AE$5, ($AH$3 * IF($AH36>0, $AH36, $AH$2)), 0) + IF($AI$4 = AE$5, ($AI$3 * IF($AI36>0, $AI36, $AI$2)), 0) + IF($AJ$4 = AE$5, ($AJ$3 * IF($AJ36>0, $AJ36, $AJ$2)), 0) + IF($AK$4 = AE$5, ($AK$3 * IF($AK36>0, $AK36, $AK$2)), 0) + IF($AL$4 = AE$5, ($AL$3 * IF($AL36>0, $AL36, $AL$2)), 0) + IF($AM$4 = AE$5, ($AM$3 * IF($AM36>0, $AM36, $AM$2)), 0) + IF($AN$4 = AE$5, ($AN$3 * IF($AN36>0, $AN36, $AN$2)), 0) + IF($AO$4 = AE$5, ($AO$3 * IF($AO36>0, $AO36, $AO$2)), 0) + IF($AP$4 = AE$5, ($AP$3 * IF($AP36>0, $AP36, $AP$2)), 0) + IF($AQ$4 = AE$5, ($AQ$3 * IF($AQ36>0, $AQ36, $AQ$2)), 0) + IF($AR$4 = AE$5, ($AR$3 * IF($AR36>0, $AR36, $AR$2)), 0) + IF($AS$4 = AE$5, ($AS$3 * IF($AS36>0, $AS36, $AS$2)), 0) + IF($AT$4 = AE$5, ($AT$3 * IF($AT36>0, $AT36, $AT$2)), 0) + IF($AU$4 = AE$5, ($AU$3 * IF($AU36>0, $AU36, $AU$2)), 0) + IF($AV$4 = AE$5, ($AV$3 * IF($AV36>0, IF($AV36 > $AV$2, $AV$2, $AV36), $AV$2)), 0), -1) -> 386 | AF36: 35 | AG36: 9 | AH36: 32 | AJ36: 42 | AK36: 32 | AN36: 40 | AO36: 4 | AP36: 23 | AQ36: 4 | AR36: 24 | AS36: 34 | AT36: 5 | AU36: 24 | AW36: =IFERROR(INDEX(measureables!$A:$J,MATCH($A36,measureables!$A:$A,FALSE),7), "") -> 6' 11.00'' | AX36: =IFERROR(INDEX(measureables!$A:$J,MATCH($A36,measureables!$A:$A,FALSE),9), "") -> 222.6 | AY36: =IFERROR(INDEX(measureables!$A:$J,MATCH($A36,measureables!$A:$A,FALSE),10), "") -> 7' 0.25'' | AZ36: =IFERROR(INDEX(measureables!$A:$J,MATCH($A36,measureables!$A:$A,FALSE),8), "") -> 9' 0.50'' | BA36: =IF(R36="",A36, IF(S36=S35,"",IF(S36=1," <!-- rankings --> "," </ol> " ) & "<h2> Tier " &S36 &" (~" &IF(MOD(ROUND(Q36,0),5)=0,ROUND(Q36,0),FLOOR(ROUND(Q36,0),5)&"+") &" FV)</h2> <ol start='" &R36 &" '> " ) & " <li><b><a target='_blank' href='" &X36 &"'>" &A36 &"</a></b> - <i> <a target='_blank' href='" &W36 &"'>" &B36 &" </a></b> - <a target='_blank'href='" &V36 &"'>" &C36 &"</a></b> </i></li> <ul style='list-style-type:none'>" &IF(D36<>""," <li>Grade: "&D36&" </li>","") &IF(E36<>""," <li>Age: "&ROUND(E36,1)&" </li>","") &IF(F36<>""," <li>Height: "&F36&" in </li>","") &IF(G36<>""," <li>Weight: "&G36&" lbs </li>","") &IF(H36<>""," <li>Wingspan: "&H36&" in </li>","") &IF(I36<>""," <li>Reach: "&I36&" in </li>","") &IF(J36<>""," <li>Ape: "&J36&" </li>","") &IF(L36<>""," <li>++: "&L36&" </li>","") &IF(M36<>""," <li>+: "&M36&" </li>","") &IF(N36<>""," <li>-: "&N36&" </li>","") &IF(O36<>""," <li>--: "&O36&" </li>","") &IF(P36<>""," <li>Additional Notes: "&P36&" </li>","") &" </ul> <br>" &IF(AND(R36<>"",R37="")," </ol> <!-- # end of rankings --> ","") ) -> </ol> <h2> Tier 5 (~45+ FV)</h2> <ol start='31 '> <li><b><a target='_blank' href='https://www.nba.com/draft/2022/prospects/nikola-jovic'>Nikola Jovic</a></b> - <i> <a target='_blank' href='https://www.nbadraft.net/players/nikola-jovic'>SF </a></b> - <a target='_blank'href='https://www.basketball-reference.com/international/players/nikola-jovic-1.html'>Mega Mozzart</a></b> </i></li> <ul style='list-style-type:none'> <li>Age: 19 </li> <li>Height: 83 in </li> <li>Weight: 222.6 lbs </li> <li>Wingspan: 84.25 in </li> <li>Reach: 108.5 in </li> <li>Ape: +1.25 </li> <li>+: age, ball handling, size, shooting/passing potential </li> <li>-: rawness, athleticism </li> </ul> <br>
